PhysicalActivityDays,BMIPercentile,Sex,Grade
1.0,66.5318241,Male,10th grade
0.0,98.17431868,Female,9th grade
0.0,33.07553097,Female,11th grade
6.0,45.68833421,Female,11th grade
5.0,62.39033084,Female,11th grade
0.0,13.9696424,Female,11th grade
0.0,80.35879541,Female,11th grade
1.0,80.08049978,Female,11th grade
3.0,35.25725233,Female,11th grade
5.0,80.35879541,Female,11th grade
0.0,76.77275392,Female,11th grade
7.0,41.90226796,Male,9th grade
7.0,49.68153626,Male,9th grade
7.0,50.94662272,Male,9th grade
4.0,69.5988229,Male,9th grade
3.0,98.54569735,Male,9th grade
2.0,99.62699856,Male,9th grade
0.0,95.67686938,Male,9th grade
5.0,66.97871065,Male,9th grade
7.0,77.24197648,Female,10th grade
1.0,96.7831408,Female,10th grade
4.0,42.1484795,Female,10th grade
1.0,94.07864967,Female,10th grade
0.0,92.75239448,Female,10th grade
0.0,94.79064882,Female,10th grade
3.0,41.70582009,Female,10th grade
0.0,96.62103194,Female,10th grade
7.0,86.84669781,Female,10th grade
1.0,71.27637135,Female,10th grade
7.0,78.9594291,Male,10th grade
2.0,75.69056427,Male,10th grade
4.0,68.88518339,Male,10th grade
5.0,19.66638439,Female,10th grade
0.0,58.90305846,Female,10th grade
0.0,87.30348222,Female,12th grade
2.0,19.34593133,Female,12th grade
1.0,97.16947681,Female,12th grade
0.0,13.9696424,Female,11th grade
0.0,94.79404677,Female,10th grade
0.0,16.53387163,Male,12th grade
4.0,59.97282837,Male,12th grade
1.0,29.31796292,Male,10th grade
7.0,52.96298965,Male,12th grade
3.0,57.45496513,Female,12th grade
6.0,62.39033084,Female,12th grade
5.0,15.1779208,Female,12th grade
7.0,1.812713435,Female,12th grade
2.0,57.45496513,Female,12th grade
7.0,95.05281444,Female,12th grade
7.0,43.19281437,Female,12th grade
3.0,64.73433168,Female,12th grade
4.0,83.03210906,Male,12th grade
5.0,85.76711283,Male,12th grade
6.0,93.5206906,Male,12th grade
1.0,65.88575167,Female,12th grade
7.0,87.29843376,Male,11th grade
7.0,93.98925052,Male,11th grade
5.0,83.72971442,Male,9th grade
7.0,60.66321529,Male,9th grade
7.0,50.10948386,Male,9th grade
5.0,96.62999717,Male,10th grade
3.0,98.44322633,Male,10th grade
5.0,51.77995186,Male,10th grade
7.0,38.53470375,Male,11th grade
2.0,97.32417296,Male,11th grade
0.0,41.70582009,Female,10th grade
4.0,47.52350758,Female,9th grade
4.0,20.46953227,Female,9th grade
7.0,75.4379744,Female,9th grade
1.0,32.74319281,Female,9th grade
5.0,92.86925353,Female,9th grade
6.0,81.62895753,Female,9th grade
0.0,45.33714908,Female,9th grade
7.0,83.06926617,Female,9th grade
1.0,91.60778436,Female,9th grade
0.0,45.33714908,Female,9th grade
6.0,36.51881463,Male,9th grade
7.0,55.18146429,Male,9th grade
0.0,61.92023551,Female,12th grade
3.0,65.84221705,Female,12th grade
3.0,35.20622619,Male,12th grade
2.0,97.18899955,Female,12th grade
4.0,82.05508744,Female,12th grade
2.0,90.62341985,Female,12th grade
0.0,66.08178759,Female,12th grade
0.0,82.19258456,Female,12th grade
0.0,54.40385458,Female,12th grade
4.0,94.7249625,Female,12th grade
1.0,52.25342381,Male,12th grade
2.0,72.21362837,Female,12th grade
0.0,77.04936127,Female,12th grade
3.0,26.67157309,Male,12th grade
3.0,96.59822418,Female,12th grade
1.0,87.00265796,Female,12th grade
0.0,71.77163239,Female,12th grade
0.0,80.9826523,Female,12th grade
0.0,98.45821402,Female,12th grade
0.0,53.62901996,Female,12th grade
3.0,51.32765319,Female,12th grade
0.0,82.7114493,Female,12th grade
0.0,96.62805126,Female,10th grade
0.0,78.10688836,Female,10th grade
2.0,50.27447135,Male,11th grade
0.0,97.8304981,Female,11th grade
7.0,67.35690955,Female,11th grade
0.0,99.47646663,Female,11th grade
5.0,54.75617318,Male,11th grade
0.0,89.90649736,Male,10th grade
0.0,30.89048164,Male,10th grade
4.0,34.10784442,Male,11th grade
1.0,98.13332826,Male,10th grade
5.0,93.60689746,Female,10th grade
7.0,27.81918727,Female,10th grade
0.0,73.91347781,Male,10th grade
3.0,58.167767,Male,10th grade
3.0,44.70874303,Male,10th grade
2.0,81.5523064,Male,10th grade
6.0,98.17687957,Male,10th grade
2.0,81.82099807,Female,10th grade
5.0,31.315611,Female,10th grade
4.0,42.35560365,Female,9th grade
2.0,59.47446449,Female,9th grade
0.0,52.82514857,Male,9th grade
0.0,51.9110774,Female,9th grade
0.0,99.50570658,Female,9th grade
0.0,78.28265536,Male,9th grade
3.0,69.54558992,Female,9th grade
7.0,63.68390278,Male,9th grade
0.0,32.79325237,Female,9th grade
1.0,89.82805567,Female,9th grade
5.0,50.5995942,Female,9th grade
0.0,87.50167897,Male,9th grade
7.0,23.70077074,Male,9th grade
0.0,57.38131801,Female,9th grade
2.0,59.1349812,Female,9th grade
0.0,97.15410227,Female,9th grade
0.0,51.81370585,Female,9th grade
0.0,53.65951294,Female,9th grade
1.0,95.81029039,Female,9th grade
0.0,97.10273335,Female,11th grade
4.0,45.26162121,Female,10th grade
5.0,76.3857129,Male,12th grade
6.0,63.31177575,Male,12th grade
0.0,74.41919519,Male,12th grade
0.0,94.89062216,Female,12th grade
0.0,35.18872425,Female,9th grade
6.0,70.2948453,Male,12th grade
7.0,66.5318241,Male,12th grade
0.0,46.4073505,Male,12th grade
0.0,99.49405991,Male,12th grade
5.0,79.09665201,Male,12th grade
1.0,84.57523065,Male,12th grade
6.0,66.83362843,Female,10th grade
0.0,79.36575134,Male,11th grade
0.0,96.87222741,Male,11th grade
5.0,79.21086246,Female,11th grade
2.0,93.38873457,Female,11th grade
0.0,95.04052672,Female,11th grade
0.0,90.98298351,Female,11th grade
6.0,92.39337265,Male,11th grade
4.0,83.7161669,Male,11th grade
0.0,43.14984367,Female,11th grade
7.0,15.29718496,Female,11th grade
0.0,54.40385458,Female,12th grade
3.0,99.81899915,Male,12th grade
6.0,72.06573405,Male,12th grade
0.0,16.03372613,Male,12th grade
2.0,83.90660452,Female,12th grade
7.0,52.2899712,Female,12th grade
0.0,93.56257408,Male,12th grade
0.0,51.44659085,Male,12th grade
0.0,76.13913858,Male,10th grade
7.0,32.3855029,Female,11th grade
3.0,13.16010488,Female,10th grade
4.0,90.70482965,Female,10th grade
2.0,98.46004967,Female,10th grade
1.0,98.1620765,Female,10th grade
4.0,87.32744126,Female,10th grade
1.0,62.75875953,Male,10th grade
3.0,92.09238408,Female,10th grade
7.0,72.40481299,Female,10th grade
3.0,32.35454194,Male,10th grade
7.0,47.11027439,Male,10th grade
0.0,73.65945206,Female,10th grade
5.0,75.94273757,Female,11th grade
0.0,45.84835334,Female,11th grade
0.0,91.41797055,Female,11th grade
0.0,95.26327504,Female,11th grade
0.0,95.77021638,Female,11th grade
1.0,97.402769,Female,11th grade
0.0,70.67451976,Female,11th grade
0.0,98.86075815,Female,11th grade
5.0,16.34633408,Female,11th grade
1.0,5.221698862,Female,11th grade
0.0,85.29469889,Female,11th grade
2.0,79.65116681,Female,11th grade
7.0,87.66542983,Female,11th grade
0.0,50.95276905,Female,11th grade
0.0,94.34347293,Male,10th grade
0.0,84.67610222,Female,10th grade
4.0,72.13833601,Male,11th grade
4.0,71.04906399,Male,11th grade
2.0,43.14984367,Female,11th grade
0.0,75.73919519,Female,9th grade
2.0,56.95841633,Female,9th grade
0.0,89.0685033,Female,9th grade
2.0,56.12875598,Female,10th grade
2.0,69.82409651,Male,10th grade
4.0,97.02213328,Male,10th grade
4.0,89.45507565,Female,10th grade
0.0,30.14155853,Male,10th grade
2.0,90.445849,Male,10th grade
0.0,83.32303085,Female,10th grade
0.0,44.3547711,Female,10th grade
2.0,36.09086758,Male,9th grade
4.0,32.79325237,Female,9th grade
0.0,89.46125467,Female,9th grade
5.0,55.06915825,Male,9th grade
5.0,12.7812687,Male,9th grade
6.0,97.56644906,Male,9th grade
7.0,90.64159581,Male,9th grade
3.0,93.57446282,Female,9th grade
2.0,88.67030744,Female,9th grade
0.0,69.8037989,Female,9th grade
0.0,91.74867665,Female,9th grade
0.0,62.47075585,Female,9th grade
7.0,62.19393818,Female,10th grade
0.0,95.96968872,Female,11th grade
0.0,52.00817272,Female,11th grade
2.0,92.17328593,Female,12th grade
3.0,29.36620695,Male,12th grade
7.0,74.42424318,Male,11th grade
3.0,93.8171533,Male,10th grade
2.0,77.43318673,Male,9th grade
4.0,31.08786145,Male,9th grade
5.0,52.41472276,Male,9th grade
2.0,51.05664155,Female,12th grade
1.0,47.49270385,Female,12th grade
3.0,87.32319147,Female,11th grade
4.0,66.84791246,Male,12th grade
6.0,96.0698293,Male,12th grade
0.0,96.53495056,Male,12th grade
1.0,72.59307595,Male,12th grade
2.0,57.23154694,Male,12th grade
0.0,96.66907244,Male,12th grade
5.0,95.06926956,Male,12th grade
7.0,95.67864261,Male,12th grade
0.0,7.539064645,Male,12th grade
7.0,65.88575167,Female,12th grade
1.0,99.25075881,Female,12th grade
5.0,98.60384523,Male,12th grade
7.0,95.5627807,Male,11th grade
3.0,93.82384404,Male,11th grade
3.0,64.26150224,Male,11th grade
3.0,95.75831461,Male,11th grade
6.0,49.31286868,Male,11th grade
7.0,80.48537598,Male,11th grade
3.0,98.44322633,Male,11th grade
5.0,98.20741258,Male,11th grade
1.0,97.37935273,Female,11th grade
3.0,82.52624851,Female,11th grade
0.0,98.04338304,Male,9th grade
7.0,72.15157479,Male,9th grade
4.0,78.34535674,Male,9th grade
5.0,62.89553884,Male,9th grade
4.0,51.96787195,Female,9th grade
4.0,79.08474787,Female,9th grade
2.0,98.89868045,Female,9th grade
1.0,97.46205604,Female,9th grade
1.0,17.61177125,Female,9th grade
3.0,98.1460872,Female,9th grade
2.0,97.94473227,Female,9th grade
1.0,95.23628309,Female,9th grade
3.0,69.86952348,Male,9th grade
5.0,82.18267485,Male,10th grade
6.0,41.16151426,Male,10th grade
3.0,84.69244832,Male,10th grade
0.0,0.127623738,Male,10th grade
4.0,15.04494477,Female,10th grade
1.0,94.54022686,Female,10th grade
1.0,66.08825915,Female,10th grade
5.0,84.68486522,Female,10th grade
0.0,25.72210511,Female,11th grade
7.0,68.36945909,Female,10th grade
2.0,97.43232997,Male,9th grade
0.0,88.19401121,Female,10th grade
2.0,93.76714147,Female,9th grade
2.0,52.13911665,Male,9th grade
3.0,97.02213328,Male,10th grade
2.0,14.02708141,Male,9th grade
0.0,55.41633193,Male,9th grade
4.0,51.74396482,Male,9th grade
2.0,54.82320838,Female,9th grade
1.0,44.29519256,Female,10th grade
2.0,0.351195405,Male,9th grade
0.0,48.82355055,Female,9th grade
1.0,24.19083228,Male,9th grade
0.0,56.12271161,Female,9th grade
2.0,97.76629197,Male,9th grade
0.0,84.46222906,Female,9th grade
1.0,26.68936925,Male,10th grade
2.0,95.21258449,Male,9th grade
1.0,96.55158594,Female,9th grade
6.0,80.3927078,Male,9th grade
2.0,26.68936925,Male,9th grade
1.0,96.43759959,Male,9th grade
2.0,50.280802,Female,11th grade
2.0,79.73361306,Female,9th grade
0.0,84.25378028,Female,12th grade
2.0,57.95910476,Female,12th grade
2.0,81.37814313,Male,12th grade
2.0,55.15612985,Female,12th grade
0.0,80.1306852,Female,12th grade
2.0,1.223660196,Male,12th grade
2.0,97.17383472,Male,12th grade
2.0,68.13816439,Male,12th grade
2.0,19.65942265,Male,12th grade
2.0,68.08272065,Male,12th grade
2.0,36.04892235,Female,12th grade
2.0,36.97117788,Male,12th grade
0.0,91.16514243,Female,12th grade
1.0,84.57262784,Female,12th grade
2.0,97.36508485,Male,12th grade
2.0,38.77914215,Female,12th grade
0.0,95.0797674,Male,12th grade
2.0,60.52327398,Female,12th grade
2.0,62.22547319,Male,12th grade
2.0,71.04906399,Male,12th grade
2.0,67.24002801,Female,12th grade
2.0,31.17365695,Female,12th grade
0.0,21.67031209,Male,12th grade
1.0,82.04981347,Male,12th grade
2.0,73.69856523,Female,Other
2.0,48.88422202,Female,12th grade
2.0,25.54426508,Male,11th grade
0.0,65.72450251,Female,10th grade
4.0,47.57670396,Female,10th grade
0.0,32.35454194,Male,10th grade
3.0,48.32468565,Male,11th grade
2.0,84.25378028,Female,12th grade
6.0,72.37341512,Female,11th grade
2.0,42.28388655,Female,12th grade
7.0,40.5504485,Male,11th grade
3.0,31.07256054,Male,10th grade
2.0,18.46382222,Female,11th grade
0.0,44.48848749,Male,11th grade
2.0,17.10726474,Male,12th grade
1.0,55.87295671,Male,11th grade
1.0,71.73217243,Female,11th grade
2.0,64.30723303,Female,11th grade
4.0,77.20364961,Female,11th grade
2.0,77.04936127,Female,11th grade
1.0,83.65146996,Female,11th grade
0.0,70.31917473,Female,11th grade
1.0,74.73837182,Female,11th grade
0.0,29.93458107,Female,11th grade
1.0,52.22408981,Female,11th grade
2.0,24.60515146,Female,11th grade
2.0,57.28656414,Female,11th grade
0.0,20.67025402,Female,11th grade
0.0,38.66815976,Female,11th grade
1.0,9.166422739,Female,11th grade
2.0,39.83290293,Male,9th grade
0.0,41.29710255,Male,9th grade
0.0,94.85089769,Male,9th grade
2.0,74.84675066,Male,9th grade
2.0,97.23364986,Male,9th grade
7.0,65.10834035,Male,9th grade
7.0,93.4942442,Male,9th grade
3.0,95.76721077,Male,9th grade
1.0,99.61995365,Female,9th grade
0.0,10.55214112,Male,9th grade
1.0,55.13320687,Male,9th grade
7.0,39.03729713,Male,9th grade
0.0,75.08579851,Male,9th grade
0.0,67.85584641,Female,9th grade
0.0,56.12271161,Female,9th grade
2.0,72.77371208,Female,9th grade
4.0,75.42161697,Female,9th grade
1.0,71.40661886,Female,9th grade
3.0,80.55410129,Male,9th grade
5.0,78.9594291,Male,9th grade
0.0,30.14155853,Male,9th grade
5.0,8.572778087,Male,9th grade
7.0,52.16728949,Male,9th grade
7.0,60.66321529,Male,10th grade
7.0,55.18146429,Male,10th grade
1.0,63.00335407,Male,10th grade
2.0,28.86485531,Male,10th grade
6.0,10.18249348,Male,10th grade
1.0,15.52368583,Male,10th grade
1.0,51.77995186,Male,10th grade
2.0,41.73731334,Male,10th grade
7.0,2.25e-06,Male,10th grade
0.0,73.34615457,Female,11th grade
7.0,89.96770983,Male,10th grade
0.0,1.581399578,Female,10th grade
3.0,27.29502022,Female,10th grade
7.0,28.54864874,Female,10th grade
3.0,42.9070731,Female,10th grade
3.0,28.36149003,Female,10th grade
6.0,76.12920997,Female,10th grade
2.0,87.16521278,Male,10th grade
0.0,71.24517665,Female,11th grade
0.0,50.642691,Female,11th grade
2.0,90.7689509,Female,11th grade
7.0,97.31596569,Male,11th grade
0.0,2.702715023,Male,11th grade
2.0,93.16003384,Male,11th grade
6.0,2.313488775,Male,12th grade
0.0,99.17328495,Male,11th grade
1.0,63.47778733,Male,11th grade
1.0,13.08187583,Male,11th grade
0.0,45.28645414,Male,11th grade
3.0,98.91230885,Male,11th grade
0.0,95.11584958,Male,11th grade
0.0,96.02199137,Male,11th grade
0.0,67.24002801,Female,12th grade
2.0,29.11078354,Female,Other
0.0,91.15175113,Female,11th grade
0.0,7.402370058,Female,11th grade
1.0,2.909291727,Female,12th grade
1.0,35.53356949,Female,11th grade
3.0,30.97488641,Female,10th grade
7.0,50.14851643,Male,12th grade
7.0,27.25450767,Male,11th grade
5.0,35.87780684,Male,12th grade
0.0,84.57523065,Male,12th grade
1.0,96.60449181,Female,11th grade
2.0,0.012937873,Male,12th grade
2.0,64.9623322,Male,12th grade
7.0,57.23154694,Male,12th grade
7.0,84.60323997,Male,11th grade
4.0,63.24664717,Male,12th grade
7.0,39.39239835,Female,12th grade
0.0,98.40769524,Male,11th grade
2.0,90.445849,Male,12th grade
7.0,35.70830555,Male,12th grade
6.0,29.93458107,Female,11th grade
0.0,3.624612031,Female,11th grade
0.0,57.16624079,Female,12th grade
0.0,0.099974269,Female,11th grade
1.0,13.16010488,Female,11th grade
3.0,17.74504799,Female,11th grade
0.0,78.66079606,Female,11th grade
0.0,99.00676486,Female,11th grade
2.0,65.01459821,Female,11th grade
1.0,11.7578857,Male,11th grade
3.0,31.95457566,Male,11th grade
3.0,84.68839156,Male,11th grade
0.0,6.550834406,Male,11th grade
3.0,83.86652792,Male,11th grade
7.0,11.9858923,Male,11th grade
5.0,80.72244171,Male,12th grade
1.0,74.0489888,Male,12th grade
7.0,13.71140227,Male,12th grade
7.0,69.13085778,Male,12th grade
0.0,62.69018255,Male,12th grade
0.0,59.36187206,Male,12th grade
5.0,62.69018255,Male,12th grade
7.0,42.73610117,Male,12th grade
5.0,63.45918088,Male,12th grade
0.0,97.91131841,Male,12th grade
7.0,89.43535191,Male,12th grade
0.0,55.96980611,Male,12th grade
5.0,88.10799552,Female,12th grade
7.0,86.2705902,Female,12th grade
1.0,71.891691,Female,12th grade
7.0,16.34633408,Female,12th grade
3.0,20.41671842,Female,10th grade
0.0,87.16138715,Female,10th grade
7.0,91.62141608,Female,10th grade
7.0,40.79455963,Female,10th grade
1.0,22.66659312,Female,9th grade
6.0,47.57875662,Female,9th grade
0.0,93.57446282,Female,9th grade
7.0,59.47446449,Female,9th grade
0.0,60.06952126,Female,9th grade
0.0,26.20415662,Female,9th grade
3.0,97.21755336,Female,9th grade
2.0,3.768482946,Female,9th grade
5.0,82.23608164,Female,9th grade
1.0,95.36539337,Female,9th grade
0.0,92.91381168,Female,9th grade
4.0,89.56517468,Female,9th grade
5.0,51.28932037,Female,9th grade
1.0,52.55947074,Female,9th grade
0.0,40.8934694,Male,9th grade
7.0,99.34120298,Male,9th grade
0.0,97.23548996,Male,9th grade
7.0,63.8076547,Male,9th grade
5.0,63.80400179,Male,9th grade
4.0,41.79514038,Male,9th grade
4.0,69.13113635,Male,9th grade
6.0,84.84665926,Male,10th grade
7.0,93.25956317,Male,9th grade
7.0,73.87758954,Male,10th grade
7.0,19.12650374,Female,12th grade
7.0,89.82347469,Male,12th grade
4.0,97.6817734,Male,12th grade
4.0,66.84791246,Male,12th grade
6.0,99.5327482,Male,12th grade
4.0,42.58443965,Male,12th grade
7.0,87.79133475,Male,12th grade
7.0,62.05752496,Male,12th grade
3.0,23.56629787,Male,12th grade
2.0,66.67372723,Male,12th grade
0.0,54.17779991,Male,12th grade
7.0,1.398242214,Male,12th grade
0.0,49.07165942,Female,12th grade
0.0,83.50451958,Female,12th grade
0.0,4.861742324,Female,11th grade
5.0,5.750020485,Female,12th grade
5.0,77.20364961,Female,11th grade
0.0,94.68291579,Female,12th grade
0.0,91.34293389,Female,12th grade
0.0,74.41879277,Female,12th grade
7.0,95.68925253,Female,12th grade
0.0,37.18895874,Female,12th grade
0.0,93.13918876,Female,12th grade
0.0,38.60495566,Female,12th grade
5.0,68.28334828,Female,12th grade
0.0,34.21869952,Female,12th grade
2.0,93.11718517,Female,12th grade
0.0,45.17144028,Female,11th grade
0.0,5.901546091,Female,11th grade
3.0,75.19253869,Female,12th grade
0.0,88.71558532,Female,11th grade
3.0,84.25452085,Female,11th grade
0.0,98.62953019,Female,11th grade
2.0,30.98255809,Female,11th grade
0.0,95.12950717,Female,11th grade
6.0,96.96756116,Female,11th grade
7.0,49.88343043,Female,11th grade
0.0,56.29565269,Female,11th grade
1.0,79.66153065,Female,11th grade
0.0,80.77690249,Male,11th grade
0.0,86.74519316,Male,11th grade
3.0,16.03372613,Male,11th grade
0.0,93.20315098,Male,11th grade
7.0,94.34347293,Male,11th grade
0.0,98.89321467,Male,11th grade
4.0,97.1843072,Male,11th grade
0.0,93.20315098,Male,11th grade
0.0,88.21172206,Male,11th grade
7.0,72.82376292,Male,11th grade
0.0,16.73999365,Male,11th grade
0.0,58.167767,Male,11th grade
0.0,58.40828186,Male,11th grade
0.0,53.70643103,Male,11th grade
1.0,75.2628239,Male,11th grade
0.0,36.8619196,Male,10th grade
2.0,92.0955763,Male,10th grade
7.0,81.88920139,Male,10th grade
2.0,90.49868957,Male,11th grade
7.0,94.25302614,Male,10th grade
5.0,99.05950452,Male,12th grade
6.0,82.18267485,Male,10th grade
7.0,85.72136293,Male,10th grade
0.0,53.24794021,Male,10th grade
3.0,66.54483144,Male,11th grade
7.0,51.61765844,Male,10th grade
4.0,98.3498431,Male,10th grade
0.0,66.71134102,Male,10th grade
3.0,54.40819125,Male,10th grade
4.0,98.40917302,Male,11th grade
7.0,55.68597478,Male,10th grade
5.0,81.79666847,Male,10th grade
0.0,86.71569586,Male,10th grade
0.0,34.20904036,Male,10th grade
0.0,91.17759683,Female,10th grade
3.0,74.51763205,Female,10th grade
5.0,89.17900904,Female,10th grade
4.0,58.09322257,Female,10th grade
7.0,95.68357951,Female,10th grade
0.0,33.66779009,Female,10th grade
2.0,91.59481599,Male,9th grade
7.0,78.31747374,Male,9th grade
6.0,48.66934789,Male,9th grade
5.0,73.71563971,Male,9th grade
2.0,74.61766754,Male,9th grade
0.0,54.38998582,Male,9th grade
2.0,87.0929914,Male,9th grade
5.0,83.86594073,Male,10th grade
0.0,52.55947074,Female,9th grade
0.0,64.48479627,Female,9th grade
0.0,72.01453889,Female,9th grade
1.0,78.10688836,Female,9th grade
0.0,97.34193033,Female,10th grade
6.0,62.95970228,Female,10th grade
3.0,45.26162121,Female,9th grade
0.0,81.37544358,Female,9th grade
0.0,89.78692125,Female,9th grade
0.0,93.58027647,Female,9th grade
7.0,29.14256978,Male,10th grade
0.0,41.49272193,Male,10th grade
5.0,58.62211115,Male,10th grade
0.0,83.63410521,Male,10th grade
0.0,0.06888692,Female,10th grade
0.0,70.57774417,Female,10th grade
0.0,2.880528749,Female,10th grade
0.0,63.79127104,Female,10th grade
7.0,92.08608045,Female,10th grade
4.0,17.74504799,Female,10th grade
6.0,76.16361312,Female,10th grade
0.0,10.89712829,Female,10th grade
1.0,80.06893476,Female,10th grade
4.0,46.07997675,Female,11th grade
0.0,10.51649662,Female,10th grade
3.0,70.07852644,Female,10th grade
0.0,47.52350758,Female,10th grade
0.0,50.87045271,Female,10th grade
2.0,96.52128507,Female,10th grade
3.0,96.43961705,Female,11th grade
3.0,73.02521942,Female,11th grade
7.0,74.57239196,Female,11th grade
0.0,54.15385884,Female,11th grade
0.0,70.40604141,Female,11th grade
0.0,49.20619657,Female,11th grade
7.0,78.81888198,Male,11th grade
2.0,86.1407343,Male,11th grade
7.0,91.99165166,Male,11th grade
0.0,67.52127307,Male,11th grade
0.0,31.69146229,Male,12th grade
4.0,66.71134102,Male,11th grade
5.0,88.70562889,Male,11th grade
0.0,33.79539728,Male,11th grade
7.0,54.36795158,Male,11th grade
2.0,54.63077194,Male,11th grade
4.0,25.61355879,Male,11th grade
0.0,9.846546229,Male,11th grade
7.0,87.3464244,Male,11th grade
7.0,85.95780965,Male,11th grade
7.0,99.02969173,Male,11th grade
3.0,12.16060398,Male,11th grade
0.0,48.88422202,Female,12th grade
3.0,56.7549496,Female,12th grade
5.0,40.05564445,Male,12th grade
2.0,12.35928755,Male,12th grade
5.0,97.91385948,Male,12th grade
2.0,6.550834406,Male,12th grade
3.0,2.56681879,Male,12th grade
4.0,59.36187206,Male,12th grade
1.0,59.36187206,Male,12th grade
3.0,92.98915736,Male,12th grade
3.0,31.78001777,Male,12th grade
1.0,77.46994059,Male,12th grade
0.0,10.1969851,Female,12th grade
1.0,85.170329,Female,12th grade
2.0,89.32589276,Female,12th grade
1.0,22.86186612,Female,12th grade
0.0,83.45551184,Female,12th grade
0.0,70.40604141,Female,12th grade
0.0,43.19281437,Female,12th grade
0.0,82.97393233,Female,12th grade
0.0,65.80904497,Female,12th grade
4.0,61.4875819,Male,9th grade
4.0,63.14078915,Male,9th grade
7.0,29.16525856,Male,9th grade
1.0,68.26816807,Female,9th grade
0.0,61.87699019,Female,9th grade
5.0,74.26220694,Female,9th grade
0.0,58.8744133,Female,9th grade
0.0,62.14172597,Female,9th grade
0.0,93.79543511,Female,9th grade
4.0,59.82202109,Female,9th grade
4.0,88.43534523,Female,9th grade
0.0,74.63209612,Male,9th grade
5.0,69.13113635,Male,9th grade
5.0,55.56148302,Male,9th grade
0.0,64.22682777,Male,10th grade
6.0,97.35259162,Male,9th grade
4.0,75.91512943,Male,9th grade
1.0,24.19083228,Male,9th grade
7.0,47.7153177,Male,9th grade
5.0,26.68936925,Male,9th grade
2.0,91.21895864,Male,9th grade
0.0,40.43646118,Female,12th grade
5.0,87.60528516,Female,11th grade
2.0,65.93660653,Female,11th grade
0.0,80.06893476,Female,11th grade
2.0,49.7850387,Female,10th grade
0.0,31.47383063,Female,11th grade
0.0,85.88884383,Male,11th grade
7.0,1.93e-07,Male,11th grade
7.0,69.13085778,Male,Other
1.0,25.87739237,Male,11th grade
0.0,0.083081072,Male,12th grade
3.0,98.38097797,Male,11th grade
0.0,98.47769537,Male,12th grade
4.0,94.37294768,Male,12th grade
1.0,67.00407505,Female,10th grade
3.0,97.26692919,Female,11th grade
0.0,44.31506726,Female,11th grade
0.0,9.60866394,Female,11th grade
0.0,55.49638039,Female,11th grade
4.0,49.54884889,Female,9th grade
4.0,90.43366411,Female,11th grade
0.0,49.99841183,Female,11th grade
3.0,95.23595706,Male,11th grade
6.0,58.3822996,Male,11th grade
7.0,87.8987,Male,11th grade
0.0,38.28337982,Male,11th grade
0.0,96.35800023,Male,11th grade
2.0,72.03344585,Male,12th grade
2.0,93.94948189,Female,12th grade
0.0,84.25378028,Female,12th grade
0.0,35.04876286,Female,12th grade
7.0,92.62027788,Male,10th grade
0.0,12.35928755,Male,12th grade
0.0,18.94191976,Male,11th grade
7.0,11.79596595,Male,12th grade
0.0,83.81890611,Male,11th grade
0.0,62.32337542,Female,11th grade
0.0,96.15514454,Female,10th grade
2.0,68.87790029,Female,11th grade
1.0,93.60197238,Female,12th grade
0.0,60.75926332,Female,12th grade
0.0,92.63103874,Female,11th grade
4.0,28.91092809,Female,11th grade
2.0,84.98548123,Female,11th grade
1.0,58.69524984,Female,12th grade
2.0,80.48219497,Female,12th grade
0.0,99.4071271,Female,12th grade
1.0,95.58149175,Female,12th grade
1.0,75.83754765,Female,12th grade
0.0,97.80218106,Male,12th grade
0.0,99.38690541,Male,11th grade
0.0,38.28337982,Male,11th grade
0.0,95.0351687,Male,10th grade
0.0,96.70162307,Male,9th grade
5.0,38.28337982,Male,10th grade
2.0,73.05961868,Male,11th grade
4.0,60.50842316,Male,10th grade
6.0,52.82514857,Male,10th grade
1.0,52.22408981,Female,12th grade
7.0,61.78523973,Female,11th grade
0.0,57.31734359,Female,11th grade
0.0,1.09e-06,Male,11th grade
0.0,95.16751397,Male,11th grade
5.0,73.25197415,Male,11th grade
7.0,18.12467121,Male,11th grade
3.0,56.04225389,Male,11th grade
7.0,6.550834406,Male,11th grade
3.0,97.21392691,Male,9th grade
1.0,79.92192149,Male,10th grade
4.0,79.52427005,Male,12th grade
4.0,96.62100237,Female,12th grade
0.0,55.39209463,Female,12th grade
1.0,52.00817272,Female,10th grade
1.0,84.68486522,Female,9th grade
0.0,36.41834536,Female,11th grade
0.0,61.69382467,Female,11th grade
5.0,98.50220887,Female,9th grade
7.0,60.51961267,Female,10th grade
0.0,84.50209709,Female,10th grade
0.0,18.46382222,Female,11th grade
2.0,94.98242996,Female,10th grade
1.0,84.50209709,Female,11th grade
0.0,38.13156894,Female,10th grade
1.0,82.96083327,Female,9th grade
7.0,50.87045271,Female,9th grade
4.0,68.07050984,Female,9th grade
2.0,49.51043175,Male,10th grade
5.0,98.39425472,Male,10th grade
5.0,83.15630999,Male,9th grade
6.0,93.95733265,Male,10th grade
4.0,46.65281051,Male,12th grade
0.0,47.13837771,Male,12th grade
0.0,90.37184496,Male,9th grade
2.0,62.0396385,Male,11th grade
2.0,87.18889527,Male,12th grade
0.0,93.82451004,Male,9th grade
2.0,69.73373776,Male,10th grade
0.0,77.72521417,Male,10th grade
7.0,24.2039299,Male,10th grade
5.0,89.69969835,Male,9th grade
2.0,95.6699827,Male,9th grade
5.0,1.112749347,Male,11th grade
3.0,41.69642287,Male,9th grade
5.0,71.18384227,Male,10th grade
2.0,56.4762692,Female,10th grade
7.0,93.70593285,Female,9th grade
7.0,93.53501253,Female,9th grade
0.0,59.72383084,Female,11th grade
1.0,77.80336579,Female,10th grade
5.0,85.850767,Female,10th grade
5.0,57.95910476,Female,12th grade
7.0,47.66003889,Female,11th grade
0.0,97.0022349,Female,11th grade
0.0,89.59113592,Female,11th grade
0.0,83.95952719,Female,9th grade
1.0,4.542952907,Female,12th grade
3.0,89.02230612,Female,9th grade
7.0,89.3692002,Female,11th grade
1.0,65.65602309,Female,9th grade
5.0,96.39064078,Male,10th grade
5.0,25.61355879,Male,9th grade
2.0,57.7634963,Male,9th grade
1.0,69.51240103,Male,10th grade
5.0,61.73415715,Male,9th grade
7.0,69.21299403,Male,9th grade
4.0,97.47296053,Male,10th grade
1.0,95.40169991,Male,10th grade
2.0,24.78306649,Male,10th grade
7.0,87.39539654,Male,9th grade
0.0,70.90474907,Female,9th grade
2.0,85.89509592,Female,10th grade
0.0,89.00014206,Female,9th grade
0.0,45.94823752,Male,10th grade
7.0,68.85523045,Male,9th grade
3.0,98.58345003,Male,9th grade
0.0,38.42613501,Female,9th grade
0.0,99.04701118,Male,9th grade
6.0,47.36951916,Male,11th grade
1.0,96.21000485,Female,10th grade
7.0,58.2330153,Female,10th grade
3.0,88.16103385,Female,10th grade
4.0,95.63081156,Female,10th grade
0.0,90.05670299,Female,10th grade
6.0,74.23946269,Female,10th grade
3.0,88.54090852,Male,10th grade
7.0,98.47670004,Male,10th grade
4.0,91.87246689,Male,10th grade
2.0,73.71563971,Male,10th grade
1.0,86.68831688,Female,10th grade
7.0,40.79455963,Female,10th grade
7.0,42.53225571,Female,10th grade
6.0,70.84066228,Female,10th grade
1.0,74.23946269,Female,10th grade
4.0,98.59438441,Male,10th grade
7.0,87.69719593,Male,10th grade
7.0,73.49549106,Male,10th grade
7.0,74.16259684,Male,10th grade
4.0,0.089816787,Male,10th grade
0.0,99.51830404,Male,10th grade
2.0,3.961497341,Male,11th grade
7.0,37.55228267,Male,11th grade
6.0,49.0050896,Male,11th grade
7.0,90.08907671,Male,11th grade
7.0,96.73975317,Male,11th grade
7.0,92.98915736,Male,12th grade
6.0,67.92773224,Female,11th grade
2.0,70.24766118,Female,11th grade
0.0,90.69075623,Female,11th grade
3.0,82.88073183,Female,11th grade
1.0,79.28331566,Female,11th grade
0.0,65.88575167,Female,11th grade
3.0,3.208522211,Female,11th grade
0.0,99.92595141,Male,12th grade
5.0,91.02771303,Male,12th grade
3.0,89.13095081,Male,12th grade
5.0,95.16031835,Male,12th grade
7.0,79.49010291,Male,12th grade
0.0,80.50659742,Male,12th grade
0.0,65.22758067,Male,12th grade
0.0,32.12906956,Male,12th grade
1.0,90.63852931,Male,12th grade
7.0,90.445849,Male,12th grade
5.0,42.90615422,Male,12th grade
5.0,64.9623322,Male,12th grade
5.0,74.79862377,Male,12th grade
3.0,37.90396026,Male,12th grade
1.0,45.31636422,Female,12th grade
6.0,96.02165064,Female,12th grade
0.0,11.68740441,Female,12th grade
0.0,70.67451976,Female,12th grade
0.0,47.49270385,Female,12th grade
2.0,67.57774648,Female,12th grade
0.0,20.75227445,Female,12th grade
0.0,90.06772465,Female,12th grade
1.0,79.34318571,Female,12th grade
5.0,89.90357427,Female,12th grade
0.0,48.05850021,Female,12th grade
7.0,96.21949411,Male,9th grade
0.0,98.6657555,Male,9th grade
7.0,38.97407692,Male,9th grade
0.0,94.66659282,Female,9th grade
1.0,80.79348995,Female,9th grade
1.0,72.35308828,Female,9th grade
1.0,72.79132938,Female,9th grade
2.0,76.38362459,Female,9th grade
6.0,96.42814963,Female,9th grade
0.0,71.18192791,Female,9th grade
7.0,98.86047525,Female,9th grade
2.0,94.79064882,Female,9th grade
7.0,81.20841596,Female,9th grade
3.0,5.070497127,Female,9th grade
0.0,95.93874795,Male,12th grade
6.0,65.88575167,Female,12th grade
0.0,83.90660452,Female,12th grade
0.0,98.3895016,Male,12th grade
7.0,46.40807262,Male,12th grade
2.0,88.08579404,Male,12th grade
7.0,97.92048132,Male,12th grade
3.0,9.013571525,Male,12th grade
4.0,99.64821934,Male,12th grade
3.0,75.65036356,Male,12th grade
2.0,98.57848685,Male,12th grade
5.0,50.45031829,Male,12th grade
0.0,49.77019799,Female,10th grade
3.0,73.26786003,Female,10th grade
6.0,99.19305849,Female,10th grade
0.0,80.79348995,Female,10th grade
4.0,21.37911604,Female,10th grade
0.0,26.01707526,Female,10th grade
1.0,69.91124718,Female,10th grade
0.0,44.42268346,Female,10th grade
0.0,46.7792279,Female,10th grade
5.0,98.53367128,Male,10th grade
6.0,83.30894196,Male,10th grade
3.0,34.55230954,Male,10th grade
5.0,78.49593958,Male,10th grade
7.0,80.0856194,Male,10th grade
7.0,64.26150224,Male,10th grade
0.0,97.30702879,Female,10th grade
7.0,23.90166614,Female,10th grade
4.0,11.91054027,Male,10th grade
2.0,98.3261157,Female,9th grade
3.0,90.51467987,Male,9th grade
3.0,80.10329033,Male,9th grade
1.0,77.68619969,Male,10th grade
0.0,8.393184485,Male,9th grade
3.0,41.16151426,Male,9th grade
3.0,23.68951218,Male,9th grade
5.0,98.20297451,Male,9th grade
6.0,99.69149627,Male,9th grade
7.0,82.96083327,Female,9th grade
0.0,78.39679845,Female,10th grade
7.0,45.94823752,Male,11th grade
6.0,75.86208809,Male,11th grade
6.0,87.89933447,Male,11th grade
7.0,98.09399692,Male,11th grade
7.0,72.3235904,Male,11th grade
0.0,99.5898324,Male,11th grade
3.0,70.2948453,Male,11th grade
1.0,33.79539728,Male,11th grade
1.0,94.02678099,Male,11th grade
5.0,35.04876286,Female,11th grade
0.0,84.07541706,Female,11th grade
0.0,98.36845877,Female,11th grade
0.0,90.83906742,Female,11th grade
7.0,58.167767,Male,11th grade
0.0,0.228962339,Male,11th grade
1.0,97.93389699,Male,11th grade
0.0,94.1589128,Female,11th grade
0.0,64.47468905,Female,11th grade
0.0,5.526833422,Female,11th grade
2.0,80.60383865,Female,11th grade
4.0,98.39388191,Female,11th grade
0.0,74.41879277,Female,11th grade
3.0,95.08595591,Female,11th grade
1.0,46.48345897,Female,11th grade
3.0,28.59861823,Male,11th grade
7.0,99.53848485,Male,11th grade
6.0,91.18588253,Male,11th grade
5.0,90.27142777,Male,11th grade
3.0,94.1589128,Female,11th grade
7.0,99.30684128,Female,11th grade
0.0,35.04876286,Female,11th grade
0.0,77.86602504,Female,11th grade
5.0,93.70323473,Male,11th grade
7.0,62.27885472,Male,11th grade
3.0,96.96756116,Female,12th grade
0.0,93.5776631,Female,11th grade
5.0,74.69115727,Female,11th grade
5.0,99.35762909,Male,11th grade
1.0,92.47053644,Female,11th grade
0.0,98.44322633,Male,11th grade
0.0,97.95151358,Female,11th grade
3.0,98.41070272,Male,11th grade
6.0,93.99215342,Male,11th grade
1.0,31.63999593,Male,11th grade
1.0,88.98949561,Male,11th grade
4.0,21.16741012,Male,11th grade
4.0,80.85855022,Female,10th grade
0.0,36.3201391,Male,12th grade
0.0,97.31278775,Male,12th grade
6.0,83.09080929,Female,12th grade
1.0,56.72430248,Female,12th grade
0.0,13.9696424,Female,12th grade
0.0,99.65808366,Male,12th grade
7.0,87.59163865,Female,12th grade
1.0,75.0530445,Female,12th grade
4.0,77.86602504,Female,11th grade
3.0,57.95910476,Female,12th grade
0.0,25.62543853,Female,12th grade
2.0,97.60393024,Male,12th grade
0.0,89.3692002,Female,12th grade
0.0,72.36220244,Male,12th grade
0.0,84.35424182,Female,12th grade
5.0,66.84791246,Male,12th grade
1.0,73.23537154,Male,12th grade
5.0,89.72936724,Female,12th grade
0.0,84.57523065,Male,12th grade
0.0,25.70763057,Female,12th grade
1.0,39.30780725,Female,12th grade
2.0,83.60669867,Male,12th grade
0.0,54.40385458,Female,12th grade
5.0,87.80684545,Female,12th grade
2.0,84.16819767,Male,12th grade
4.0,66.84791246,Male,12th grade
0.0,68.13816439,Male,12th grade
4.0,81.49581012,Male,12th grade
0.0,2.702715023,Male,12th grade
6.0,33.10249599,Male,12th grade
5.0,72.59307595,Male,12th grade
7.0,78.31570259,Male,12th grade
1.0,64.86991546,Male,12th grade
0.0,25.37454537,Female,12th grade
0.0,18.33302569,Female,12th grade
6.0,96.71574944,Female,12th grade
0.0,53.65661966,Female,12th grade
0.0,86.28807602,Female,12th grade
4.0,25.72210511,Female,12th grade
7.0,65.88575167,Female,12th grade
1.0,88.94135048,Female,12th grade
0.0,19.05524328,Female,12th grade
1.0,82.69630628,Female,12th grade
2.0,78.71212761,Female,12th grade
0.0,97.0639858,Male,9th grade
3.0,97.36035322,Male,9th grade
3.0,89.17900904,Female,9th grade
4.0,93.8762319,Female,9th grade
0.0,66.99718709,Female,9th grade
0.0,57.63778505,Male,9th grade
2.0,45.29045811,Female,9th grade
7.0,58.8744133,Female,9th grade
7.0,92.80794118,Male,9th grade
0.0,96.52233084,Female,9th grade
7.0,86.05632028,Female,9th grade
2.0,91.91194746,Female,9th grade
2.0,68.25363425,Female,9th grade
0.0,43.08896674,Male,9th grade
0.0,58.63151452,Female,11th grade
0.0,93.61122094,Female,11th grade
5.0,41.01256196,Female,11th grade
0.0,77.84050233,Female,11th grade
0.0,20.54967205,Female,11th grade
2.0,61.78523973,Female,11th grade
0.0,85.71224216,Female,11th grade
6.0,27.97089061,Female,11th grade
1.0,56.12875598,Female,11th grade
0.0,70.79270495,Female,11th grade
5.0,92.08608045,Female,11th grade
0.0,88.94135048,Female,11th grade
2.0,88.50854926,Female,11th grade
4.0,96.86687518,Male,11th grade
3.0,66.95017509,Male,11th grade
0.0,74.94487901,Male,11th grade
4.0,72.13833601,Male,11th grade
4.0,64.26150224,Male,11th grade
2.0,43.08896674,Male,11th grade
0.0,66.95017509,Male,11th grade
1.0,98.20741258,Male,11th grade
5.0,40.01619315,Male,11th grade
2.0,79.64164185,Male,10th grade
0.0,96.30631061,Male,11th grade
3.0,94.51177834,Male,10th grade
3.0,95.38126273,Male,11th grade
0.0,44.31252997,Male,11th grade
0.0,50.27447135,Male,11th grade
3.0,93.71983177,Male,11th grade
1.0,87.77485669,Male,12th grade
7.0,55.35057859,Male,12th grade
6.0,58.90596184,Male,12th grade
0.0,8.31144901,Female,12th grade
0.0,28.36503577,Female,12th grade
0.0,72.81720747,Female,12th grade
2.0,80.83682069,Female,12th grade
1.0,82.25306188,Female,12th grade
0.0,46.75078327,Female,12th grade
0.0,43.36390952,Female,12th grade
3.0,74.57239196,Female,12th grade
7.0,76.22882474,Female,12th grade
1.0,82.9590179,Female,12th grade
7.0,93.77870978,Male,12th grade
0.0,25.87739237,Male,12th grade
7.0,14.13953985,Male,12th grade
2.0,76.3857129,Male,12th grade
7.0,62.64948057,Male,12th grade
1.0,79.93438595,Male,12th grade
2.0,99.04348497,Male,12th grade
3.0,91.89342822,Male,12th grade
1.0,50.87045271,Female,10th grade
0.0,96.59814222,Female,10th grade
1.0,79.65116681,Female,11th grade
0.0,70.90474907,Female,10th grade
0.0,97.9495474,Female,10th grade
3.0,61.98778257,Female,10th grade
0.0,62.03042194,Female,10th grade
5.0,94.65708955,Male,10th grade
3.0,1.880128952,Male,10th grade
7.0,94.71903906,Male,10th grade
5.0,66.95017509,Male,10th grade
4.0,75.23984427,Male,10th grade
1.0,90.27142777,Male,10th grade
3.0,54.76825471,Male,10th grade
6.0,76.30122422,Female,12th grade
7.0,89.23253452,Female,11th grade
0.0,99.56880333,Female,12th grade
2.0,50.9578953,Female,11th grade
5.0,97.9696822,Female,12th grade
5.0,40.5504485,Male,12th grade
0.0,64.26150224,Male,11th grade
7.0,75.27125781,Male,12th grade
5.0,42.35560365,Female,11th grade
1.0,92.80961955,Female,11th grade
1.0,98.26889208,Female,11th grade
3.0,88.43534523,Female,11th grade
3.0,60.9709885,Male,11th grade
7.0,78.63912229,Male,11th grade
2.0,32.35454194,Male,11th grade
4.0,94.30345823,Male,11th grade
0.0,42.63682854,Female,9th grade
0.0,38.76504839,Female,9th grade
2.0,42.53225571,Female,9th grade
7.0,91.66538347,Male,9th grade
4.0,96.23617059,Male,10th grade
6.0,96.59366997,Male,10th grade
2.0,91.34279969,Female,9th grade
0.0,32.49797332,Female,9th grade
7.0,83.84809589,Female,9th grade
2.0,89.59808958,Female,9th grade
1.0,75.56967464,Female,9th grade
2.0,82.1545869,Female,9th grade
5.0,71.24184164,Female,9th grade
7.0,96.9011252,Female,10th grade
0.0,20.10002435,Female,10th grade
0.0,56.78007284,Female,10th grade
7.0,35.07000003,Male,10th grade
0.0,83.95952719,Female,10th grade
2.0,71.40661886,Female,10th grade
2.0,99.07953216,Female,10th grade
7.0,57.42808938,Female,10th grade
4.0,56.10159588,Female,10th grade
0.0,85.86746891,Female,10th grade
0.0,75.39423481,Female,10th grade
0.0,70.24766118,Female,10th grade
5.0,94.23905608,Male,10th grade
3.0,93.57527412,Male,10th grade
0.0,69.13113635,Male,10th grade
7.0,71.62164751,Male,10th grade
3.0,95.15545676,Male,10th grade
2.0,58.96570164,Male,10th grade
0.0,88.65871597,Male,10th grade
0.0,23.64375283,Male,10th grade
0.0,61.17255793,Male,10th grade
6.0,76.08348266,Male,12th grade
0.0,76.10324407,Female,12th grade
0.0,97.64370481,Female,12th grade
1.0,96.78605651,Female,12th grade
4.0,65.03168045,Male,12th grade
7.0,74.41919519,Male,12th grade
3.0,92.94610432,Male,12th grade
7.0,27.25450767,Male,12th grade
0.0,99.89300393,Male,12th grade
0.0,92.18672887,Female,12th grade
7.0,89.5116963,Female,12th grade
0.0,89.23519997,Female,12th grade
1.0,91.20270534,Female,12th grade
0.0,82.19258456,Female,12th grade
1.0,59.20569812,Female,12th grade
7.0,95.56634428,Male,12th grade
2.0,80.83682069,Female,12th grade
4.0,95.42186206,Female,12th grade
2.0,71.6376304,Male,12th grade
0.0,97.9086358,Male,12th grade
3.0,78.07407908,Male,12th grade
6.0,74.42424318,Male,12th grade
0.0,97.91594395,Male,12th grade
1.0,83.4914366,Male,12th grade
1.0,16.07384529,Female,12th grade
1.0,94.11943839,Female,12th grade
1.0,65.84221705,Female,12th grade
2.0,82.21719131,Female,12th grade
0.0,95.56878315,Female,12th grade
0.0,53.20245682,Female,12th grade
3.0,90.83906742,Female,12th grade
3.0,28.62242966,Female,12th grade
2.0,95.77015302,Female,9th grade
4.0,72.22436715,Male,9th grade
0.0,5.386067358,Male,9th grade
2.0,71.24031837,Male,9th grade
7.0,92.54301116,Male,9th grade
4.0,61.73415715,Male,9th grade
2.0,98.054357,Male,9th grade
7.0,82.31303268,Male,9th grade
6.0,94.46094876,Male,9th grade
7.0,95.34311212,Male,9th grade
6.0,88.86798665,Male,9th grade
3.0,62.71201935,Female,9th grade
3.0,40.74620124,Female,9th grade
2.0,97.26543733,Female,9th grade
3.0,82.96083327,Female,9th grade
0.0,81.62895753,Female,9th grade
0.0,81.16568453,Female,9th grade
0.0,86.99550206,Female,9th grade
3.0,64.50937136,Female,9th grade
0.0,20.30640586,Female,9th grade
4.0,73.99784099,Female,10th grade
2.0,83.59949632,Male,10th grade
5.0,30.82641153,Male,10th grade
2.0,69.17629728,Male,10th grade
1.0,81.53114812,Female,10th grade
0.0,58.09322257,Female,10th grade
2.0,78.13156862,Female,10th grade
2.0,25.42919289,Female,10th grade
2.0,47.57670396,Female,10th grade
0.0,76.48331705,Female,10th grade
0.0,96.94902892,Female,10th grade
1.0,91.21895864,Male,11th grade
3.0,46.07997675,Female,11th grade
0.0,93.87619898,Female,11th grade
4.0,33.58796716,Female,11th grade
0.0,65.88575167,Female,11th grade
1.0,45.84835334,Female,11th grade
0.0,79.26538475,Female,11th grade
0.0,74.34578782,Female,11th grade
4.0,42.1484795,Female,11th grade
7.0,43.67278106,Female,11th grade
3.0,25.47680879,Female,11th grade
7.0,56.12875598,Female,11th grade
3.0,80.59668985,Male,11th grade
1.0,61.62522673,Male,11th grade
7.0,94.34347293,Male,11th grade
3.0,17.21244391,Male,11th grade
7.0,96.10197605,Male,11th grade
2.0,84.90617063,Male,11th grade
4.0,64.31389023,Male,11th grade
0.0,71.29218349,Female,11th grade
1.0,92.90410867,Female,11th grade
0.0,98.07642499,Female,11th grade
1.0,98.74553389,Female,11th grade
0.0,88.10799552,Female,11th grade
2.0,79.94321014,Female,10th grade
6.0,97.83039649,Female,12th grade
0.0,97.10109186,Female,11th grade
0.0,48.42401661,Female,11th grade
0.0,33.68104796,Female,11th grade
4.0,37.55228267,Male,11th grade
7.0,98.50335879,Male,11th grade
3.0,97.62072301,Male,11th grade
2.0,60.69733048,Male,11th grade
3.0,45.52610311,Male,11th grade
1.0,73.78343944,Male,11th grade
6.0,44.91365764,Male,11th grade
2.0,58.18521241,Male,11th grade
7.0,99.45866117,Male,11th grade
2.0,91.9506401,Male,12th grade
1.0,45.29941242,Male,11th grade
0.0,41.98150796,Female,11th grade
2.0,65.84221705,Female,11th grade
0.0,99.52050181,Female,11th grade
1.0,74.60880949,Female,11th grade
7.0,52.22408981,Female,11th grade
3.0,79.456875,Female,11th grade
3.0,72.81720747,Female,11th grade
1.0,33.66779009,Female,11th grade
5.0,57.62712177,Female,11th grade
5.0,49.86074291,Female,11th grade
4.0,99.04930357,Male,11th grade
5.0,99.6818217,Male,11th grade
4.0,96.20990788,Male,11th grade
7.0,98.68605395,Male,11th grade
5.0,23.10048656,Male,11th grade
7.0,89.26269177,Male,11th grade
0.0,97.0635008,Male,11th grade
3.0,45.29941242,Male,11th grade
0.0,51.32765319,Female,12th grade
0.0,35.23653034,Female,12th grade
7.0,57.95910476,Female,12th grade
0.0,28.62242966,Female,12th grade
5.0,96.62543678,Female,12th grade
6.0,77.69452247,Male,12th grade
1.0,74.43648056,Male,12th grade
1.0,95.75792652,Male,12th grade
7.0,77.57745314,Male,12th grade
0.0,50.2032122,Male,12th grade
1.0,61.04994431,Male,12th grade
6.0,98.24871822,Male,12th grade
7.0,29.2031064,Male,12th grade
2.0,98.14567295,Male,12th grade
2.0,98.08190029,Male,12th grade
4.0,47.13837771,Male,12th grade
0.0,84.69869562,Male,12th grade
2.0,99.56771058,Male,12th grade
7.0,80.36346566,Male,12th grade
1.0,73.74393215,Male,12th grade
1.0,18.12467121,Male,12th grade
0.0,63.70622574,Female,12th grade
2.0,99.29936682,Female,12th grade
7.0,47.24873407,Female,12th grade
7.0,9.644098976,Female,12th grade
0.0,64.18227413,Female,12th grade
0.0,82.7114493,Female,12th grade
2.0,63.18796467,Female,12th grade
1.0,92.84085921,Female,12th grade
2.0,39.39239835,Female,12th grade
1.0,40.43646118,Female,12th grade
5.0,19.12902502,Female,10th grade
0.0,78.13156862,Female,10th grade
0.0,89.23352868,Female,10th grade
0.0,92.37266985,Female,10th grade
2.0,81.64099246,Male,11th grade
6.0,90.59028078,Male,10th grade
4.0,69.13113635,Male,10th grade
0.0,92.66928372,Male,10th grade
1.0,90.06979532,Male,10th grade
4.0,68.21013236,Male,10th grade
4.0,82.47988607,Male,10th grade
2.0,66.84791246,Male,11th grade
0.0,92.59985649,Male,10th grade
7.0,76.17136869,Female,9th grade
0.0,88.29675017,Female,9th grade
5.0,87.01278959,Female,9th grade
0.0,51.28932037,Female,9th grade
5.0,76.50762039,Female,9th grade
3.0,98.89731609,Female,9th grade
0.0,10.85557428,Male,9th grade
7.0,87.32960669,Male,9th grade
3.0,49.2944574,Female,9th grade
0.0,76.31024948,Female,9th grade
4.0,47.52350758,Female,9th grade
0.0,93.28665536,Female,9th grade
5.0,30.29728583,Female,9th grade
1.0,73.85705027,Female,9th grade
1.0,85.86746891,Female,9th grade
6.0,76.95374922,Female,9th grade
3.0,60.75872902,Female,9th grade
7.0,90.83698104,Male,9th grade
0.0,56.42256534,Male,9th grade
3.0,36.97561899,Male,9th grade
0.0,92.40519305,Female,9th grade
5.0,78.81888198,Male,9th grade
6.0,98.58357724,Female,9th grade
1.0,71.40661886,Female,9th grade
0.0,99.49778004,Female,9th grade
1.0,93.23027092,Male,9th grade
0.0,96.23617059,Male,9th grade
0.0,63.26037697,Male,9th grade
4.0,70.8375548,Male,9th grade
1.0,74.94920676,Male,9th grade
4.0,95.71269842,Female,10th grade
0.0,70.79270495,Female,10th grade
2.0,31.315611,Female,10th grade
6.0,97.66670803,Female,10th grade
6.0,77.74149951,Female,10th grade
1.0,98.80550568,Female,10th grade
0.0,95.58328573,Female,10th grade
0.0,89.74375782,Female,9th grade
7.0,97.18069276,Male,10th grade
0.0,95.528208,Male,10th grade
7.0,68.33176627,Male,10th grade
7.0,41.91044944,Male,9th grade
0.0,60.51658607,Male,10th grade
0.0,89.5844322,Male,10th grade
7.0,32.35454194,Male,10th grade
5.0,26.04781219,Male,10th grade
7.0,22.50350526,Male,10th grade
7.0,90.51467987,Male,10th grade
0.0,33.80962297,Male,9th grade
1.0,98.05748314,Male,9th grade
7.0,89.72043421,Male,9th grade
1.0,73.49549106,Male,9th grade
1.0,90.4885396,Male,9th grade
0.0,48.21839695,Female,9th grade
5.0,98.88142176,Female,11th grade
2.0,44.63690682,Male,11th grade
1.0,50.71153397,Male,11th grade
3.0,87.58322745,Male,11th grade
1.0,65.33623547,Male,11th grade
0.0,71.04047181,Male,11th grade
5.0,17.54872121,Male,10th grade
1.0,5.205666433,Male,11th grade
7.0,40.5504485,Male,11th grade
4.0,63.43400792,Male,11th grade
1.0,65.46843271,Male,11th grade
0.0,43.08896674,Male,11th grade
0.0,61.78523973,Female,10th grade
2.0,99.18029423,Female,11th grade
2.0,81.10224079,Female,11th grade
0.0,93.06385095,Female,11th grade
2.0,79.66153065,Female,11th grade
2.0,61.69382467,Female,11th grade
0.0,46.60251916,Female,11th grade
3.0,75.83754765,Female,11th grade
0.0,68.28334828,Female,11th grade
0.0,96.0844907,Female,11th grade
0.0,66.84791246,Male,Other
0.0,94.30345823,Male,12th grade
0.0,99.72725748,Male,12th grade
5.0,40.25351177,Female,12th grade
3.0,9.166422739,Female,11th grade
4.0,99.32902534,Female,11th grade
1.0,51.20493499,Female,12th grade
1.0,98.7263144,Male,10th grade
2.0,94.92173575,Male,10th grade
3.0,63.31177575,Male,12th grade
0.0,39.55289509,Male,10th grade
0.0,52.22408981,Female,10th grade
1.0,57.31734359,Female,10th grade
0.0,46.60251916,Female,11th grade
0.0,83.07923933,Female,10th grade
3.0,97.69218081,Female,10th grade
2.0,63.79127104,Female,10th grade
0.0,42.55781123,Female,10th grade
2.0,80.08049978,Female,10th grade
0.0,58.2330153,Female,10th grade
0.0,24.92124987,Female,10th grade
0.0,85.78892033,Female,10th grade
2.0,83.78124349,Female,11th grade
1.0,64.190758,Female,11th grade
4.0,94.01746926,Female,11th grade
3.0,93.8107995,Female,11th grade
3.0,87.95841164,Female,11th grade
0.0,52.85458427,Female,11th grade
2.0,80.46197592,Female,11th grade
2.0,73.45571784,Female,11th grade
2.0,91.76755794,Female,11th grade
0.0,65.33623547,Male,11th grade
1.0,75.2628239,Male,11th grade
0.0,6.476856891,Male,11th grade
7.0,90.63414561,Female,11th grade
3.0,80.08049978,Female,11th grade
4.0,87.8987,Male,11th grade
7.0,59.25050738,Male,11th grade
7.0,90.51467987,Male,11th grade
2.0,99.33768585,Male,11th grade
2.0,58.18521241,Male,11th grade
0.0,35.90122522,Male,11th grade
0.0,52.22408981,Female,11th grade
0.0,78.85919128,Female,11th grade
0.0,92.09238408,Female,11th grade
0.0,20.16159882,Female,11th grade
0.0,83.09080929,Female,11th grade
2.0,26.57716607,Female,11th grade
5.0,85.24525752,Female,9th grade
5.0,73.96064707,Female,9th grade
0.0,68.8468178,Female,9th grade
2.0,63.97414542,Female,11th grade
1.0,77.65469287,Female,9th grade
1.0,28.08611963,Female,11th grade
5.0,20.85281344,Male,9th grade
4.0,99.20423143,Male,9th grade
3.0,63.62101723,Male,9th grade
7.0,38.01943648,Male,9th grade
3.0,73.70776837,Female,9th grade
1.0,91.76883047,Female,9th grade
0.0,69.30817653,Female,10th grade
0.0,72.77371208,Female,9th grade
1.0,21.96843719,Female,9th grade
0.0,42.54722762,Female,9th grade
4.0,86.28807602,Female,11th grade
6.0,98.74550672,Male,9th grade
7.0,54.63077194,Male,9th grade
0.0,84.36156807,Male,9th grade
0.0,33.36035288,Male,9th grade
1.0,58.07262747,Male,9th grade
0.0,53.35115646,Male,9th grade
7.0,79.33060522,Male,11th grade
4.0,91.89342822,Male,12th grade
2.0,76.41994264,Male,12th grade
7.0,69.69082794,Male,12th grade
1.0,80.47617765,Male,12th grade
4.0,87.36289335,Male,12th grade
0.0,13.01581057,Female,12th grade
1.0,93.86680804,Female,12th grade
4.0,36.41834536,Female,12th grade
3.0,84.39085329,Male,12th grade
0.0,15.83870002,Male,12th grade
1.0,50.50283383,Male,12th grade
7.0,13.05895813,Male,12th grade
2.0,78.80453031,Female,12th grade
0.0,53.04799701,Female,12th grade
0.0,62.0953589,Female,12th grade
0.0,75.19253869,Female,12th grade
2.0,57.95910476,Female,12th grade
0.0,16.31431911,Female,12th grade
0.0,63.97414542,Female,12th grade
0.0,67.52847944,Female,12th grade
5.0,16.96162003,Female,12th grade
7.0,43.38387385,Female,10th grade
0.0,86.26024733,Female,10th grade
3.0,93.79543511,Female,10th grade
0.0,80.06893476,Female,10th grade
0.0,28.91092809,Female,10th grade
4.0,95.2156624,Female,10th grade
0.0,88.53323553,Female,10th grade
0.0,35.64567677,Female,10th grade
6.0,16.69715629,Male,10th grade
3.0,76.49832024,Male,10th grade
5.0,71.8600337,Male,10th grade
5.0,87.27836214,Male,10th grade
0.0,71.06228764,Male,10th grade
7.0,99.3197669,Male,10th grade
0.0,9.600920043,Male,10th grade
0.0,79.27701275,Female,10th grade
1.0,62.95970228,Female,10th grade
2.0,7.402370058,Female,12th grade
3.0,35.04876286,Female,12th grade
3.0,81.09258337,Female,12th grade
2.0,97.65130761,Female,12th grade
7.0,37.60087813,Female,12th grade
3.0,60.51961267,Female,12th grade
0.0,43.19281437,Female,12th grade
6.0,61.69875147,Female,12th grade
6.0,73.46231707,Female,12th grade
1.0,6.785446236,Female,12th grade
7.0,96.73184309,Male,12th grade
7.0,91.38580789,Male,12th grade
4.0,42.90615422,Male,12th grade
3.0,79.36575134,Male,12th grade
6.0,83.70656699,Male,12th grade
5.0,73.05961868,Male,12th grade
7.0,27.25450767,Male,12th grade
7.0,86.43786444,Male,12th grade
3.0,57.71859003,Male,10th grade
2.0,53.70643103,Male,10th grade
5.0,82.31303268,Male,10th grade
0.0,63.48927185,Male,10th grade
1.0,32.35454194,Male,10th grade
6.0,98.29715789,Male,10th grade
7.0,15.52368583,Male,10th grade
3.0,46.57601987,Female,10th grade
1.0,35.68385606,Female,10th grade
6.0,4.313275925,Female,10th grade
0.0,52.85458427,Female,10th grade
5.0,87.02647953,Female,10th grade
0.0,30.70445124,Female,10th grade
1.0,57.00752646,Female,10th grade
1.0,38.13156894,Female,10th grade
5.0,77.55710461,Female,10th grade
4.0,89.8946131,Male,11th grade
3.0,2.097375139,Male,11th grade
0.0,25.9046623,Female,11th grade
6.0,73.99784099,Female,11th grade
1.0,87.87850996,Female,11th grade
0.0,61.78523973,Female,11th grade
4.0,19.12650374,Female,11th grade
5.0,38.60495566,Female,11th grade
7.0,29.93458107,Female,11th grade
1.0,61.78523973,Female,11th grade
7.0,54.29146197,Female,11th grade
7.0,47.25298589,Female,11th grade
7.0,51.7091278,Male,11th grade
5.0,3.922063822,Male,11th grade
0.0,92.46823785,Male,11th grade
2.0,61.12521977,Male,11th grade
1.0,76.7529281,Female,9th grade
5.0,72.13833601,Male,9th grade
1.0,99.29188367,Male,9th grade
7.0,51.99882236,Male,9th grade
1.0,91.72258711,Male,9th grade
6.0,23.68951218,Male,9th grade
7.0,97.65709632,Male,10th grade
7.0,88.95708645,Male,9th grade
6.0,64.93109847,Male,9th grade
5.0,98.59515446,Male,9th grade
0.0,82.69918268,Male,9th grade
1.0,26.04781219,Male,9th grade
3.0,57.63778505,Male,9th grade
5.0,54.04791735,Male,9th grade
7.0,30.14155853,Male,9th grade
5.0,84.74921393,Male,9th grade
5.0,62.64228578,Male,9th grade
1.0,37.97610596,Female,9th grade
3.0,61.96169613,Female,9th grade
0.0,46.07997675,Female,9th grade
5.0,69.90936567,Female,9th grade
0.0,56.12271161,Female,10th grade
0.0,47.57670396,Female,11th grade
6.0,66.95017509,Male,11th grade
7.0,52.12369341,Male,11th grade
7.0,16.73773192,Male,11th grade
6.0,51.7428672,Male,11th grade
6.0,67.38519263,Male,11th grade
7.0,38.53470375,Male,11th grade
2.0,17.21244391,Male,11th grade
7.0,61.12521977,Male,11th grade
6.0,82.18037473,Male,11th grade
6.0,64.41690823,Male,11th grade
1.0,72.16135334,Female,11th grade
6.0,57.14891771,Female,11th grade
0.0,93.32660355,Female,11th grade
7.0,65.88575167,Female,11th grade
0.0,76.16361312,Female,11th grade
0.0,28.43977705,Female,11th grade
5.0,39.76467297,Female,11th grade
1.0,30.28405624,Female,11th grade
7.0,52.85458427,Female,11th grade
0.0,19.71790565,Female,11th grade
0.0,81.10224079,Female,11th grade
2.0,57.0210877,Female,12th grade
0.0,94.73922869,Female,11th grade
6.0,48.88769982,Female,12th grade
3.0,86.02675338,Female,12th grade
7.0,74.0489888,Male,12th grade
1.0,99.29030394,Male,12th grade
7.0,35.70830555,Male,12th grade
0.0,84.29940203,Male,12th grade
6.0,52.96298965,Male,12th grade
4.0,88.51068606,Female,12th grade
0.0,95.17472805,Female,12th grade
7.0,46.74549705,Female,12th grade
6.0,63.00335407,Male,10th grade
3.0,30.75861295,Male,10th grade
0.0,98.75114001,Male,11th grade
3.0,2.129004354,Female,10th grade
5.0,0.32296931,Female,10th grade
4.0,10.51649662,Female,10th grade
0.0,97.20991552,Female,10th grade
3.0,66.08825915,Female,10th grade
4.0,74.34578782,Female,10th grade
0.0,78.01416162,Female,10th grade
0.0,30.70445124,Female,10th grade
4.0,54.15385884,Female,10th grade
4.0,58.06394871,Female,10th grade
5.0,19.42938001,Female,10th grade
4.0,98.91161728,Male,10th grade
2.0,69.86952348,Male,10th grade
0.0,72.13833601,Male,10th grade
5.0,94.29934348,Male,10th grade
3.0,73.71563971,Male,10th grade
4.0,87.68662103,Male,10th grade
2.0,60.66321529,Male,10th grade
3.0,91.75202934,Male,10th grade
0.0,80.59668985,Male,10th grade
5.0,94.71903906,Male,10th grade
1.0,2.087615414,Male,10th grade
1.0,2.072123519,Male,11th grade
4.0,27.90530303,Male,11th grade
4.0,47.9840088,Male,11th grade
5.0,75.69056427,Male,10th grade
5.0,83.59949632,Male,9th grade
7.0,15.90455258,Male,9th grade
0.0,58.10402513,Male,9th grade
1.0,38.97407692,Male,9th grade
6.0,30.14155853,Male,10th grade
3.0,36.8619196,Male,10th grade
7.0,84.59094128,Male,11th grade
2.0,87.12890032,Male,11th grade
4.0,38.18531901,Male,12th grade
2.0,48.60810523,Female,12th grade
0.0,82.389679,Female,11th grade
2.0,89.17048644,Female,11th grade
3.0,44.3547711,Female,11th grade
5.0,54.55855666,Female,9th grade
1.0,79.68910751,Female,9th grade
3.0,54.08133068,Female,9th grade
0.0,20.30640586,Female,9th grade
7.0,59.6972449,Female,10th grade
0.0,90.2360766,Female,10th grade
5.0,69.91124718,Female,11th grade
5.0,19.66638439,Female,10th grade
2.0,40.55138048,Female,10th grade
0.0,30.29781056,Female,10th grade
6.0,55.0222034,Female,10th grade
4.0,45.48786311,Female,9th grade
2.0,7.166941,Female,10th grade
0.0,83.07923933,Female,10th grade
2.0,8.776643466,Female,9th grade
0.0,22.66659312,Female,9th grade
5.0,94.7785657,Female,10th grade
0.0,32.89198615,Female,9th grade
0.0,2.473229467,Female,11th grade
5.0,38.28337982,Male,10th grade
3.0,23.3173045,Male,9th grade
4.0,41.49272193,Male,10th grade
0.0,16.73999365,Male,9th grade
5.0,48.66934789,Male,10th grade
7.0,71.35696399,Male,9th grade
0.0,98.75114001,Male,10th grade
6.0,98.04470152,Male,10th grade
6.0,36.51864466,Male,10th grade
3.0,91.81628753,Male,9th grade
2.0,67.38519263,Male,11th grade
1.0,36.41347014,Male,11th grade
7.0,84.70109568,Male,11th grade
6.0,90.71004354,Male,12th grade
3.0,59.36187206,Male,12th grade
4.0,74.0489888,Male,12th grade
5.0,83.90474553,Male,12th grade
3.0,72.48972176,Male,12th grade
5.0,67.33594521,Male,12th grade
0.0,29.36620695,Male,12th grade
0.0,2.425271505,Male,12th grade
5.0,83.07135381,Male,12th grade
0.0,95.33647035,Male,12th grade
7.0,23.82271591,Male,12th grade
0.0,52.12369341,Male,12th grade
6.0,68.13816439,Male,12th grade
3.0,99.49307092,Male,12th grade
7.0,60.20010436,Female,12th grade
4.0,81.63658484,Female,12th grade
1.0,65.69062216,Female,12th grade
3.0,47.47794212,Female,12th grade
1.0,7.402370058,Female,12th grade
0.0,91.65684753,Female,12th grade
7.0,25.70763057,Female,12th grade
7.0,91.49215597,Female,12th grade
3.0,17.03187264,Female,12th grade
0.0,63.97414542,Female,12th grade
1.0,19.05524328,Female,12th grade
0.0,79.92192149,Male,11th grade
7.0,79.80843534,Male,11th grade
0.0,96.57697985,Male,11th grade
0.0,27.19555899,Male,11th grade
6.0,89.1085597,Male,11th grade
7.0,0.958894008,Male,11th grade
5.0,92.46823785,Male,11th grade
1.0,48.98596485,Male,11th grade
3.0,9.162769583,Male,11th grade
4.0,92.26251615,Male,11th grade
3.0,99.72070793,Male,11th grade
0.0,70.25599183,Male,10th grade
0.0,99.17877015,Male,11th grade
1.0,42.76975019,Female,11th grade
4.0,23.38379549,Female,11th grade
5.0,62.8727162,Female,11th grade
2.0,44.3547711,Female,11th grade
0.0,52.85458427,Female,11th grade
6.0,62.71457269,Female,11th grade
2.0,47.57670396,Female,11th grade
2.0,63.70622574,Female,11th grade
1.0,57.45496513,Female,11th grade
4.0,11.44234222,Female,11th grade
0.0,30.02862565,Male,11th grade
7.0,8.799607158,Female,11th grade
7.0,46.60251916,Female,11th grade
1.0,53.01344219,Female,11th grade
3.0,58.2330153,Female,11th grade
6.0,46.7792279,Female,11th grade
7.0,43.67278106,Female,11th grade
5.0,48.80118201,Female,11th grade
3.0,76.31024948,Female,11th grade
3.0,83.32303085,Female,11th grade
5.0,35.25725233,Female,11th grade
5.0,40.85194501,Female,11th grade
6.0,11.44234222,Female,11th grade
7.0,45.29329976,Female,11th grade
7.0,1.019099183,Female,11th grade
6.0,46.48345897,Female,11th grade
7.0,36.8619196,Male,11th grade
5.0,55.7534678,Male,11th grade
7.0,16.73999365,Male,11th grade
3.0,15.32023961,Male,11th grade
4.0,81.07748804,Male,11th grade
7.0,35.32804427,Male,11th grade
6.0,94.79049664,Male,11th grade
0.0,67.38519263,Male,11th grade
7.0,79.35288718,Female,11th grade
7.0,38.78979209,Male,9th grade
0.0,10.19423063,Male,9th grade
5.0,55.68597478,Male,9th grade
0.0,17.54872121,Male,9th grade
4.0,12.4630202,Male,9th grade
6.0,26.55284221,Female,9th grade
7.0,22.13344692,Female,9th grade
4.0,45.61137179,Female,9th grade
7.0,22.68701278,Male,9th grade
3.0,36.82995568,Male,9th grade
3.0,25.66566891,Female,9th grade
3.0,40.55138048,Female,9th grade
3.0,54.82320838,Female,9th grade
6.0,43.38387385,Female,9th grade
4.0,13.40735768,Female,9th grade
4.0,65.18427112,Female,9th grade
7.0,0.00281491,Female,9th grade
2.0,50.11612649,Female,9th grade
4.0,48.1587082,Male,12th grade
6.0,68.83070878,Male,12th grade
6.0,74.45590053,Male,12th grade
0.0,83.83716201,Male,12th grade
0.0,94.17375608,Male,12th grade
4.0,92.59198524,Male,12th grade
6.0,62.71354329,Male,12th grade
4.0,35.04876286,Female,12th grade
2.0,38.53470375,Male,12th grade
4.0,23.32766848,Male,12th grade
6.0,87.32139369,Male,12th grade
0.0,74.88770856,Male,12th grade
7.0,83.83716201,Male,12th grade
0.0,31.95457566,Male,12th grade
6.0,61.12521977,Male,12th grade
0.0,32.04763915,Female,12th grade
0.0,7.097946712,Female,12th grade
4.0,10.30443836,Female,12th grade
7.0,71.26431623,Female,12th grade
0.0,45.68833421,Female,12th grade
5.0,3.633935617,Female,12th grade
2.0,10.1969851,Female,12th grade
4.0,13.0561132,Female,12th grade
3.0,31.05604841,Female,10th grade
5.0,58.2330153,Female,10th grade
0.0,80.06893476,Female,10th grade
7.0,3.096387942,Female,10th grade
6.0,33.35561071,Female,10th grade
5.0,61.78523973,Female,10th grade
4.0,78.10688836,Female,10th grade
7.0,37.20642533,Female,10th grade
2.0,83.91520023,Female,10th grade
6.0,47.27609887,Female,10th grade
7.0,67.16680562,Female,10th grade
1.0,6.655533385,Male,12th grade
6.0,39.1170399,Male,10th grade
0.0,69.15980796,Male,10th grade
4.0,74.10960037,Male,10th grade
6.0,55.18146429,Male,10th grade
7.0,19.64801236,Male,10th grade
6.0,24.92124987,Female,10th grade
0.0,83.90660452,Female,12th grade
0.0,9.08596213,Female,12th grade
0.0,92.92469311,Female,9th grade
0.0,1.450233423,Female,11th grade
1.0,19.12650374,Female,10th grade
1.0,54.15385884,Female,11th grade
7.0,95.62738798,Female,12th grade
5.0,91.12468797,Female,9th grade
1.0,92.1853654,Male,12th grade
7.0,25.61355879,Male,10th grade
2.0,65.2420533,Male,10th grade
7.0,93.2851331,Male,10th grade
0.0,33.25918052,Male,10th grade
0.0,47.9840088,Male,11th grade
4.0,91.6583303,Female,11th grade
1.0,59.11401161,Female,11th grade
4.0,1.066973601,Female,9th grade
4.0,95.95115193,Female,9th grade
1.0,32.84276294,Female,9th grade
5.0,40.43646118,Female,10th grade
0.0,87.95841164,Female,11th grade
7.0,25.09923397,Female,11th grade
0.0,69.49743828,Female,11th grade
1.0,99.09061555,Female,9th grade
2.0,63.34833593,Female,9th grade
2.0,37.57997923,Female,10th grade
2.0,85.72036702,Female,10th grade
2.0,61.10964712,Male,10th grade
4.0,98.88587583,Male,9th grade
1.0,74.42424318,Male,11th grade
1.0,95.82934907,Male,9th grade
1.0,91.40966418,Male,9th grade
2.0,95.46208919,Male,12th grade
7.0,54.236927,Male,12th grade
7.0,87.94414803,Male,12th grade
2.0,35.07000003,Male,10th grade
0.0,67.73802914,Male,9th grade
7.0,87.87854754,Male,11th grade
2.0,39.55289509,Male,11th grade
2.0,95.12999881,Male,9th grade
3.0,89.04143096,Male,9th grade
1.0,45.71292164,Male,10th grade
7.0,21.16741012,Male,11th grade
1.0,89.90649736,Male,10th grade
4.0,48.66934789,Male,10th grade
5.0,76.25826995,Male,11th grade
0.0,85.18017523,Male,11th grade
4.0,40.92584592,Male,12th grade
2.0,49.0050896,Male,11th grade
3.0,43.08896674,Male,10th grade
0.0,99.93921341,Male,11th grade
1.0,62.20949468,Female,9th grade
2.0,97.08385468,Female,9th grade
1.0,92.56422299,Female,10th grade
0.0,31.25098585,Female,10th grade
4.0,97.11968904,Female,12th grade
0.0,93.60197238,Female,12th grade
4.0,47.65563766,Female,11th grade
1.0,0.045809101,Female,9th grade
0.0,86.52052376,Female,12th grade
2.0,81.30024456,Female,12th grade
2.0,76.4894434,Male,10th grade
2.0,83.47021958,Male,10th grade
5.0,72.36104809,Male,10th grade
3.0,97.83064921,Female,10th grade
4.0,44.92105057,Female,9th grade
0.0,97.93339255,Female,9th grade
7.0,91.37213064,Female,10th grade
2.0,96.42850179,Female,10th grade
7.0,59.37978028,Female,11th grade
4.0,94.07864967,Female,10th grade
5.0,38.66815976,Female,12th grade
2.0,97.01115441,Female,9th grade
7.0,52.00817272,Female,10th grade
7.0,15.52806328,Female,10th grade
3.0,77.7669271,Female,10th grade
3.0,93.01938838,Female,10th grade
7.0,93.99215342,Male,9th grade
5.0,78.75181773,Male,12th grade
5.0,93.42294073,Male,9th grade
4.0,53.24794021,Male,10th grade
1.0,30.67625774,Male,12th grade
7.0,20.45465726,Male,11th grade
3.0,51.50184448,Female,11th grade
7.0,2.64e-06,Female,11th grade
5.0,87.87850996,Female,11th grade
3.0,32.3855029,Female,11th grade
4.0,77.26309932,Female,11th grade
0.0,62.34594798,Female,11th grade
2.0,62.50822186,Female,11th grade
7.0,84.50209709,Female,11th grade
7.0,25.01115187,Female,11th grade
3.0,98.63084154,Female,11th grade
4.0,88.74763127,Male,11th grade
3.0,94.79049664,Male,11th grade
7.0,87.65979453,Male,11th grade
7.0,44.68713456,Male,11th grade
3.0,74.45590053,Male,11th grade
7.0,48.1587082,Male,12th grade
4.0,83.57086706,Male,11th grade
4.0,58.54997123,Male,11th grade
3.0,40.06845332,Male,11th grade
1.0,99.45075432,Male,11th grade
1.0,0.051134784,Male,11th grade
6.0,13.56097159,Male,11th grade
7.0,87.94414803,Male,11th grade
0.0,90.37299157,Female,9th grade
2.0,92.04692796,Female,9th grade
1.0,91.6123508,Female,9th grade
6.0,47.52350758,Female,9th grade
7.0,17.6022081,Female,9th grade
7.0,75.4379744,Female,9th grade
7.0,2.379544203,Female,9th grade
5.0,50.11612649,Female,9th grade
0.0,67.85584641,Female,9th grade
6.0,2.881978557,Female,9th grade
5.0,68.85938054,Female,9th grade
0.0,26.03375107,Female,9th grade
2.0,85.2749939,Male,9th grade
6.0,76.13757745,Male,9th grade
0.0,82.18267485,Male,9th grade
3.0,86.45744949,Male,9th grade
6.0,68.38112974,Male,9th grade
0.0,61.71262234,Male,9th grade
5.0,92.21898657,Male,9th grade
4.0,47.66003889,Female,12th grade
1.0,23.38379549,Female,12th grade
1.0,96.91761075,Female,12th grade
1.0,8.666578632,Female,12th grade
0.0,32.8095433,Female,12th grade
0.0,75.83754765,Female,12th grade
1.0,74.57239196,Female,12th grade
0.0,12.03046883,Female,12th grade
2.0,72.96409087,Female,12th grade
0.0,84.35424182,Female,12th grade
3.0,47.47794212,Female,12th grade
0.0,75.39750092,Male,12th grade
0.0,68.80099284,Male,12th grade
5.0,63.10741439,Male,12th grade
0.0,74.88770856,Male,12th grade
7.0,16.47156773,Male,12th grade
3.0,64.9623322,Male,12th grade
7.0,40.05564445,Male,12th grade
5.0,75.86208809,Male,12th grade
0.0,31.37223778,Male,12th grade
5.0,1.77122352,Male,12th grade
1.0,50.50283383,Male,12th grade
3.0,99.03682205,Male,12th grade
2.0,70.10644454,Male,12th grade
6.0,88.51684125,Male,12th grade
0.0,95.77660898,Female,10th grade
2.0,98.94172373,Female,10th grade
1.0,50.14851643,Male,10th grade
0.0,90.49868957,Male,10th grade
0.0,71.8600337,Male,10th grade
7.0,92.9182893,Male,10th grade
3.0,51.74396482,Male,10th grade
1.0,15.23273302,Male,10th grade
7.0,38.18531901,Male,10th grade
0.0,99.45994655,Male,10th grade
3.0,29.08833714,Male,10th grade
0.0,46.1848097,Male,10th grade
7.0,82.64167996,Male,10th grade
3.0,82.96083327,Female,10th grade
3.0,11.24714098,Female,10th grade
1.0,98.26218648,Female,10th grade
0.0,93.04784671,Female,10th grade
1.0,85.24525752,Female,10th grade
0.0,81.10224079,Female,10th grade
0.0,85.31467903,Female,10th grade
0.0,90.14101997,Female,10th grade
3.0,93.5108241,Female,10th grade
3.0,95.75824133,Male,11th grade
5.0,71.06228764,Male,11th grade
2.0,53.9997225,Male,11th grade
7.0,44.68713456,Male,11th grade
4.0,83.60595681,Male,11th grade
1.0,73.02521942,Female,11th grade
0.0,82.389679,Female,11th grade
2.0,74.71972579,Female,11th grade
4.0,37.59623858,Female,11th grade
2.0,96.42850179,Female,11th grade
4.0,94.50047965,Female,11th grade
3.0,61.11298954,Female,11th grade
4.0,88.60664761,Female,11th grade
4.0,61.81583233,Male,12th grade
4.0,61.65712192,Male,12th grade
3.0,92.84632248,Male,12th grade
4.0,27.90530303,Male,12th grade
7.0,87.18889527,Male,12th grade
7.0,98.59570855,Male,12th grade
3.0,87.94414803,Male,12th grade
7.0,79.49010291,Male,12th grade
2.0,96.10989199,Male,12th grade
4.0,72.81720747,Female,12th grade
3.0,78.42521141,Female,12th grade
1.0,77.31751279,Female,12th grade
0.0,84.25378028,Female,12th grade
0.0,74.57239196,Female,12th grade
1.0,1.040692149,Female,12th grade
7.0,30.75290843,Female,12th grade
3.0,84.79922772,Female,12th grade
0.0,56.72044489,Female,12th grade
1.0,67.52847944,Female,12th grade
0.0,96.607808,Female,12th grade
3.0,21.5848941,Female,12th grade
0.0,82.77165616,Female,12th grade
2.0,98.75115036,Female,10th grade
4.0,35.66865835,Female,10th grade
1.0,73.26786003,Female,10th grade
2.0,40.12824976,Female,10th grade
5.0,61.88431836,Male,10th grade
7.0,94.10081274,Male,10th grade
4.0,26.68936925,Male,10th grade
4.0,28.71252147,Male,11th grade
3.0,32.35454194,Male,10th grade
7.0,71.78970487,Male,9th grade
4.0,90.58080359,Male,9th grade
5.0,77.16543562,Male,9th grade
3.0,56.80243165,Male,9th grade
7.0,71.24031837,Male,9th grade
2.0,41.67982919,Male,9th grade
2.0,90.71396088,Male,9th grade
7.0,59.68386646,Male,9th grade
6.0,41.49272193,Male,9th grade
7.0,75.34330559,Male,9th grade
0.0,84.98193234,Male,9th grade
2.0,71.40661886,Female,9th grade
4.0,97.68724399,Female,9th grade
4.0,81.05074651,Female,10th grade
4.0,21.63321504,Female,9th grade
2.0,94.70532232,Female,9th grade
0.0,4.426436027,Female,9th grade
1.0,52.41155379,Female,9th grade
1.0,96.9162776,Female,9th grade
4.0,72.35308828,Female,9th grade
0.0,6.456082686,Female,12th grade
5.0,77.26466634,Female,12th grade
2.0,36.56155956,Female,12th grade
2.0,38.60495566,Female,12th grade
5.0,71.57822345,Female,12th grade
0.0,37.9713165,Female,12th grade
7.0,76.1728684,Female,12th grade
7.0,18.09721231,Male,12th grade
0.0,56.89389424,Female,12th grade
0.0,99.11515354,Female,12th grade
1.0,56.29565269,Female,12th grade
3.0,37.60087813,Female,12th grade
7.0,95.58149175,Female,12th grade
7.0,81.09258337,Female,12th grade
4.0,97.3850416,Female,12th grade
4.0,93.8974971,Female,12th grade
7.0,92.00747278,Female,12th grade
4.0,38.11680761,Male,12th grade
0.0,84.60145534,Male,12th grade
0.0,79.52427005,Male,12th grade
0.0,74.81401065,Male,12th grade
7.0,7.959041694,Male,12th grade
1.0,90.445849,Male,12th grade
3.0,24.7571985,Male,12th grade
0.0,8.447500337,Male,12th grade
5.0,40.85216047,Female,12th grade
3.0,91.865233,Male,10th grade
1.0,80.3927078,Male,10th grade
0.0,11.92806296,Female,10th grade
5.0,89.7600136,Female,10th grade
3.0,99.4736041,Female,10th grade
5.0,56.4762692,Female,10th grade
0.0,99.60157868,Female,10th grade
0.0,47.27609887,Female,10th grade
0.0,72.8620188,Female,11th grade
3.0,90.56283741,Female,10th grade
0.0,30.70445124,Female,10th grade
3.0,79.16293108,Female,11th grade
7.0,95.23595706,Male,10th grade
4.0,1.69182758,Male,10th grade
7.0,73.74393215,Male,10th grade
6.0,96.77869686,Male,10th grade
7.0,11.47562175,Male,10th grade
7.0,58.76108734,Male,10th grade
0.0,78.44672535,Male,10th grade
4.0,36.51881463,Male,9th grade
2.0,7.786362929,Male,10th grade
5.0,66.01686883,Male,10th grade
4.0,41.29710255,Male,9th grade
5.0,71.8600337,Male,9th grade
2.0,98.86505329,Male,9th grade
2.0,99.05158154,Male,9th grade
5.0,99.42416011,Male,9th grade
4.0,74.10960037,Male,9th grade
2.0,96.90622653,Male,9th grade
3.0,97.34382183,Male,9th grade
3.0,92.31852205,Male,9th grade
4.0,38.28337982,Male,9th grade
0.0,71.78970487,Male,9th grade
7.0,37.28554371,Male,9th grade
1.0,65.30556353,Male,9th grade
7.0,35.66711146,Male,9th grade
0.0,78.01416162,Female,9th grade
7.0,98.13069663,Male,9th grade
0.0,42.35560365,Female,9th grade
7.0,87.92794661,Female,9th grade
4.0,65.18427112,Female,9th grade
0.0,90.13633248,Female,9th grade
2.0,97.66670803,Female,9th grade
2.0,66.25080662,Female,9th grade
4.0,47.57670396,Female,9th grade
2.0,98.05858402,Male,9th grade
0.0,33.25918052,Male,11th grade
7.0,72.83796204,Male,11th grade
7.0,83.87324627,Male,12th grade
3.0,90.74861503,Female,11th grade
0.0,25.09923397,Female,11th grade
4.0,36.04892235,Female,11th grade
6.0,77.20364961,Female,11th grade
1.0,28.08611963,Female,11th grade
0.0,53.20245682,Female,11th grade
0.0,85.29469889,Female,11th grade
3.0,83.55913032,Female,11th grade
0.0,58.167767,Male,11th grade
5.0,92.24738058,Male,11th grade
7.0,54.64792215,Male,11th grade
3.0,7.795843149,Male,11th grade
7.0,83.86652792,Male,11th grade
5.0,74.42424318,Male,11th grade
6.0,25.57495635,Male,11th grade
7.0,58.167767,Male,11th grade
0.0,99.39611272,Male,12th grade
2.0,87.51636498,Male,11th grade
2.0,96.79156391,Female,10th grade
5.0,94.84567408,Female,12th grade
6.0,97.02512876,Female,10th grade
0.0,90.70856779,Male,10th grade
0.0,30.96658817,Male,10th grade
3.0,83.59949632,Male,9th grade
2.0,35.23948373,Male,9th grade
0.0,91.61110991,Male,9th grade
0.0,98.46195333,Female,12th grade
0.0,82.10290629,Female,12th grade
0.0,72.58968062,Female,10th grade
5.0,69.32665792,Female,11th grade
0.0,72.98083347,Female,12th grade
4.0,94.89062216,Female,12th grade
3.0,93.5524051,Female,11th grade
5.0,23.38379549,Female,11th grade
0.0,93.85224358,Female,10th grade
3.0,53.20245682,Female,11th grade
0.0,89.4782601,Female,10th grade
1.0,70.57774417,Female,11th grade
0.0,95.88664025,Male,10th grade
7.0,50.0155871,Male,10th grade
5.0,69.17629728,Male,11th grade
7.0,84.41178425,Male,11th grade
5.0,99.17363722,Male,10th grade
2.0,92.22349826,Male,12th grade
5.0,36.17262129,Male,12th grade
6.0,85.45094495,Male,11th grade
7.0,55.79291405,Male,11th grade
0.0,23.32766848,Male,12th grade
0.0,65.99443629,Male,12th grade
6.0,33.42547597,Male,12th grade
5.0,99.45075432,Male,12th grade
4.0,15.10735958,Male,12th grade
7.0,22.65031825,Male,12th grade
0.0,53.6985542,Male,12th grade
3.0,52.96298965,Male,12th grade
3.0,65.59480184,Female,12th grade
1.0,74.60880949,Female,12th grade
7.0,48.05850021,Female,12th grade
7.0,70.67451976,Female,12th grade
0.0,34.21869952,Female,12th grade
4.0,98.07642499,Female,12th grade
0.0,58.53747904,Female,12th grade
0.0,77.93264216,Female,12th grade
1.0,96.72195144,Female,12th grade
2.0,87.28304242,Female,12th grade
0.0,77.77567,Female,12th grade
5.0,37.60087813,Female,12th grade
0.0,16.31431911,Female,12th grade
7.0,59.01721944,Female,12th grade
7.0,99.79839388,Male,12th grade
3.0,80.05711002,Male,11th grade
0.0,71.04047181,Male,12th grade
4.0,67.61599886,Male,11th grade
0.0,74.60880949,Female,11th grade
0.0,94.17856735,Female,12th grade
2.0,85.05950283,Female,11th grade
0.0,59.20569812,Female,12th grade
5.0,72.08322728,Female,11th grade
0.0,97.18182517,Female,12th grade
0.0,90.83906742,Female,12th grade
0.0,71.891691,Female,12th grade
5.0,78.54932814,Female,12th grade
0.0,86.3768893,Female,10th grade
2.0,66.03556499,Female,12th grade
5.0,96.43469449,Female,9th grade
0.0,99.5295077,Female,10th grade
2.0,95.75133647,Female,10th grade
0.0,99.24955767,Female,9th grade
7.0,83.09080929,Female,10th grade
7.0,10.99453961,Female,9th grade
0.0,62.95970228,Female,9th grade
3.0,67.73802914,Male,9th grade
5.0,80.99144164,Male,9th grade
0.0,99.26162772,Male,9th grade
7.0,76.13757745,Male,9th grade
7.0,21.62261333,Male,9th grade
5.0,57.7634963,Male,9th grade
0.0,97.68096171,Male,9th grade
2.0,98.65323853,Male,9th grade
2.0,72.35863492,Female,9th grade
0.0,36.05467439,Female,9th grade
0.0,21.96843719,Female,9th grade
2.0,69.50376509,Female,9th grade
7.0,10.11079213,Female,9th grade
6.0,85.9657027,Female,9th grade
2.0,90.63697435,Female,9th grade
4.0,78.58439332,Female,9th grade
5.0,83.32808854,Female,9th grade
7.0,7.45461601,Female,9th grade
2.0,92.64639674,Female,9th grade
5.0,68.81281941,Female,9th grade
7.0,33.95960578,Female,9th grade
2.0,64.48479627,Female,9th grade
6.0,62.95970228,Female,9th grade
0.0,5.526833422,Female,9th grade
0.0,67.85584641,Female,9th grade
5.0,58.79389889,Female,9th grade
5.0,58.8744133,Female,9th grade
7.0,65.18427112,Female,9th grade
1.0,83.95631584,Female,9th grade
4.0,68.81281941,Female,9th grade
1.0,79.68910751,Female,9th grade
1.0,83.91520023,Female,9th grade
1.0,62.95970228,Female,9th grade
1.0,12.53651587,Female,9th grade
5.0,90.69075623,Female,10th grade
0.0,58.18062198,Female,10th grade
0.0,66.15077327,Female,10th grade
2.0,67.48018081,Female,10th grade
7.0,63.80149613,Female,10th grade
6.0,93.27221205,Female,10th grade
6.0,56.10159588,Female,10th grade
0.0,58.09322257,Female,10th grade
5.0,54.17655037,Female,10th grade
7.0,35.48942561,Female,10th grade
3.0,69.9574235,Female,10th grade
5.0,66.08825915,Female,10th grade
3.0,49.20619657,Female,10th grade
7.0,87.02647953,Female,10th grade
2.0,78.74951784,Female,10th grade
1.0,70.01718134,Female,10th grade
7.0,4.566712221,Female,10th grade
1.0,26.01707526,Female,10th grade
2.0,42.35560365,Female,10th grade
7.0,84.96007198,Female,10th grade
0.0,70.84066228,Female,10th grade
0.0,39.1338294,Female,10th grade
0.0,84.18387078,Female,10th grade
0.0,14.34002364,Female,10th grade
3.0,47.57670396,Female,10th grade
6.0,69.91124718,Female,10th grade
4.0,30.70445124,Female,10th grade
7.0,93.98672032,Female,10th grade
1.0,80.06893476,Female,10th grade
0.0,67.16680562,Female,10th grade
5.0,40.43646118,Female,12th grade
3.0,48.05850021,Female,12th grade
6.0,42.28388655,Female,12th grade
0.0,16.96162003,Female,12th grade
1.0,96.81183336,Female,12th grade
6.0,25.53707289,Female,12th grade
0.0,43.67278106,Female,12th grade
7.0,77.04936127,Female,12th grade
5.0,70.40604141,Female,12th grade
7.0,57.45496513,Female,12th grade
1.0,47.47794212,Female,12th grade
7.0,49.07165942,Female,12th grade
3.0,41.01256196,Female,12th grade
5.0,53.20245682,Female,12th grade
3.0,64.33096732,Female,12th grade
6.0,94.89062216,Female,12th grade
0.0,95.58149175,Female,12th grade
2.0,18.46382222,Female,12th grade
3.0,68.28334828,Female,12th grade
2.0,25.09923397,Female,12th grade
3.0,28.36503577,Female,12th grade
6.0,57.0210877,Female,12th grade
0.0,43.75638371,Female,12th grade
3.0,72.98083347,Female,12th grade
5.0,86.29008291,Female,12th grade
0.0,84.99544367,Female,12th grade
0.0,25.70763057,Female,12th grade
0.0,57.95910476,Female,12th grade
0.0,67.65550199,Female,12th grade
7.0,62.35877188,Female,12th grade
4.0,65.84221705,Female,12th grade
3.0,25.09923397,Female,12th grade
2.0,83.32303085,Female,11th grade
3.0,43.13219212,Female,11th grade
0.0,48.86370739,Female,11th grade
0.0,69.87171391,Female,11th grade
4.0,33.24297302,Female,11th grade
5.0,80.85855022,Female,11th grade
4.0,92.09238408,Female,11th grade
7.0,30.28405624,Female,11th grade
1.0,77.20364961,Female,11th grade
4.0,47.24873407,Female,11th grade
4.0,47.24873407,Female,11th grade
6.0,69.91124718,Female,11th grade
2.0,30.70445124,Female,11th grade
0.0,51.28932037,Female,11th grade
3.0,69.91124718,Female,11th grade
0.0,96.79054098,Female,11th grade
3.0,33.86369686,Female,11th grade
2.0,66.08825915,Female,11th grade
4.0,67.3913645,Female,11th grade
4.0,30.70445124,Female,11th grade
0.0,88.38128572,Female,11th grade
6.0,62.8727162,Female,11th grade
7.0,80.35879541,Female,11th grade
0.0,69.87171391,Female,11th grade
4.0,53.01344219,Female,11th grade
7.0,65.34979392,Female,11th grade
5.0,64.9623322,Male,11th grade
1.0,90.37921469,Male,11th grade
0.0,98.0925937,Male,11th grade
7.0,68.33176627,Male,11th grade
7.0,52.2254525,Male,11th grade
5.0,80.22345378,Male,11th grade
0.0,25.62543853,Female,11th grade
0.0,61.69382467,Female,11th grade
3.0,13.05895813,Male,11th grade
4.0,13.08187583,Male,11th grade
7.0,68.83070878,Male,11th grade
1.0,30.75861295,Male,11th grade
5.0,28.90519034,Male,11th grade
1.0,66.2563695,Female,11th grade
0.0,3.128253034,Female,11th grade
5.0,70.79270495,Female,11th grade
0.0,47.66003889,Female,11th grade
2.0,48.78013478,Female,11th grade
6.0,56.12393568,Female,11th grade
5.0,79.94321014,Female,11th grade
1.0,14.41009254,Female,11th grade
2.0,51.66244191,Female,11th grade
0.0,35.7668954,Male,12th grade
5.0,65.99443629,Male,12th grade
0.0,83.08553229,Male,12th grade
4.0,78.8391597,Male,12th grade
3.0,22.22112875,Male,12th grade
5.0,11.03574531,Male,12th grade
4.0,68.17556258,Male,12th grade
0.0,69.03579973,Male,12th grade
4.0,62.4051345,Female,12th grade
4.0,45.66375002,Male,12th grade
1.0,46.70869378,Male,12th grade
3.0,88.07814594,Male,12th grade
1.0,42.03799573,Male,12th grade
0.0,21.29836523,Male,12th grade
0.0,3.482496475,Male,12th grade
5.0,46.22440078,Male,12th grade
0.0,47.18050149,Male,12th grade
7.0,41.88017444,Male,12th grade
6.0,42.90615422,Male,12th grade
5.0,68.84387879,Female,12th grade
5.0,84.25378028,Female,12th grade
0.0,16.83873014,Female,12th grade
1.0,85.0778139,Female,12th grade
7.0,41.98150796,Female,12th grade
0.0,81.94224698,Female,12th grade
2.0,68.28334828,Female,12th grade
6.0,82.1659813,Female,12th grade
0.0,91.40637186,Female,12th grade
1.0,32.49797332,Female,9th grade
0.0,74.97339737,Female,9th grade
1.0,72.66703407,Female,9th grade
6.0,22.66659312,Female,9th grade
1.0,46.66948125,Female,9th grade
7.0,98.866067,Female,9th grade
7.0,45.33714908,Female,9th grade
2.0,80.73897731,Female,9th grade
5.0,33.0342922,Female,9th grade
1.0,44.95264333,Female,9th grade
3.0,63.79127104,Female,9th grade
7.0,68.33176627,Male,10th grade
5.0,79.92043653,Male,9th grade
5.0,31.08786145,Male,9th grade
4.0,69.77678882,Male,10th grade
0.0,22.68701278,Male,9th grade
0.0,66.76021312,Male,9th grade
3.0,43.08896674,Male,10th grade
7.0,97.83665559,Male,10th grade
4.0,69.13113635,Male,10th grade
5.0,84.69244832,Male,10th grade
2.0,98.73640282,Male,10th grade
1.0,71.06344628,Female,10th grade
6.0,9.60866394,Female,10th grade
0.0,84.74197212,Male,10th grade
7.0,94.78186851,Male,10th grade
6.0,76.61594979,Male,10th grade
5.0,92.62027788,Male,10th grade
7.0,38.29380716,Male,10th grade
6.0,85.72136293,Male,10th grade
5.0,47.57670396,Female,10th grade
0.0,81.10224079,Female,10th grade
4.0,81.07986622,Female,10th grade
0.0,16.01481832,Female,10th grade
0.0,71.44508093,Female,10th grade
3.0,8.776643466,Female,10th grade
5.0,78.74951784,Female,10th grade
5.0,87.28187463,Female,10th grade
6.0,58.54997123,Male,11th grade
5.0,96.02199137,Male,11th grade
2.0,33.32195557,Male,11th grade
7.0,29.00140843,Male,11th grade
6.0,29.00140843,Male,11th grade
7.0,55.79291405,Male,11th grade
4.0,58.167767,Male,10th grade
7.0,74.79862377,Male,11th grade
6.0,77.99562031,Male,11th grade
7.0,59.96662845,Male,11th grade
0.0,86.79031424,Female,11th grade
5.0,71.44508093,Female,11th grade
4.0,78.35309341,Female,11th grade
0.0,53.01344219,Female,11th grade
0.0,60.51961267,Female,11th grade
0.0,4.324742377,Female,11th grade
5.0,5.76145587,Female,11th grade
0.0,40.43646118,Female,11th grade
5.0,71.79758191,Female,9th grade
1.0,24.92124987,Female,9th grade
3.0,78.03174669,Female,9th grade
2.0,32.49797332,Female,9th grade
7.0,53.96737126,Female,9th grade
0.0,82.96083327,Female,9th grade
5.0,0.070359897,Female,9th grade
6.0,6.85423202,Female,9th grade
0.0,76.12920997,Female,9th grade
7.0,39.22259532,Female,9th grade
0.0,22.13344692,Female,9th grade
1.0,39.1338294,Female,9th grade
0.0,97.4004263,Male,9th grade
2.0,75.69056427,Male,9th grade
0.0,92.20562076,Male,9th grade
6.0,18.58008295,Male,9th grade
3.0,0.006768612,Male,9th grade
3.0,36.89716191,Male,9th grade
7.0,99.30596391,Male,9th grade
4.0,84.50209709,Female,10th grade
6.0,52.97646557,Female,10th grade
0.0,63.80149613,Female,10th grade
5.0,36.68936176,Female,10th grade
5.0,78.9594291,Male,10th grade
0.0,42.05103451,Male,11th grade
6.0,50.83565947,Female,10th grade
7.0,17.74504799,Female,10th grade
1.0,46.07997675,Female,10th grade
2.0,74.26220694,Female,10th grade
3.0,74.34578782,Female,10th grade
6.0,77.86602504,Female,10th grade
0.0,76.25276108,Female,10th grade
4.0,26.68936925,Male,10th grade
7.0,87.98815832,Male,10th grade
4.0,66.76021312,Male,10th grade
0.0,84.21561074,Male,10th grade
5.0,80.0028944,Male,10th grade
5.0,96.33551746,Male,10th grade
0.0,42.63849961,Male,10th grade
2.0,40.07525181,Male,12th grade
5.0,69.13085778,Male,12th grade
0.0,58.87622836,Male,12th grade
7.0,44.17451831,Male,12th grade
4.0,93.03240074,Male,12th grade
0.0,90.53013351,Male,12th grade
4.0,68.17556258,Male,12th grade
3.0,95.72836219,Male,12th grade
1.0,89.6840555,Male,12th grade
0.0,92.38177404,Male,12th grade
0.0,97.67997894,Male,12th grade
0.0,84.95448835,Female,12th grade
2.0,95.36191231,Female,12th grade
4.0,65.84221705,Female,12th grade
5.0,31.12614491,Female,12th grade
0.0,98.5063014,Female,12th grade
0.0,65.84221705,Female,12th grade
0.0,93.60197238,Female,12th grade
1.0,96.91369875,Female,12th grade
0.0,89.23253452,Female,12th grade
0.0,71.91187626,Female,12th grade
0.0,96.62415739,Female,10th grade
0.0,50.87045271,Female,10th grade
0.0,98.37089358,Female,10th grade
0.0,17.6022081,Female,10th grade
3.0,85.06633791,Female,10th grade
0.0,74.23946269,Female,10th grade
0.0,63.18671378,Female,10th grade
0.0,67.02228158,Female,10th grade
0.0,15.98973041,Female,10th grade
7.0,61.78523973,Female,10th grade
2.0,93.79543511,Female,10th grade
0.0,84.67610222,Female,10th grade
0.0,92.41452555,Female,10th grade
3.0,54.04791735,Male,10th grade
4.0,51.77995186,Male,10th grade
0.0,86.07223918,Male,10th grade
3.0,89.94730421,Male,10th grade
7.0,63.35195197,Male,10th grade
7.0,99.80992116,Male,10th grade
6.0,76.13913858,Male,10th grade
7.0,66.01686883,Male,10th grade
4.0,92.18630697,Male,10th grade
6.0,92.67341005,Male,10th grade
5.0,46.63367372,Female,11th grade
3.0,16.31431911,Female,11th grade
0.0,67.02228158,Female,11th grade
0.0,49.28651193,Female,11th grade
7.0,92.23530338,Female,11th grade
3.0,66.72581086,Female,11th grade
2.0,23.08528326,Female,11th grade
3.0,79.94321014,Female,11th grade
0.0,50.83565947,Female,11th grade
7.0,97.82337051,Female,11th grade
5.0,25.62543853,Female,11th grade
0.0,87.0393965,Male,11th grade
4.0,2.702715023,Male,11th grade
0.0,84.25460359,Male,11th grade
3.0,99.30645185,Male,12th grade
7.0,74.45590053,Male,11th grade
7.0,98.27574094,Male,11th grade
7.0,87.89933447,Male,11th grade
0.0,84.41178425,Male,11th grade
0.0,86.94086538,Male,11th grade
3.0,61.62211135,Male,11th grade
4.0,51.7428672,Male,11th grade
0.0,7.43365761,Male,11th grade
7.0,56.8165505,Male,11th grade
7.0,91.42596371,Male,12th grade
5.0,79.76241959,Female,12th grade
3.0,42.06321618,Female,12th grade
7.0,95.36191231,Female,12th grade
0.0,96.35684269,Male,12th grade
0.0,27.90530303,Male,12th grade
0.0,56.18208753,Male,12th grade
7.0,84.52270324,Male,12th grade
7.0,26.55798646,Male,12th grade
2.0,61.12521977,Male,12th grade
4.0,90.3259285,Male,12th grade
0.0,44.87060316,Male,12th grade
0.0,95.37626702,Male,12th grade
3.0,75.2628239,Male,12th grade
6.0,20.03706101,Male,12th grade
0.0,1.427180351,Male,12th grade
5.0,52.55947074,Female,9th grade
0.0,96.25618095,Female,9th grade
7.0,0.071055622,Female,9th grade
0.0,80.51016783,Female,9th grade
7.0,70.75265862,Female,9th grade
2.0,98.76991154,Female,10th grade
2.0,92.39504425,Male,9th grade
2.0,94.70832232,Male,9th grade
2.0,1.126496772,Male,9th grade
7.0,52.16728949,Male,9th grade
5.0,82.7581041,Male,9th grade
7.0,26.04781219,Male,10th grade
7.0,82.9105435,Male,9th grade
7.0,77.31131058,Male,9th grade
0.0,65.01123559,Female,11th grade
4.0,48.38799949,Male,11th grade
2.0,37.57997923,Female,10th grade
2.0,70.84066228,Female,10th grade
0.0,21.9624896,Female,10th grade
0.0,53.96737126,Female,10th grade
5.0,79.94743674,Male,10th grade
0.0,6.480710021,Male,10th grade
3.0,11.71844697,Male,10th grade
6.0,14.02708141,Male,10th grade
6.0,76.4894434,Male,10th grade
1.0,99.3207331,Male,10th grade
0.0,34.55230954,Male,10th grade
6.0,57.71859003,Male,10th grade
3.0,98.74117445,Male,10th grade
1.0,84.34610709,Female,10th grade
7.0,47.58022949,Male,12th grade
7.0,98.57458319,Male,12th grade
2.0,98.72363287,Male,12th grade
2.0,94.79049664,Male,12th grade
0.0,7.309878943,Male,12th grade
1.0,91.40877185,Female,12th grade
0.0,13.16010488,Female,12th grade
2.0,65.43024833,Female,12th grade
7.0,0.520765122,Female,12th grade
1.0,95.39469153,Female,12th grade
5.0,90.75765214,Female,12th grade
2.0,84.10842539,Female,12th grade
2.0,45.76251448,Female,12th grade
3.0,25.21110536,Female,12th grade
2.0,94.29536872,Female,12th grade
3.0,35.04876286,Female,12th grade
7.0,36.41834536,Female,12th grade
0.0,60.51961267,Female,12th grade
0.0,72.44971173,Female,12th grade
0.0,73.70743646,Male,9th grade
0.0,96.94902892,Female,9th grade
2.0,50.11612649,Female,9th grade
5.0,77.42100631,Female,9th grade
1.0,88.2640755,Female,9th grade
0.0,85.29469889,Female,9th grade
2.0,44.42268346,Female,9th grade
1.0,73.44604344,Female,9th grade
6.0,43.53539984,Female,9th grade
3.0,61.87259156,Female,9th grade
5.0,62.47075585,Female,9th grade
1.0,54.38998582,Male,9th grade
4.0,96.12554764,Male,9th grade
5.0,86.71569586,Male,9th grade
3.0,99.59722635,Male,9th grade
0.0,97.55335966,Male,10th grade
7.0,2.286363367,Male,9th grade
5.0,94.6470681,Male,9th grade
5.0,26.14331104,Male,9th grade
2.0,63.50973543,Male,9th grade
1.0,95.76721077,Male,9th grade
3.0,99.84386039,Male,11th grade
2.0,84.10727673,Male,11th grade
6.0,53.6985542,Male,11th grade
4.0,96.93235216,Male,11th grade
0.0,99.02321608,Male,11th grade
0.0,27.90530303,Male,11th grade
0.0,89.82378786,Male,11th grade
6.0,79.16293108,Female,11th grade
1.0,65.23127763,Female,11th grade
3.0,74.34578782,Female,11th grade
0.0,1.354683366,Female,11th grade
0.0,2.19153782,Female,11th grade
4.0,19.12650374,Female,11th grade
0.0,94.89706786,Female,11th grade
0.0,85.24612213,Female,11th grade
0.0,21.02306116,Female,11th grade
4.0,52.22408981,Female,11th grade
0.0,97.83497723,Female,11th grade
2.0,75.19253869,Female,11th grade
7.0,25.09923397,Female,11th grade
0.0,97.61424168,Female,11th grade
0.0,52.74582649,Female,11th grade
0.0,97.5371005,Female,11th grade
7.0,79.67120611,Male,11th grade
7.0,58.167767,Male,11th grade
6.0,62.29315889,Male,11th grade
7.0,61.44648834,Male,11th grade
7.0,96.57697985,Male,11th grade
3.0,93.67424598,Male,11th grade
1.0,80.50659742,Male,11th grade
0.0,51.7428672,Male,11th grade
6.0,66.16040353,Female,11th grade
4.0,21.293857,Female,11th grade
5.0,81.97672505,Male,11th grade
2.0,92.84085921,Female,12th grade
1.0,57.0210877,Female,12th grade
5.0,70.67451976,Female,12th grade
4.0,75.01704032,Female,12th grade
0.0,99.21076424,Female,12th grade
0.0,37.60087813,Female,12th grade
1.0,71.86076545,Female,12th grade
0.0,97.08533916,Female,12th grade
0.0,92.83424307,Female,12th grade
5.0,74.60880949,Female,12th grade
4.0,98.57848685,Male,12th grade
0.0,82.19258456,Female,12th grade
2.0,37.60087813,Female,12th grade
3.0,42.90615422,Male,12th grade
0.0,67.38519263,Male,12th grade
4.0,61.62522673,Male,12th grade
0.0,99.18115262,Male,12th grade
1.0,54.64792215,Male,12th grade
0.0,58.87622836,Male,12th grade
7.0,84.62919716,Male,12th grade
3.0,56.18208753,Male,12th grade
2.0,57.23154694,Male,12th grade
0.0,7.43365761,Male,12th grade
6.0,27.92771638,Male,10th grade
4.0,39.37452899,Male,10th grade
5.0,78.44672535,Male,10th grade
0.0,63.48927185,Male,10th grade
0.0,56.67898027,Male,10th grade
7.0,97.49494147,Male,10th grade
4.0,43.94501206,Male,10th grade
7.0,68.33176627,Male,10th grade
7.0,58.18521241,Male,10th grade
3.0,63.26262945,Male,10th grade
5.0,75.92719998,Male,10th grade
7.0,50.41309274,Male,10th grade
3.0,61.87259156,Female,10th grade
0.0,70.67451976,Female,10th grade
0.0,28.63552609,Male,10th grade
7.0,99.65169103,Male,10th grade
2.0,37.57997923,Female,10th grade
7.0,25.29993613,Female,10th grade
1.0,83.06926617,Female,10th grade
0.0,90.14101997,Female,10th grade
0.0,95.9856148,Female,9th grade
1.0,93.79543511,Female,9th grade
1.0,82.57589609,Female,9th grade
0.0,88.01784697,Female,9th grade
3.0,98.01728332,Female,9th grade
0.0,17.93580699,Female,9th grade
4.0,11.72368213,Female,9th grade
0.0,79.73361306,Female,9th grade
7.0,26.94682817,Female,9th grade
3.0,76.13757745,Male,9th grade
5.0,98.3757666,Male,9th grade
0.0,11.98787945,Female,9th grade
0.0,99.23716232,Female,9th grade
0.0,72.66703407,Female,9th grade
3.0,86.45744949,Male,9th grade
3.0,42.79220671,Male,9th grade
1.0,4.86964072,Male,9th grade
4.0,0.983247028,Male,9th grade
5.0,93.87468769,Male,9th grade
7.0,75.69056427,Male,9th grade
1.0,25.66497134,Male,9th grade
7.0,92.23355665,Male,9th grade
0.0,17.54872121,Male,9th grade
5.0,72.97464678,Male,9th grade
0.0,19.43625279,Male,9th grade
0.0,90.19374415,Male,9th grade
0.0,40.8934694,Male,9th grade
2.0,7.004844233,Female,10th grade
5.0,68.80335871,Female,10th grade
7.0,95.79402088,Female,10th grade
0.0,53.01344219,Female,10th grade
0.0,76.31024948,Female,10th grade
0.0,95.03683894,Female,10th grade
0.0,98.78491689,Female,10th grade
1.0,84.2338361,Female,10th grade
7.0,99.39712288,Female,10th grade
7.0,76.16361312,Female,10th grade
6.0,77.55710461,Female,12th grade
7.0,43.94501206,Male,10th grade
3.0,44.24834399,Male,10th grade
7.0,93.79838032,Male,10th grade
4.0,87.25071452,Male,10th grade
2.0,96.87222741,Male,10th grade
3.0,97.43979933,Male,10th grade
0.0,89.45512899,Female,9th grade
3.0,48.48588362,Female,9th grade
7.0,94.35712574,Female,9th grade
5.0,90.74566924,Male,10th grade
0.0,99.73495036,Male,9th grade
6.0,83.60669867,Male,10th grade
2.0,86.78281777,Male,9th grade
5.0,74.47952441,Male,9th grade
7.0,90.70856779,Male,9th grade
3.0,15.54898951,Male,9th grade
7.0,99.4807266,Male,9th grade
4.0,42.10114543,Male,12th grade
2.0,47.13837771,Male,12th grade
7.0,45.1520129,Male,12th grade
4.0,98.70411202,Male,12th grade
0.0,44.02474329,Male,12th grade
0.0,96.99582359,Female,12th grade
3.0,92.80500857,Female,12th grade
4.0,56.52032716,Female,12th grade
0.0,83.93878579,Female,12th grade
4.0,59.03829979,Female,12th grade
7.0,56.95703982,Female,10th grade
7.0,86.95492749,Female,12th grade
2.0,65.56463771,Female,12th grade
0.0,81.91225318,Female,12th grade
7.0,79.456875,Female,11th grade
3.0,29.00140843,Male,11th grade
0.0,29.00140843,Male,11th grade
4.0,75.35975743,Male,11th grade
0.0,75.2628239,Male,11th grade
0.0,1.626257173,Male,11th grade
7.0,8.924870102,Male,11th grade
4.0,98.44322633,Male,11th grade
4.0,34.21992462,Female,11th grade
5.0,96.77602067,Female,11th grade
5.0,18.46382222,Female,11th grade
3.0,67.37412662,Female,11th grade
1.0,53.28931968,Female,11th grade
3.0,97.57939704,Male,11th grade
0.0,95.19034603,Male,11th grade
5.0,49.0050896,Male,11th grade
6.0,97.16639571,Male,11th grade
5.0,85.84986532,Male,11th grade
7.0,87.29843376,Male,11th grade
7.0,37.6095217,Male,11th grade
1.0,69.17629728,Male,11th grade
7.0,88.10799552,Female,11th grade
6.0,65.04131108,Female,11th grade
1.0,92.63103874,Female,11th grade
7.0,70.24766118,Female,11th grade
7.0,42.9070731,Female,11th grade
1.0,68.83869584,Female,11th grade
7.0,68.725309,Female,11th grade
5.0,5.526833422,Female,11th grade
0.0,47.57670396,Female,11th grade
5.0,76.28817411,Female,11th grade
0.0,47.25298589,Female,11th grade
7.0,34.78983709,Female,11th grade
2.0,78.74951784,Female,11th grade
4.0,95.41000401,Female,11th grade
1.0,47.57670396,Female,11th grade
0.0,56.12875598,Female,12th grade
6.0,81.86351046,Female,11th grade
0.0,42.1484795,Female,10th grade
7.0,75.35975743,Male,10th grade
5.0,91.89342822,Male,10th grade
7.0,11.9858923,Male,10th grade
2.0,87.46561902,Male,10th grade
7.0,94.52660879,Male,10th grade
4.0,50.27447135,Male,10th grade
1.0,86.77246275,Male,10th grade
7.0,58.18521241,Male,10th grade
4.0,98.96889227,Male,10th grade
0.0,72.86170979,Female,10th grade
0.0,60.19581026,Female,10th grade
5.0,73.82749997,Female,10th grade
0.0,41.07328925,Female,10th grade
0.0,70.79270495,Female,10th grade
4.0,97.12160963,Male,12th grade
7.0,88.99530649,Male,12th grade
4.0,92.16826247,Male,12th grade
6.0,98.5202237,Male,12th grade
1.0,90.71004354,Male,12th grade
6.0,35.93437682,Male,12th grade
1.0,84.29940203,Male,12th grade
5.0,79.93438595,Male,12th grade
0.0,98.55640316,Female,12th grade
6.0,9.785228042,Female,12th grade
0.0,56.89389424,Female,12th grade
0.0,31.63999593,Male,12th grade
0.0,92.76041295,Female,12th grade
0.0,25.53707289,Female,12th grade
6.0,46.60251916,Female,12th grade
2.0,64.96446681,Female,12th grade
1.0,16.94993769,Female,12th grade
1.0,71.89758579,Female,12th grade
5.0,55.15612985,Female,12th grade
0.0,45.17144028,Female,12th grade
0.0,39.76467297,Female,12th grade
5.0,79.92192149,Male,9th grade
2.0,71.19957299,Male,9th grade
1.0,95.06181133,Male,9th grade
3.0,85.2749939,Male,9th grade
0.0,53.35115646,Male,9th grade
7.0,87.02647953,Female,9th grade
4.0,75.68396476,Female,9th grade
0.0,85.48936906,Female,9th grade
7.0,29.22517342,Male,9th grade
0.0,12.44537975,Male,9th grade
3.0,91.3566731,Male,9th grade
7.0,92.68103481,Male,9th grade
2.0,92.61218964,Male,9th grade
7.0,71.8600337,Male,9th grade
7.0,93.90236056,Male,9th grade
7.0,79.57774669,Male,9th grade
2.0,25.54426508,Male,9th grade
1.0,78.31747374,Male,9th grade
7.0,82.18267485,Male,9th grade
0.0,63.48927185,Male,9th grade
0.0,35.63692335,Male,9th grade
7.0,62.87405109,Male,9th grade
0.0,30.29781056,Female,9th grade
0.0,65.18427112,Female,9th grade
2.0,92.76804997,Female,9th grade
3.0,88.88067089,Female,9th grade
0.0,94.97024784,Female,9th grade
4.0,80.10061405,Female,9th grade
1.0,29.64029012,Female,9th grade
1.0,64.15249188,Female,9th grade
5.0,71.77163239,Female,12th grade
7.0,60.76861032,Male,12th grade
7.0,34.10784442,Male,12th grade
5.0,83.09109665,Male,12th grade
5.0,47.66003889,Female,12th grade
0.0,81.44859765,Female,12th grade
0.0,94.89062216,Female,12th grade
0.0,98.01443612,Female,12th grade
5.0,76.10665948,Female,12th grade
5.0,98.11499022,Female,12th grade
0.0,97.10273335,Female,11th grade
0.0,92.37168878,Female,11th grade
0.0,66.08825915,Female,11th grade
0.0,86.63687838,Female,11th grade
0.0,52.00817272,Female,11th grade
0.0,58.53747904,Female,11th grade
1.0,97.23423628,Female,11th grade
1.0,83.30380638,Female,11th grade
6.0,29.93458107,Female,11th grade
0.0,46.07997675,Female,11th grade
0.0,98.93885532,Male,11th grade
7.0,64.26150224,Male,11th grade
0.0,86.84669781,Female,11th grade
0.0,87.8322351,Female,11th grade
3.0,72.98083347,Female,11th grade
0.0,66.08825915,Female,11th grade
3.0,27.98383826,Female,11th grade
1.0,69.91124718,Female,11th grade
3.0,98.44222424,Female,10th grade
0.0,85.24612213,Female,10th grade
0.0,0.0018984,Female,10th grade
6.0,71.24517665,Female,10th grade
7.0,82.96083327,Female,10th grade
7.0,45.04484265,Male,10th grade
3.0,37.02509607,Male,10th grade
7.0,15.1210439,Male,10th grade
3.0,97.07114887,Male,10th grade
5.0,95.53715522,Male,10th grade
3.0,41.76200357,Male,10th grade
0.0,92.09238408,Female,10th grade
0.0,97.53817429,Female,10th grade
3.0,46.07997675,Female,10th grade
5.0,73.05961868,Male,10th grade
3.0,98.85440043,Male,10th grade
3.0,99.34359086,Male,10th grade
2.0,49.81064554,Male,10th grade
5.0,98.81895714,Male,10th grade
7.0,41.76200357,Male,10th grade
5.0,45.71292164,Male,11th grade
3.0,95.27339032,Male,10th grade
3.0,98.19385553,Male,9th grade
7.0,60.75872902,Female,9th grade
6.0,98.28093456,Male,9th grade
0.0,32.79325237,Female,9th grade
2.0,81.7100925,Female,9th grade
0.0,97.64685354,Female,9th grade
0.0,87.50167897,Male,10th grade
0.0,41.85248576,Male,9th grade
2.0,99.0371832,Female,9th grade
0.0,78.10688836,Female,9th grade
0.0,42.90537454,Female,9th grade
3.0,92.93582705,Female,9th grade
2.0,27.70125092,Female,9th grade
5.0,83.76843903,Female,9th grade
4.0,18.29423013,Male,9th grade
0.0,47.7153177,Male,9th grade
2.0,93.35076384,Male,9th grade
1.0,51.7091278,Male,9th grade
5.0,93.85510667,Male,9th grade
6.0,60.11766537,Male,9th grade
0.0,97.50458425,Female,9th grade
0.0,87.51636498,Male,12th grade
2.0,90.64452032,Male,12th grade
0.0,95.26327504,Female,12th grade
5.0,98.34883963,Female,12th grade
1.0,29.7578994,Female,12th grade
3.0,83.09080929,Female,12th grade
6.0,91.20842656,Female,12th grade
7.0,65.88575167,Female,12th grade
0.0,98.57045855,Female,12th grade
0.0,70.40604141,Female,12th grade
7.0,95.77294492,Male,12th grade
0.0,88.66110606,Male,12th grade
0.0,55.79291405,Male,12th grade
4.0,83.87324627,Male,12th grade
0.0,99.70588629,Male,12th grade
3.0,82.83795056,Male,12th grade
0.0,68.17556258,Male,12th grade
3.0,87.0393965,Male,12th grade
7.0,99.30743244,Male,12th grade
0.0,96.8934735,Male,11th grade
2.0,99.15805755,Male,12th grade
0.0,77.20364961,Female,12th grade
0.0,98.46195333,Female,12th grade
3.0,40.43646118,Female,12th grade
1.0,89.23253452,Female,12th grade
2.0,55.49638039,Female,12th grade
4.0,99.2871846,Female,12th grade
0.0,98.76439264,Female,12th grade
7.0,77.17514356,Male,11th grade
4.0,97.17528834,Male,11th grade
5.0,56.26811413,Male,11th grade
3.0,42.12549278,Male,11th grade
0.0,99.83862188,Male,11th grade
0.0,96.1397811,Male,11th grade
4.0,45.1520129,Male,11th grade
7.0,83.38004367,Male,11th grade
5.0,62.462601,Male,11th grade
7.0,48.61492211,Male,11th grade
1.0,52.08583923,Male,12th grade
0.0,96.60048022,Female,11th grade
3.0,74.71972579,Female,11th grade
4.0,93.60197238,Female,11th grade
0.0,52.00817272,Female,11th grade
0.0,80.9826523,Female,11th grade
2.0,57.95910476,Female,11th grade
7.0,65.01459821,Female,11th grade
0.0,23.38379549,Female,12th grade
0.0,85.18921007,Female,11th grade
0.0,69.15980796,Male,9th grade
5.0,98.83621451,Male,9th grade
7.0,93.47137179,Male,9th grade
1.0,39.18963322,Male,9th grade
7.0,63.79345154,Male,9th grade
3.0,54.04791735,Male,9th grade
1.0,99.274628,Male,9th grade
7.0,40.92763228,Male,9th grade
1.0,80.98353667,Male,9th grade
1.0,97.56644906,Male,9th grade
7.0,98.59100421,Female,10th grade
2.0,55.49169732,Female,9th grade
0.0,99.22377246,Female,9th grade
0.0,90.88792987,Female,9th grade
7.0,0.000597842,Male,11th grade
0.0,54.36682368,Male,11th grade
5.0,89.87845808,Female,10th grade
4.0,78.01416162,Female,10th grade
6.0,52.55947074,Female,10th grade
7.0,52.55947074,Female,10th grade
0.0,96.72407738,Female,10th grade
4.0,58.8744133,Female,10th grade
7.0,80.27785531,Female,10th grade
2.0,26.68936925,Male,10th grade
4.0,19.64801236,Male,10th grade
3.0,83.33327778,Male,10th grade
7.0,99.29199864,Male,10th grade
5.0,90.37184496,Male,10th grade
7.0,63.45405946,Male,10th grade
4.0,52.16728949,Male,10th grade
7.0,49.47476425,Male,10th grade
0.0,55.79291405,Male,12th grade
7.0,71.04906399,Male,12th grade
1.0,94.25583977,Male,12th grade
0.0,92.49213082,Male,12th grade
5.0,93.41713527,Male,12th grade
0.0,98.39556937,Male,12th grade
1.0,61.46573111,Male,12th grade
2.0,67.33594521,Male,12th grade
1.0,70.8375548,Male,12th grade
7.0,83.86652792,Male,12th grade
4.0,92.16052833,Female,12th grade
3.0,75.01704032,Female,12th grade
0.0,53.1816954,Female,12th grade
0.0,63.97414542,Female,12th grade
5.0,62.39033084,Female,12th grade
1.0,47.66003889,Female,12th grade
0.0,75.01704032,Female,12th grade
7.0,92.95131637,Female,12th grade
0.0,56.72430248,Female,12th grade
0.0,99.27839101,Male,10th grade
7.0,60.9709885,Male,10th grade
2.0,53.9997225,Male,10th grade
5.0,87.37254389,Male,10th grade
4.0,21.32932322,Female,10th grade
5.0,84.28101485,Female,10th grade
2.0,10.99453961,Female,10th grade
3.0,25.01115187,Female,10th grade
0.0,88.46785749,Female,10th grade
3.0,91.6123508,Female,10th grade
6.0,68.7308965,Female,11th grade
0.0,47.57670396,Female,11th grade
7.0,71.24517665,Female,11th grade
5.0,28.91092809,Female,11th grade
1.0,94.91944326,Female,11th grade
3.0,66.08825915,Female,11th grade
0.0,56.22159575,Female,11th grade
5.0,42.90615422,Male,11th grade
0.0,5.692348991,Male,11th grade
3.0,52.08583923,Male,11th grade
0.0,0.017492418,Male,11th grade
3.0,56.04225389,Male,11th grade
0.0,57.60270767,Female,11th grade
0.0,40.85194501,Female,11th grade
4.0,91.41864156,Female,11th grade
4.0,48.21839695,Female,9th grade
3.0,62.47075585,Female,9th grade
7.0,34.83617385,Female,9th grade
5.0,86.06465377,Female,9th grade
0.0,74.51763205,Female,9th grade
5.0,85.9657027,Female,9th grade
7.0,64.16336237,Female,9th grade
3.0,86.69036798,Female,9th grade
1.0,96.71354806,Female,9th grade
3.0,30.54443285,Female,9th grade
7.0,91.61110991,Male,9th grade
3.0,7.696411684,Male,9th grade
6.0,58.07262747,Male,9th grade
7.0,94.4214738,Male,9th grade
5.0,68.74672134,Male,9th grade
7.0,98.35856893,Male,9th grade
5.0,81.80727095,Female,9th grade
2.0,94.08124471,Female,9th grade
1.0,81.07986622,Female,9th grade
7.0,54.82320838,Female,9th grade
6.0,72.79132938,Female,9th grade
5.0,31.4150184,Female,9th grade
0.0,63.5095513,Female,9th grade
4.0,60.06952126,Female,10th grade
0.0,26.61563241,Female,9th grade
4.0,67.85584641,Female,9th grade
0.0,53.96737126,Female,9th grade
6.0,49.99841183,Female,11th grade
0.0,58.13000792,Male,9th grade
0.0,15.79592418,Male,11th grade
1.0,98.2651427,Male,9th grade
7.0,88.86798665,Male,9th grade
7.0,49.0050896,Male,10th grade
7.0,90.51467987,Male,10th grade
7.0,35.93437682,Male,11th grade
7.0,77.00916842,Male,10th grade
3.0,54.15385884,Female,10th grade
4.0,94.82910931,Female,10th grade
7.0,96.4516332,Female,10th grade
5.0,78.10688836,Female,10th grade
5.0,93.83224704,Female,10th grade
0.0,0.727335305,Female,10th grade
4.0,76.16361312,Female,10th grade
6.0,61.79232599,Female,10th grade
4.0,61.78523973,Female,10th grade
6.0,63.9371367,Male,10th grade
3.0,61.12521977,Male,11th grade
0.0,55.62821787,Male,10th grade
3.0,28.71252147,Male,10th grade
1.0,4.047351474,Male,12th grade
2.0,99.56965707,Male,12th grade
4.0,95.82738211,Male,12th grade
5.0,93.65518174,Male,12th grade
2.0,56.82844588,Female,10th grade
0.0,99.62507924,Female,10th grade
7.0,94.96238433,Female,12th grade
0.0,98.93270684,Female,12th grade
0.0,95.74178272,Female,12th grade
0.0,98.60721745,Female,12th grade
0.0,65.59859256,Female,12th grade
0.0,87.00265796,Female,12th grade
7.0,41.98150796,Female,12th grade
5.0,96.13778319,Male,11th grade
0.0,90.49868957,Male,11th grade
5.0,94.25302614,Male,11th grade
0.0,90.30676878,Female,11th grade
0.0,80.06893476,Female,11th grade
0.0,57.17098739,Male,12th grade
6.0,79.81817498,Male,12th grade
7.0,28.59861823,Male,12th grade
7.0,93.19041908,Female,12th grade
0.0,94.85754834,Female,12th grade
0.0,53.65661966,Female,12th grade
1.0,50.9578953,Female,12th grade
0.0,98.49023109,Male,10th grade
1.0,92.62027788,Male,10th grade
6.0,99.25443347,Male,10th grade
1.0,47.5215336,Male,10th grade
7.0,25.04857867,Male,10th grade
4.0,97.76629197,Male,10th grade
7.0,30.15776039,Female,10th grade
7.0,95.50889982,Female,10th grade
4.0,59.02079621,Female,10th grade
2.0,96.65456993,Female,10th grade
7.0,45.29045811,Female,10th grade
2.0,74.23946269,Female,10th grade
3.0,47.57875662,Female,10th grade
7.0,35.75781836,Female,10th grade
5.0,62.34594798,Female,10th grade
4.0,48.80118201,Female,10th grade
2.0,92.10012007,Female,12th grade
6.0,97.39930133,Female,12th grade
6.0,77.71427667,Male,12th grade
4.0,90.45285503,Male,12th grade
1.0,79.36575134,Male,12th grade
7.0,66.5318241,Male,12th grade
5.0,89.13675181,Male,12th grade
7.0,95.72836219,Male,12th grade
0.0,86.52052376,Female,12th grade
4.0,28.08611963,Female,12th grade
0.0,86.29008291,Female,12th grade
1.0,84.55301022,Female,12th grade
6.0,57.95910476,Female,12th grade
1.0,81.94224698,Female,12th grade
3.0,97.68971482,Male,12th grade
7.0,51.54647892,Male,12th grade
7.0,38.18531901,Male,12th grade
7.0,98.08572513,Male,12th grade
5.0,78.29032257,Male,12th grade
3.0,99.70626486,Male,12th grade
7.0,74.56135167,Male,9th grade
1.0,97.56644906,Male,9th grade
0.0,62.19393818,Female,9th grade
7.0,78.57310447,Female,11th grade
5.0,80.79828964,Female,9th grade
1.0,64.39459478,Female,9th grade
0.0,43.38387385,Female,9th grade
0.0,11.98787945,Female,9th grade
7.0,41.63382054,Male,9th grade
7.0,99.68922487,Male,9th grade
3.0,29.22517342,Male,9th grade
4.0,74.10960037,Male,9th grade
0.0,98.39245042,Male,9th grade
0.0,63.43400792,Male,10th grade
1.0,57.85683861,Male,9th grade
4.0,84.80186567,Female,10th grade
0.0,80.08049978,Female,10th grade
5.0,93.8107995,Female,10th grade
0.0,30.29781056,Female,10th grade
0.0,89.17552609,Female,10th grade
2.0,42.90537454,Female,10th grade
4.0,74.23946269,Female,10th grade
2.0,13.56097159,Male,10th grade
4.0,78.31570259,Male,10th grade
1.0,62.41050615,Male,11th grade
6.0,8.864303891,Male,10th grade
0.0,77.79529438,Male,10th grade
6.0,60.66321529,Male,10th grade
5.0,71.06228764,Male,10th grade
7.0,80.57629926,Male,10th grade
0.0,87.80306641,Male,10th grade
1.0,92.76606871,Male,9th grade
5.0,53.24794021,Male,9th grade
4.0,75.39423481,Female,9th grade
7.0,50.280802,Female,9th grade
0.0,70.90474907,Female,9th grade
3.0,95.9856148,Female,9th grade
2.0,91.76883047,Female,9th grade
6.0,92.79596662,Female,9th grade
7.0,35.5309219,Female,9th grade
7.0,87.39539654,Male,11th grade
7.0,9.226937862,Male,11th grade
6.0,95.38126273,Male,11th grade
3.0,88.10799552,Female,11th grade
0.0,98.39388191,Female,11th grade
1.0,95.61447369,Female,11th grade
5.0,58.06394871,Female,11th grade
4.0,56.25019224,Female,11th grade
7.0,40.43646118,Female,11th grade
7.0,70.40604141,Female,11th grade
0.0,38.13469566,Male,12th grade
7.0,99.75861999,Male,11th grade
3.0,94.07873343,Male,11th grade
3.0,73.71563971,Male,11th grade
3.0,93.82384404,Male,11th grade
0.0,93.82384404,Male,11th grade
0.0,63.73246211,Female,10th grade
5.0,43.05793445,Female,11th grade
7.0,77.04936127,Female,11th grade
4.0,96.96756116,Female,11th grade
4.0,66.84791246,Male,11th grade
0.0,21.16741012,Male,10th grade
7.0,11.02852702,Female,11th grade
0.0,70.52490109,Female,11th grade
4.0,50.74874814,Female,11th grade
4.0,95.86350969,Male,11th grade
2.0,76.45531451,Male,11th grade
0.0,97.17163093,Male,11th grade
7.0,48.91723068,Male,11th grade
1.0,28.26930783,Male,9th grade
0.0,84.21561074,Male,9th grade
0.0,53.70643103,Male,9th grade
7.0,97.57939704,Male,9th grade
1.0,95.58384077,Male,9th grade
0.0,23.90166614,Female,9th grade
2.0,92.56422299,Female,9th grade
0.0,79.08474787,Female,9th grade
2.0,57.7634963,Male,9th grade
4.0,98.14047195,Male,9th grade
7.0,60.11766537,Male,10th grade
6.0,98.63342533,Male,10th grade
7.0,98.29282347,Male,10th grade
0.0,37.69752711,Female,10th grade
0.0,31.68377923,Female,10th grade
3.0,69.42430866,Female,10th grade
0.0,24.60515146,Female,10th grade
5.0,93.12572961,Male,10th grade
1.0,94.86641154,Male,10th grade
4.0,66.95017509,Male,10th grade
7.0,47.9840088,Male,10th grade
2.0,93.98925052,Male,10th grade
7.0,98.58554973,Male,10th grade
2.0,69.17629728,Male,10th grade
7.0,11.36765591,Male,12th grade
5.0,93.83047221,Male,12th grade
7.0,77.26025341,Male,12th grade
0.0,92.6891161,Male,12th grade
1.0,71.87126497,Female,12th grade
1.0,50.9578953,Female,12th grade
0.0,21.08701585,Female,12th grade
4.0,55.49638039,Female,12th grade
0.0,58.52441383,Female,12th grade
4.0,83.65146996,Female,12th grade
7.0,40.97602766,Female,12th grade
7.0,90.78885624,Female,12th grade
2.0,90.19387473,Female,12th grade
2.0,12.31976023,Female,11th grade
5.0,89.98187058,Female,11th grade
1.0,4.313275925,Female,11th grade
1.0,0.043414673,Female,11th grade
2.0,93.13918876,Female,11th grade
0.0,96.04613312,Female,11th grade
0.0,41.76200357,Male,11th grade
7.0,96.0698293,Male,11th grade
7.0,87.63003201,Male,11th grade
1.0,28.6085372,Male,11th grade
2.0,67.38519263,Male,11th grade
2.0,83.83716201,Male,11th grade
3.0,29.94956941,Female,11th grade
5.0,84.65821042,Male,9th grade
7.0,28.26874176,Male,9th grade
6.0,92.21898657,Male,9th grade
7.0,92.03306019,Male,9th grade
7.0,88.96262787,Male,9th grade
0.0,74.21644586,Male,9th grade
6.0,9.141686811,Female,9th grade
7.0,97.68922962,Female,9th grade
3.0,81.62895753,Female,9th grade
3.0,45.33714908,Female,9th grade
4.0,9.128909438,Male,9th grade
5.0,71.8600337,Male,9th grade
2.0,44.4441058,Male,9th grade
7.0,81.55152509,Female,9th grade
4.0,98.47112633,Female,9th grade
0.0,5.110339504,Female,9th grade
1.0,97.96916252,Female,9th grade
3.0,51.43339993,Male,9th grade
7.0,97.82177107,Male,9th grade
2.0,98.28941691,Male,9th grade
6.0,98.57684626,Male,9th grade
6.0,55.1022432,Male,9th grade
0.0,47.22319469,Male,9th grade
7.0,89.72830782,Male,9th grade
3.0,36.20974188,Male,9th grade
3.0,90.27142777,Male,10th grade
2.0,94.73738662,Male,10th grade
1.0,99.49013517,Male,10th grade
7.0,97.73334111,Male,10th grade
5.0,88.26731787,Male,10th grade
1.0,82.35248516,Female,10th grade
5.0,90.05670299,Female,10th grade
0.0,88.03066825,Female,10th grade
4.0,72.08322728,Female,10th grade
4.0,74.81987587,Female,10th grade
7.0,91.6123508,Female,10th grade
5.0,57.62712177,Female,10th grade
1.0,83.60595681,Male,10th grade
3.0,96.35496723,Male,10th grade
3.0,90.64350563,Male,10th grade
7.0,76.03563955,Male,10th grade
0.0,56.29565269,Female,12th grade
0.0,91.81911184,Female,12th grade
0.0,43.30369499,Male,12th grade
3.0,49.0050896,Male,12th grade
3.0,93.68213603,Male,12th grade
6.0,29.39432739,Male,12th grade
3.0,23.44435379,Male,12th grade
6.0,56.33066315,Male,12th grade
6.0,67.33594521,Male,12th grade
0.0,55.79291405,Male,12th grade
6.0,52.08583923,Male,12th grade
1.0,89.6840555,Male,12th grade
0.0,94.98864216,Male,12th grade
2.0,93.80698139,Male,12th grade
6.0,70.11803045,Male,12th grade
3.0,97.79553173,Female,11th grade
0.0,56.12875598,Female,11th grade
6.0,82.44167213,Female,11th grade
3.0,46.60251916,Female,11th grade
0.0,73.92695074,Female,11th grade
0.0,94.67397253,Female,11th grade
1.0,62.69465422,Female,11th grade
2.0,98.92255184,Female,11th grade
2.0,21.08701585,Female,11th grade
2.0,28.80115886,Female,11th grade
2.0,31.17348693,Male,11th grade
6.0,61.12521977,Male,11th grade
2.0,52.08583923,Male,11th grade
5.0,8.924870102,Male,11th grade
6.0,99.04348497,Male,11th grade
2.0,60.66321529,Male,11th grade
7.0,98.35326325,Male,11th grade
1.0,69.20707098,Male,11th grade
1.0,77.55710461,Female,11th grade
5.0,85.77710766,Male,10th grade
4.0,93.57527412,Male,10th grade
0.0,75.23984427,Male,10th grade
0.0,97.16639571,Male,10th grade
0.0,69.82409651,Male,10th grade
5.0,94.34347293,Male,10th grade
0.0,98.8000269,Male,10th grade
0.0,17.88574091,Female,10th grade
7.0,32.8547859,Female,10th grade
3.0,35.19576612,Female,10th grade
1.0,89.18013144,Female,10th grade
0.0,97.99422343,Female,11th grade
0.0,97.50170375,Female,11th grade
7.0,79.456875,Female,11th grade
0.0,47.57670396,Female,11th grade
1.0,97.88877383,Female,12th grade
7.0,99.39631098,Male,11th grade
3.0,34.10784442,Male,11th grade
2.0,40.5504485,Male,11th grade
0.0,88.7776461,Male,11th grade
7.0,96.35800023,Male,11th grade
5.0,94.81601353,Male,11th grade
7.0,99.07215527,Male,11th grade
0.0,67.61599886,Male,11th grade
0.0,96.87222741,Male,10th grade
0.0,97.80884941,Male,10th grade
4.0,74.94487901,Male,10th grade
2.0,32.35454194,Male,10th grade
7.0,96.39064078,Male,12th grade
0.0,17.57936474,Male,11th grade
6.0,92.18630697,Male,10th grade
5.0,57.45911163,Male,10th grade
2.0,78.93034949,Male,10th grade
1.0,49.81147084,Female,11th grade
5.0,89.67996731,Female,10th grade
3.0,80.08049978,Female,10th grade
0.0,16.01481832,Female,10th grade
7.0,67.16680562,Female,10th grade
0.0,67.16680562,Female,10th grade
3.0,83.95952719,Female,10th grade
0.0,22.00897479,Female,11th grade
7.0,40.85216047,Female,11th grade
3.0,18.46382222,Female,11th grade
3.0,54.0748055,Female,11th grade
3.0,97.97256902,Female,11th grade
3.0,91.5333218,Female,11th grade
1.0,92.23530338,Female,11th grade
0.0,52.22408981,Female,11th grade
0.0,77.19065117,Female,11th grade
2.0,24.58722165,Female,11th grade
7.0,93.73930231,Male,11th grade
4.0,3.209661217,Male,11th grade
7.0,93.07876798,Male,11th grade
3.0,47.9840088,Male,11th grade
5.0,34.50957135,Male,11th grade
0.0,80.59668985,Male,11th grade
0.0,95.52931923,Male,11th grade
3.0,92.48425568,Male,12th grade
0.0,80.22345378,Male,11th grade
7.0,97.63424086,Male,11th grade
7.0,96.43490286,Male,11th grade
3.0,52.25342381,Male,11th grade
7.0,99.78517012,Male,10th grade
5.0,18.46382222,Female,12th grade
4.0,80.60383865,Female,12th grade
3.0,92.23753937,Female,12th grade
0.0,87.00265796,Female,12th grade
5.0,56.72044489,Female,12th grade
5.0,83.37695745,Female,12th grade
1.0,78.35309341,Female,12th grade
6.0,45.32659387,Female,12th grade
0.0,89.49035517,Female,12th grade
6.0,82.97393233,Female,12th grade
0.0,76.1728684,Female,12th grade
7.0,50.9578953,Female,12th grade
1.0,14.92817015,Female,12th grade
0.0,27.97089061,Female,12th grade
5.0,69.13085778,Male,12th grade
2.0,29.69965869,Male,12th grade
0.0,66.5318241,Male,12th grade
7.0,70.98914018,Male,12th grade
3.0,92.43894051,Male,12th grade
3.0,3.626714908,Male,12th grade
7.0,98.72004865,Male,12th grade
7.0,25.53869483,Male,12th grade
0.0,0.043236225,Male,12th grade
1.0,98.39556937,Male,12th grade
7.0,83.07135381,Male,12th grade
0.0,1.371596144,Male,12th grade
0.0,98.65088235,Male,12th grade
0.0,55.7534678,Male,12th grade
2.0,98.72874156,Male,12th grade
4.0,52.96298965,Male,12th grade
2.0,87.3464244,Male,12th grade
3.0,6.655533385,Male,12th grade
4.0,82.36982392,Male,12th grade
6.0,23.10048656,Male,12th grade
2.0,99.28857417,Male,12th grade
0.0,84.60145534,Male,12th grade
5.0,8.127031697,Female,12th grade
3.0,86.78825633,Female,12th grade
1.0,97.95719303,Female,12th grade
0.0,98.28873106,Female,12th grade
5.0,9.826057182,Female,12th grade
1.0,92.76671267,Female,12th grade
2.0,23.81912584,Female,12th grade
3.0,43.13596229,Female,12th grade
3.0,10.1969851,Female,12th grade
2.0,6.915720496,Female,11th grade
7.0,85.96131528,Female,12th grade
6.0,91.71791725,Female,12th grade
1.0,46.34039738,Male,9th grade
1.0,69.5988229,Male,9th grade
0.0,93.03534234,Male,9th grade
0.0,45.44473003,Male,9th grade
3.0,80.45814115,Male,9th grade
0.0,94.70832232,Male,9th grade
3.0,96.95328396,Male,9th grade
0.0,40.56457096,Female,9th grade
1.0,58.8744133,Female,9th grade
2.0,77.43637316,Female,9th grade
2.0,64.39459478,Female,9th grade
7.0,68.81281941,Female,9th grade
3.0,98.74065811,Male,9th grade
2.0,62.8321027,Male,9th grade
1.0,66.74525704,Male,9th grade
7.0,78.31747374,Male,9th grade
5.0,70.42286025,Male,9th grade
1.0,51.74396482,Male,9th grade
3.0,99.09283277,Male,9th grade
5.0,82.3894253,Male,9th grade
7.0,69.13113635,Male,9th grade
7.0,78.31747374,Male,9th grade
6.0,95.20802859,Male,9th grade
0.0,83.32808854,Female,9th grade
0.0,78.97948646,Female,9th grade
2.0,87.50130417,Female,9th grade
7.0,89.95541728,Female,9th grade
2.0,55.25368069,Female,9th grade
0.0,28.54864874,Female,9th grade
1.0,89.95541728,Female,9th grade
6.0,98.20890062,Female,9th grade
5.0,61.87699019,Female,9th grade
1.0,70.84066228,Female,9th grade
0.0,98.75115036,Female,9th grade
2.0,96.23617059,Male,9th grade
4.0,93.70814407,Male,9th grade
1.0,99.29852133,Male,9th grade
5.0,53.24794021,Male,9th grade
0.0,93.60682849,Male,9th grade
4.0,94.70832232,Male,9th grade
7.0,91.03645792,Male,9th grade
2.0,77.68619969,Male,9th grade
1.0,96.91886451,Male,9th grade
7.0,67.92773224,Female,10th grade
0.0,90.62652344,Male,11th grade
5.0,70.69643499,Male,10th grade
0.0,99.56393397,Male,10th grade
2.0,86.01482812,Male,10th grade
5.0,96.51246875,Male,10th grade
7.0,76.03563955,Male,10th grade
3.0,42.05103451,Male,10th grade
5.0,38.42613501,Female,10th grade
3.0,89.72661081,Female,10th grade
7.0,91.73522304,Female,10th grade
1.0,91.91843733,Female,10th grade
7.0,94.18563779,Male,10th grade
2.0,80.92561726,Male,10th grade
3.0,99.54353781,Male,10th grade
3.0,93.75348001,Female,10th grade
0.0,85.96959804,Female,10th grade
0.0,99.51056878,Male,10th grade
3.0,93.60779165,Male,10th grade
1.0,99.53302947,Male,9th grade
5.0,97.55106523,Male,9th grade
5.0,58.79143344,Female,9th grade
5.0,33.66779009,Female,9th grade
4.0,48.40583313,Female,9th grade
2.0,94.79064882,Female,9th grade
6.0,80.49896065,Male,9th grade
0.0,79.92192149,Male,9th grade
0.0,2.986385807,Male,9th grade
2.0,58.96570164,Male,9th grade
0.0,70.88675003,Male,9th grade
5.0,97.84845575,Male,9th grade
6.0,97.19040936,Male,10th grade
5.0,30.70445124,Female,10th grade
0.0,57.42808938,Female,10th grade
7.0,94.59678707,Female,10th grade
0.0,91.6123508,Female,10th grade
0.0,51.62074,Female,10th grade
3.0,96.72407738,Female,10th grade
0.0,74.22155378,Female,10th grade
7.0,90.58080359,Male,10th grade
6.0,92.20626744,Male,10th grade
6.0,51.75407526,Male,10th grade
1.0,25.54426508,Male,10th grade
7.0,89.08334673,Male,10th grade
2.0,47.92411245,Male,10th grade
7.0,73.87758954,Male,10th grade
7.0,94.14481522,Male,10th grade
0.0,93.65318808,Male,10th grade
7.0,98.47449685,Female,12th grade
0.0,53.50194471,Female,12th grade
0.0,97.73477455,Female,12th grade
5.0,81.91225318,Female,12th grade
3.0,74.60880949,Female,12th grade
1.0,62.8727162,Female,12th grade
7.0,53.2684037,Female,12th grade
2.0,61.32168999,Male,12th grade
0.0,25.58313701,Male,12th grade
4.0,60.60293794,Female,12th grade
1.0,94.08941914,Female,12th grade
4.0,38.60495566,Female,12th grade
0.0,91.63840562,Male,12th grade
7.0,96.57697985,Male,12th grade
7.0,87.31008509,Male,12th grade
4.0,40.07525181,Male,12th grade
2.0,83.70656699,Male,12th grade
2.0,73.30661232,Male,12th grade
5.0,58.54997123,Male,12th grade
2.0,3.482496475,Male,12th grade
0.0,45.31791625,Female,12th grade
7.0,94.30346421,Male,12th grade
0.0,29.15338495,Male,12th grade
5.0,80.50659742,Male,12th grade
0.0,99.55259752,Male,12th grade
5.0,95.67864261,Male,12th grade
7.0,94.2759146,Male,12th grade
6.0,94.28594866,Male,12th grade
7.0,71.28169648,Female,9th grade
6.0,79.81648603,Female,9th grade
0.0,79.58428705,Female,9th grade
6.0,76.7529281,Female,9th grade
0.0,77.80336579,Female,9th grade
7.0,68.81281941,Female,9th grade
5.0,71.79758191,Female,9th grade
3.0,86.68831688,Female,9th grade
2.0,93.19114022,Female,9th grade
5.0,79.60759792,Female,9th grade
0.0,2.503724371,Female,9th grade
7.0,91.91194746,Female,9th grade
5.0,95.24491892,Female,9th grade
3.0,83.72971442,Male,9th grade
6.0,85.59959479,Male,9th grade
2.0,87.30229116,Male,9th grade
4.0,87.9278736,Male,9th grade
5.0,48.67945209,Male,9th grade
5.0,81.93007011,Female,9th grade
0.0,55.49169732,Female,9th grade
5.0,62.81069922,Male,9th grade
3.0,53.34483232,Male,9th grade
0.0,74.97339737,Female,9th grade
0.0,40.55138048,Female,9th grade
6.0,69.23037829,Female,9th grade
7.0,59.11401161,Female,11th grade
1.0,46.57601987,Female,11th grade
4.0,61.11298954,Female,11th grade
0.0,18.46336599,Female,11th grade
7.0,3.637992075,Female,11th grade
0.0,92.09238408,Female,11th grade
0.0,81.94224698,Female,11th grade
0.0,62.34594798,Female,11th grade
7.0,85.44054833,Female,11th grade
4.0,86.02675338,Female,11th grade
3.0,95.41000401,Female,11th grade
0.0,96.75003092,Female,11th grade
1.0,70.57774417,Female,11th grade
1.0,72.08322728,Female,11th grade
0.0,99.66678625,Male,11th grade
7.0,71.7892736,Male,11th grade
1.0,98.09399692,Male,11th grade
5.0,74.45590053,Male,11th grade
5.0,60.66321529,Male,11th grade
1.0,93.82384404,Male,11th grade
5.0,80.83682069,Female,11th grade
2.0,44.29519256,Female,11th grade
1.0,90.86753501,Female,10th grade
7.0,56.10159588,Female,10th grade
0.0,42.06368238,Female,11th grade
0.0,80.06893476,Female,10th grade
4.0,97.32805378,Female,10th grade
0.0,14.41009254,Female,10th grade
0.0,84.80186567,Female,10th grade
0.0,62.03042194,Female,10th grade
5.0,59.76694736,Female,10th grade
4.0,88.10799552,Female,10th grade
1.0,56.63986085,Female,10th grade
4.0,13.85179948,Female,10th grade
0.0,36.68936176,Female,10th grade
2.0,87.97784219,Female,10th grade
1.0,94.5410663,Female,10th grade
2.0,88.10799552,Female,10th grade
0.0,59.93830272,Female,10th grade
0.0,98.04103299,Male,10th grade
5.0,71.15953,Male,11th grade
0.0,45.71374899,Male,10th grade
3.0,47.22319469,Male,10th grade
0.0,94.9204042,Male,10th grade
3.0,99.33260638,Male,10th grade
0.0,87.0393965,Male,12th grade
3.0,76.32444601,Male,10th grade
7.0,86.74519316,Male,10th grade
5.0,74.65464156,Male,10th grade
0.0,68.73980755,Male,10th grade
3.0,16.84718793,Male,10th grade
7.0,43.7908813,Male,10th grade
5.0,74.63209612,Male,9th grade
3.0,71.52922262,Male,9th grade
0.0,97.65533802,Male,9th grade
5.0,98.48738358,Male,9th grade
1.0,68.71207628,Male,9th grade
5.0,98.95895127,Male,9th grade
1.0,86.202343,Female,9th grade
7.0,91.57529725,Female,9th grade
2.0,63.88776352,Female,9th grade
4.0,67.85584641,Female,9th grade
2.0,85.03453453,Female,9th grade
0.0,95.40360784,Female,9th grade
0.0,83.07923933,Female,9th grade
3.0,17.53146859,Male,12th grade
7.0,71.51246478,Male,12th grade
7.0,88.16756815,Male,12th grade
5.0,93.58318047,Male,12th grade
0.0,79.88256321,Male,12th grade
5.0,99.29030394,Male,12th grade
4.0,78.86564821,Male,12th grade
0.0,64.74907315,Female,12th grade
0.0,91.23362001,Female,12th grade
0.0,92.84085921,Female,12th grade
2.0,99.07598878,Female,12th grade
0.0,91.02982073,Female,12th grade
5.0,57.0210877,Female,12th grade
0.0,89.17048644,Female,12th grade
1.0,91.45626301,Female,12th grade
1.0,99.10961911,Female,12th grade
0.0,62.45929785,Female,12th grade
0.0,94.1589128,Female,12th grade
3.0,67.33594521,Male,12th grade
0.0,66.5318241,Male,12th grade
4.0,34.47387616,Male,12th grade
4.0,90.45285503,Male,12th grade
0.0,91.63970234,Male,12th grade
7.0,38.62086644,Male,12th grade
2.0,23.10048656,Male,12th grade
5.0,50.50283383,Male,12th grade
2.0,43.75638371,Female,12th grade
1.0,93.19045496,Female,12th grade
0.0,70.73919153,Female,12th grade
0.0,76.04241089,Female,11th grade
0.0,97.29153341,Female,12th grade
2.0,87.80684545,Female,12th grade
3.0,96.38472826,Female,12th grade
0.0,82.00000858,Female,12th grade
0.0,57.95910476,Female,12th grade
0.0,57.62712177,Female,12th grade
4.0,93.13918876,Female,12th grade
2.0,24.47152508,Female,11th grade
0.0,99.04348497,Male,11th grade
7.0,97.9086358,Male,11th grade
7.0,55.7534678,Male,11th grade
7.0,84.41178425,Male,11th grade
0.0,99.28284017,Male,11th grade
0.0,62.39033084,Female,11th grade
3.0,87.16521278,Male,11th grade
2.0,53.02162601,Female,11th grade
3.0,71.87126497,Female,11th grade
0.0,66.16040353,Female,11th grade
0.0,37.9713165,Female,12th grade
5.0,85.02793323,Female,11th grade
2.0,30.30875579,Female,11th grade
0.0,74.34578782,Female,11th grade
1.0,27.97089061,Female,12th grade
7.0,79.16293108,Female,11th grade
4.0,67.16680562,Female,11th grade
0.0,94.68772468,Male,9th grade
0.0,31.95457566,Male,10th grade
3.0,97.77125198,Male,9th grade
0.0,95.15545676,Male,9th grade
6.0,77.39416894,Male,9th grade
2.0,86.48349966,Male,9th grade
4.0,99.37568867,Male,9th grade
1.0,98.67150455,Female,9th grade
7.0,73.9888078,Female,9th grade
7.0,30.54443285,Female,9th grade
1.0,84.15375532,Female,9th grade
7.0,36.8619196,Male,11th grade
4.0,89.35020935,Male,11th grade
4.0,40.28123287,Male,11th grade
7.0,63.67531538,Male,11th grade
7.0,99.39691176,Male,11th grade
0.0,1.438001467,Male,11th grade
7.0,52.08583923,Male,11th grade
5.0,95.52931923,Male,11th grade
5.0,62.76351399,Male,11th grade
7.0,38.53470375,Male,11th grade
1.0,39.11861889,Male,11th grade
5.0,87.98815832,Male,11th grade
5.0,68.32942299,Male,11th grade
2.0,93.13918876,Female,11th grade
0.0,16.31431911,Female,11th grade
2.0,98.88433472,Female,11th grade
4.0,56.79061795,Female,11th grade
5.0,16.07018104,Female,11th grade
4.0,63.18457667,Female,11th grade
0.0,85.86746891,Female,10th grade
0.0,67.50042545,Female,10th grade
0.0,56.22159575,Female,10th grade
0.0,93.80678317,Female,10th grade
3.0,15.53240804,Female,12th grade
0.0,87.10333515,Male,10th grade
5.0,74.63209612,Male,9th grade
7.0,63.00335407,Male,10th grade
3.0,45.71292164,Male,9th grade
3.0,45.57785392,Male,10th grade
1.0,96.13778319,Male,10th grade
7.0,95.94325967,Male,10th grade
4.0,71.4546828,Male,10th grade
4.0,72.13833601,Male,10th grade
7.0,60.9709885,Male,10th grade
4.0,77.28691174,Male,10th grade
6.0,98.2720773,Male,10th grade
7.0,99.68296497,Male,9th grade
0.0,90.94397595,Male,10th grade
3.0,98.99548699,Male,11th grade
7.0,22.48260014,Male,10th grade
6.0,98.35326325,Male,10th grade
5.0,56.26811413,Male,10th grade
5.0,58.93820481,Male,10th grade
7.0,98.53012868,Female,10th grade
0.0,98.98438473,Female,10th grade
1.0,97.44355561,Female,10th grade
1.0,85.8509833,Female,10th grade
5.0,99.12757979,Female,10th grade
0.0,87.25039898,Female,10th grade
0.0,81.39556377,Female,10th grade
0.0,70.67451976,Female,10th grade
4.0,95.74665373,Male,9th grade
3.0,8.956686291,Male,9th grade
2.0,96.07162084,Male,9th grade
4.0,96.86925218,Male,9th grade
7.0,97.07114887,Male,9th grade
4.0,73.28198884,Female,9th grade
5.0,61.87699019,Female,9th grade
5.0,53.24794021,Male,9th grade
2.0,98.94587359,Male,9th grade
5.0,97.07114887,Male,9th grade
4.0,98.04942886,Male,9th grade
7.0,78.01416162,Female,9th grade
7.0,54.93952038,Female,9th grade
3.0,96.14136409,Female,9th grade
3.0,97.27674042,Female,9th grade
0.0,98.48506184,Female,9th grade
0.0,61.87699019,Female,9th grade
3.0,84.2338361,Female,9th grade
5.0,90.23404612,Female,9th grade
0.0,30.29781056,Female,9th grade
1.0,54.82320838,Female,9th grade
1.0,51.62074,Female,11th grade
0.0,72.79561651,Female,11th grade
0.0,95.63240476,Female,11th grade
0.0,90.05670299,Female,11th grade
0.0,94.34383228,Female,11th grade
1.0,21.293857,Female,11th grade
2.0,47.25298589,Female,11th grade
2.0,82.389679,Female,11th grade
7.0,76.08348266,Male,11th grade
7.0,55.79291405,Male,11th grade
0.0,97.95302101,Male,10th grade
0.0,92.1853654,Male,11th grade
6.0,69.86952348,Male,11th grade
5.0,92.48425568,Male,11th grade
7.0,87.63003201,Male,11th grade
5.0,80.08049978,Female,11th grade
5.0,69.82409651,Male,11th grade
5.0,68.17962468,Male,11th grade
2.0,76.51833401,Male,11th grade
2.0,94.62206272,Male,11th grade
7.0,89.08334673,Male,11th grade
0.0,96.61522754,Male,11th grade
6.0,53.80555731,Male,11th grade
3.0,53.91201918,Female,11th grade
7.0,82.389679,Female,11th grade
7.0,35.33010211,Female,11th grade
6.0,37.18895874,Female,11th grade
0.0,73.65945206,Female,11th grade
1.0,84.28101485,Female,11th grade
2.0,32.3855029,Female,11th grade
0.0,67.15623216,Female,11th grade
3.0,62.8321027,Male,10th grade
0.0,61.78523973,Female,10th grade
1.0,99.42936535,Female,10th grade
7.0,83.06982867,Female,10th grade
0.0,23.7023249,Female,10th grade
0.0,30.29781056,Female,10th grade
4.0,78.97182509,Female,10th grade
1.0,96.78373453,Female,10th grade
7.0,97.25191593,Female,10th grade
7.0,94.81674506,Male,10th grade
2.0,73.79952113,Male,10th grade
0.0,19.43625279,Male,9th grade
5.0,97.64942959,Male,10th grade
3.0,76.08348266,Male,9th grade
2.0,29.08833714,Male,10th grade
0.0,99.74719971,Male,10th grade
0.0,56.04225389,Male,10th grade
7.0,98.04103299,Male,10th grade
6.0,47.28464354,Male,9th grade
1.0,96.4728734,Male,9th grade
4.0,95.23595706,Male,9th grade
4.0,83.68644276,Male,9th grade
0.0,94.14135345,Male,9th grade
2.0,79.94873312,Male,9th grade
5.0,43.90392845,Male,9th grade
3.0,98.75455222,Female,10th grade
2.0,98.12733239,Female,9th grade
0.0,78.31747374,Male,9th grade
5.0,55.56148302,Male,9th grade
7.0,31.07979211,Male,9th grade
3.0,98.39202929,Male,9th grade
0.0,97.56644906,Male,9th grade
1.0,39.89788004,Female,9th grade
0.0,91.20841611,Female,9th grade
0.0,93.80678317,Female,9th grade
0.0,95.73866916,Female,9th grade
0.0,24.29534301,Female,9th grade
6.0,45.4519563,Female,9th grade
3.0,95.53715522,Male,10th grade
4.0,3.432214456,Male,9th grade
4.0,60.9709885,Male,10th grade
2.0,94.18182268,Male,10th grade
2.0,25.66497134,Male,10th grade
0.0,97.59846228,Female,10th grade
0.0,35.68385606,Female,10th grade
1.0,87.98815832,Male,10th grade
6.0,77.27245919,Male,10th grade
4.0,68.17962468,Male,10th grade
7.0,87.27836214,Male,10th grade
3.0,94.89706786,Female,10th grade
0.0,87.19251087,Female,10th grade
0.0,94.10176513,Female,10th grade
5.0,62.69465422,Female,10th grade
4.0,38.18531901,Male,12th grade
3.0,90.44273214,Male,12th grade
5.0,83.90474553,Male,12th grade
5.0,97.83663541,Male,12th grade
0.0,99.92076134,Male,12th grade
4.0,39.55289509,Male,12th grade
2.0,97.84676339,Male,12th grade
0.0,65.99443629,Male,12th grade
0.0,99.71427827,Male,12th grade
0.0,94.37294768,Male,12th grade
0.0,75.83754765,Female,12th grade
1.0,71.14471031,Female,12th grade
1.0,81.02041569,Female,12th grade
0.0,97.8857456,Female,12th grade
7.0,49.63757589,Male,12th grade
7.0,62.14066414,Male,12th grade
3.0,64.9623322,Male,12th grade
7.0,42.05103451,Male,12th grade
3.0,89.9964869,Female,12th grade
5.0,74.69115727,Female,12th grade
2.0,92.68923451,Female,12th grade
2.0,21.64394878,Female,12th grade
7.0,97.82278208,Female,12th grade
7.0,94.05766279,Female,12th grade
2.0,92.39337265,Male,12th grade
2.0,99.5163667,Male,12th grade
1.0,64.31389023,Male,12th grade
0.0,12.35928755,Male,12th grade
0.0,98.63472561,Male,12th grade
7.0,56.72430248,Female,12th grade
0.0,94.10763278,Male,12th grade
2.0,99.10475165,Male,12th grade
2.0,99.39611272,Male,12th grade
4.0,79.93438595,Male,12th grade
0.0,42.05103451,Male,12th grade
0.0,3.961497341,Male,12th grade
6.0,51.57969595,Male,12th grade
3.0,95.61401865,Female,12th grade
5.0,98.46138653,Female,12th grade
0.0,98.73671107,Female,12th grade
0.0,20.6252806,Female,12th grade
0.0,46.75078327,Female,12th grade
3.0,14.92817015,Female,12th grade
7.0,89.58309072,Female,12th grade
0.0,96.78605651,Female,12th grade
0.0,69.83564514,Female,12th grade
7.0,59.36187206,Male,12th grade
7.0,62.71354329,Male,12th grade
7.0,87.44951172,Male,12th grade
5.0,23.10048656,Male,12th grade
1.0,77.20364961,Female,12th grade
0.0,89.49035517,Female,12th grade
1.0,34.47387616,Male,12th grade
3.0,7.756995566,Male,12th grade
4.0,47.08338833,Male,12th grade
5.0,73.74393215,Male,12th grade
3.0,99.17877015,Male,12th grade
3.0,26.55798646,Male,12th grade
0.0,83.28297774,Male,11th grade
6.0,79.37279924,Male,11th grade
5.0,68.21013236,Male,11th grade
5.0,39.62479013,Female,11th grade
3.0,23.38379549,Female,11th grade
0.0,59.20436934,Female,11th grade
0.0,61.69382467,Female,11th grade
4.0,96.42850179,Female,11th grade
1.0,16.31431911,Female,11th grade
3.0,14.85540624,Female,11th grade
7.0,43.63390292,Male,9th grade
1.0,45.87527465,Female,9th grade
6.0,53.65951294,Female,9th grade
1.0,89.7600136,Female,9th grade
2.0,54.82320838,Female,9th grade
5.0,52.55947074,Female,9th grade
4.0,2.538634989,Female,9th grade
5.0,77.74149951,Female,9th grade
0.0,77.80336579,Female,9th grade
4.0,63.79345154,Male,9th grade
1.0,51.99882236,Male,9th grade
7.0,79.93333423,Male,9th grade
4.0,89.61556172,Male,9th grade
7.0,95.7219043,Male,9th grade
7.0,67.66135662,Male,9th grade
7.0,75.23984427,Male,9th grade
4.0,74.10960037,Male,9th grade
4.0,67.02760826,Male,9th grade
7.0,58.74510972,Male,9th grade
0.0,47.22319469,Male,9th grade
1.0,73.05961868,Male,11th grade
6.0,53.55741993,Male,10th grade
1.0,25.54426508,Male,10th grade
7.0,93.79838032,Male,10th grade
0.0,82.9105435,Male,10th grade
7.0,90.51467987,Male,10th grade
0.0,0.429815789,Male,10th grade
2.0,6.476856891,Male,10th grade
0.0,1.003604688,Male,10th grade
2.0,96.85537184,Female,10th grade
2.0,92.63103874,Female,10th grade
0.0,96.90469009,Female,10th grade
1.0,28.36149003,Female,10th grade
1.0,36.68936176,Female,10th grade
4.0,77.20364961,Female,11th grade
3.0,76.16361312,Female,10th grade
0.0,73.74393215,Male,11th grade
7.0,72.36104809,Male,11th grade
6.0,21.25383112,Male,11th grade
5.0,84.10727673,Male,11th grade
4.0,61.12521977,Male,11th grade
5.0,99.59802359,Male,11th grade
0.0,98.86366606,Male,11th grade
5.0,99.31641219,Male,11th grade
0.0,85.01319145,Female,11th grade
0.0,81.30024456,Female,11th grade
1.0,89.98187058,Female,11th grade
5.0,88.95240548,Female,11th grade
0.0,98.60574303,Female,11th grade
0.0,28.91092809,Female,11th grade
2.0,87.36397116,Female,11th grade
0.0,57.76940034,Male,11th grade
6.0,6.655533385,Male,11th grade
5.0,73.29906006,Male,9th grade
2.0,91.84706392,Male,9th grade
7.0,71.88886111,Male,9th grade
5.0,95.15268037,Male,9th grade
0.0,82.1545869,Female,9th grade
3.0,46.5812907,Male,9th grade
5.0,88.37612136,Male,9th grade
3.0,47.28464354,Male,9th grade
7.0,2.885912336,Male,9th grade
7.0,88.71386904,Male,9th grade
1.0,99.23039212,Male,9th grade
6.0,60.43019257,Male,9th grade
7.0,21.37082787,Female,9th grade
1.0,97.01886642,Female,9th grade
7.0,77.86602504,Female,9th grade
0.0,48.21839695,Female,9th grade
7.0,94.20247675,Female,9th grade
0.0,90.27931362,Female,12th grade
0.0,58.69524984,Female,12th grade
0.0,79.48695243,Female,12th grade
5.0,23.83152556,Female,12th grade
5.0,72.16135334,Female,12th grade
0.0,97.91385948,Male,12th grade
7.0,40.07525181,Male,12th grade
0.0,98.27574094,Male,12th grade
4.0,40.07525181,Male,12th grade
0.0,75.744874,Male,12th grade
4.0,33.79539728,Male,12th grade
0.0,57.52992298,Male,12th grade
7.0,24.7571985,Male,12th grade
1.0,44.33467794,Female,12th grade
0.0,13.85179948,Female,10th grade
0.0,52.85458427,Female,10th grade
3.0,90.63852931,Male,10th grade
7.0,86.79121692,Male,10th grade
2.0,92.66928372,Male,10th grade
7.0,98.0160854,Male,10th grade
7.0,75.35975743,Male,10th grade
3.0,26.68936925,Male,10th grade
0.0,99.45271084,Male,10th grade
0.0,81.88920139,Male,10th grade
3.0,88.99955787,Male,10th grade
5.0,93.8171533,Male,10th grade
2.0,61.11298954,Female,10th grade
3.0,74.25962481,Female,10th grade
1.0,44.29519256,Female,10th grade
2.0,62.95970228,Female,10th grade
2.0,67.48018081,Female,10th grade
0.0,97.9910206,Female,10th grade
0.0,88.70232652,Female,10th grade
0.0,98.90478197,Female,11th grade
4.0,80.35885458,Male,11th grade
1.0,19.34593133,Female,11th grade
0.0,64.47468905,Female,12th grade
5.0,64.30723303,Female,11th grade
0.0,87.53749489,Female,11th grade
6.0,28.91092809,Female,11th grade
3.0,31.7119088,Female,11th grade
7.0,58.69524984,Female,12th grade
6.0,90.63414561,Female,11th grade
1.0,83.98189668,Female,11th grade
6.0,56.12875598,Female,11th grade
1.0,49.88343043,Female,11th grade
2.0,72.60095123,Male,11th grade
7.0,19.86901809,Male,11th grade
7.0,81.3947164,Male,11th grade
7.0,27.64092077,Male,11th grade
7.0,13.74578822,Male,11th grade
0.0,10.0980018,Male,11th grade
4.0,96.57697985,Male,11th grade
2.0,57.01956638,Male,11th grade
6.0,1.215131569,Male,10th grade
6.0,45.44473003,Male,9th grade
7.0,75.11573491,Male,9th grade
2.0,70.14793483,Male,9th grade
7.0,54.17561128,Male,9th grade
2.0,91.3421136,Male,9th grade
7.0,74.72220037,Male,9th grade
7.0,85.29122235,Female,9th grade
6.0,38.01943648,Male,9th grade
0.0,69.5988229,Male,9th grade
7.0,98.38849004,Male,9th grade
5.0,98.88203353,Male,9th grade
7.0,57.7634963,Male,9th grade
7.0,61.71262234,Male,9th grade
2.0,1.198351111,Male,9th grade
7.0,96.10352146,Male,9th grade
0.0,20.98116784,Male,9th grade
0.0,98.46270113,Female,9th grade
3.0,55.56660731,Female,9th grade
5.0,62.48035985,Female,9th grade
5.0,57.42808938,Female,9th grade
6.0,39.92043288,Female,9th grade
4.0,67.4044543,Male,10th grade
5.0,31.37615111,Male,10th grade
7.0,31.07256054,Male,10th grade
7.0,68.50243505,Male,10th grade
2.0,94.89100241,Male,10th grade
6.0,74.74124853,Male,10th grade
1.0,2.116976511,Male,10th grade
0.0,83.32303085,Female,10th grade
1.0,58.2330153,Female,10th grade
5.0,45.42668553,Female,10th grade
2.0,67.16680562,Female,10th grade
5.0,89.52466745,Female,10th grade
2.0,98.32929306,Female,10th grade
6.0,81.31873995,Female,10th grade
0.0,11.0790396,Female,10th grade
6.0,9.548098269,Female,10th grade
7.0,70.63947195,Female,10th grade
7.0,53.91201918,Female,10th grade
7.0,77.86602504,Female,10th grade
3.0,99.32441627,Female,10th grade
0.0,52.7668932,Female,10th grade
7.0,57.42808938,Female,10th grade
7.0,91.78639402,Female,12th grade
4.0,91.84480724,Female,12th grade
7.0,47.49270385,Female,12th grade
0.0,95.34309976,Female,12th grade
7.0,47.49270385,Female,12th grade
2.0,68.13816439,Male,12th grade
3.0,28.59861823,Male,12th grade
0.0,65.99443629,Male,12th grade
0.0,58.15238086,Male,12th grade
0.0,77.19065117,Female,12th grade
0.0,71.891691,Female,12th grade
5.0,84.19561124,Female,12th grade
0.0,98.06192313,Female,12th grade
1.0,11.68740441,Female,12th grade
0.0,90.27931362,Female,12th grade
2.0,56.22904265,Male,12th grade
2.0,84.16819767,Male,12th grade
5.0,19.38451665,Male,12th grade
7.0,99.08162181,Male,12th grade
0.0,90.38448819,Male,12th grade
5.0,97.91385948,Male,12th grade
7.0,96.35684269,Male,12th grade
3.0,24.7571985,Male,12th grade
5.0,31.95457566,Male,12th grade
2.0,58.87622836,Male,12th grade
0.0,0.745559691,Male,12th grade
0.0,79.56062473,Male,12th grade
7.0,99.31045428,Male,12th grade
4.0,74.0489888,Male,12th grade
1.0,83.70656699,Male,12th grade
7.0,25.58313701,Male,12th grade
6.0,63.11263253,Male,12th grade
7.0,94.70694647,Male,12th grade
7.0,50.50283383,Male,12th grade
7.0,19.38451665,Male,12th grade
0.0,87.10946842,Male,12th grade
0.0,96.83911268,Male,12th grade
0.0,98.0718751,Female,12th grade
7.0,82.7114493,Female,12th grade
0.0,93.74616287,Female,12th grade
0.0,87.82388732,Female,12th grade
0.0,74.41879277,Female,12th grade
0.0,89.59113592,Female,12th grade
2.0,91.42274048,Female,12th grade
1.0,87.73497018,Female,12th grade
0.0,41.5155192,Female,12th grade
0.0,74.57239196,Female,12th grade
0.0,36.56155956,Female,11th grade
0.0,81.86351046,Female,10th grade
2.0,93.8107995,Female,11th grade
4.0,66.72581086,Female,11th grade
2.0,18.66682582,Female,11th grade
2.0,22.52975434,Female,11th grade
6.0,93.57527412,Male,11th grade
0.0,52.12369341,Male,11th grade
7.0,61.46573111,Male,11th grade
6.0,41.88017444,Male,11th grade
2.0,13.74578822,Male,11th grade
7.0,33.17546115,Male,11th grade
5.0,47.3616047,Male,11th grade
1.0,96.07552631,Male,11th grade
5.0,99.58480494,Male,11th grade
2.0,98.92238016,Male,11th grade
2.0,99.21772474,Female,11th grade
0.0,70.67451976,Female,11th grade
0.0,91.74867665,Female,10th grade
7.0,66.54550193,Male,9th grade
5.0,84.24782523,Female,9th grade
5.0,95.95266943,Female,9th grade
0.0,7.576915771,Female,9th grade
4.0,72.66703407,Female,9th grade
3.0,92.86925353,Female,9th grade
7.0,57.73493509,Female,9th grade
3.0,48.82355055,Female,9th grade
5.0,54.82320838,Female,9th grade
1.0,99.11999382,Female,9th grade
3.0,51.42956132,Male,9th grade
0.0,87.50167897,Male,9th grade
5.0,82.3894253,Male,9th grade
5.0,30.85649979,Male,9th grade
7.0,88.10213665,Male,9th grade
7.0,34.20904036,Male,9th grade
4.0,12.09755724,Male,9th grade
5.0,9.121137473,Male,9th grade
1.0,95.34311212,Male,9th grade
0.0,87.30229116,Male,10th grade
7.0,96.92930157,Male,10th grade
7.0,63.65662642,Male,10th grade
0.0,59.74232868,Male,11th grade
7.0,61.00492226,Male,10th grade
0.0,12.10731678,Male,10th grade
0.0,38.53470375,Male,11th grade
3.0,84.10727673,Male,10th grade
5.0,50.57461132,Female,10th grade
3.0,50.280802,Female,10th grade
2.0,81.7100925,Female,10th grade
2.0,99.6759439,Female,10th grade
3.0,62.18674919,Female,10th grade
6.0,41.90226796,Male,9th grade
2.0,96.99419797,Male,9th grade
3.0,17.54872121,Male,9th grade
5.0,55.18146429,Male,9th grade
7.0,71.88886111,Male,9th grade
7.0,38.01943648,Male,9th grade
2.0,80.3927078,Male,9th grade
7.0,93.2851331,Male,11th grade
1.0,93.9072722,Male,9th grade
3.0,96.51493262,Male,9th grade
1.0,57.565051,Male,9th grade
1.0,8.138467324,Male,9th grade
2.0,91.73244705,Male,9th grade
2.0,25.41657083,Male,9th grade
2.0,90.05873305,Male,12th grade
1.0,97.1520382,Female,9th grade
0.0,59.84743653,Female,9th grade
0.0,93.8107995,Female,10th grade
2.0,92.76477417,Female,9th grade
5.0,68.93605413,Female,9th grade
3.0,5.810223165,Female,10th grade
0.0,52.62687394,Female,10th grade
6.0,97.0639858,Male,9th grade
2.0,72.55345836,Male,9th grade
3.0,88.66525278,Male,9th grade
2.0,81.96841613,Male,9th grade
2.0,67.73802914,Male,9th grade
7.0,60.76861032,Male,12th grade
5.0,36.09086758,Male,9th grade
5.0,97.42510515,Male,9th grade
6.0,86.55514183,Male,9th grade
3.0,97.49494147,Male,9th grade
0.0,97.06188058,Male,9th grade
0.0,97.54537298,Male,9th grade
7.0,58.10402513,Male,9th grade
0.0,54.76825471,Male,9th grade
7.0,96.02199137,Male,9th grade
4.0,64.62836913,Male,9th grade
0.0,76.82269242,Male,9th grade
3.0,95.25979986,Male,9th grade
5.0,15.90455258,Male,9th grade
3.0,37.10910697,Male,12th grade
2.0,7.433236146,Male,12th grade
3.0,90.98864651,Male,12th grade
5.0,57.52992298,Male,12th grade
2.0,93.77769772,Male,12th grade
7.0,92.39337265,Male,12th grade
7.0,65.99443629,Male,12th grade
4.0,99.61112382,Male,12th grade
1.0,95.42945459,Female,12th grade
3.0,16.83873014,Female,12th grade
2.0,21.65105145,Female,12th grade
2.0,80.25071672,Female,12th grade
1.0,57.45496513,Female,12th grade
2.0,82.78836576,Female,12th grade
0.0,90.06772465,Female,11th grade
0.0,55.15612985,Female,11th grade
0.0,95.58328573,Female,11th grade
0.0,86.84669781,Female,11th grade
5.0,72.58487629,Female,11th grade
0.0,16.73765563,Female,11th grade
0.0,94.73922869,Female,11th grade
0.0,86.31896631,Female,11th grade
7.0,79.456875,Female,11th grade
0.0,79.37279924,Male,11th grade
0.0,99.50195472,Male,11th grade
1.0,84.84665926,Male,11th grade
0.0,99.83469344,Male,11th grade
7.0,99.34328906,Male,11th grade
4.0,84.16819767,Male,11th grade
4.0,54.76825471,Male,11th grade
3.0,0.64388101,Male,11th grade
0.0,41.76200357,Male,11th grade
3.0,98.3625801,Female,11th grade
2.0,19.63535407,Male,9th grade
0.0,57.7634963,Male,9th grade
2.0,73.87758954,Male,9th grade
2.0,83.59949632,Male,9th grade
6.0,47.04174902,Male,9th grade
0.0,42.79220671,Male,9th grade
6.0,54.04791735,Male,9th grade
6.0,96.02199137,Male,9th grade
0.0,29.00056766,Male,10th grade
4.0,82.95619566,Male,9th grade
2.0,63.48927185,Male,9th grade
0.0,47.52350758,Female,9th grade
2.0,57.92472989,Female,9th grade
4.0,91.19578866,Male,9th grade
7.0,45.98732433,Male,9th grade
7.0,32.11184331,Male,9th grade
0.0,73.49549106,Male,9th grade
3.0,72.77371208,Female,9th grade
7.0,86.06465377,Female,9th grade
3.0,26.01707526,Female,9th grade
1.0,91.93240863,Female,9th grade
1.0,81.39556377,Female,9th grade
7.0,3.346897723,Female,12th grade
0.0,95.59023937,Female,12th grade
0.0,51.65120624,Female,12th grade
0.0,98.243241,Female,12th grade
0.0,96.18066632,Female,12th grade
0.0,98.37193853,Female,12th grade
5.0,95.92419084,Female,12th grade
5.0,72.81720747,Female,12th grade
1.0,7.337996978,Female,12th grade
2.0,79.56062473,Male,12th grade
5.0,95.32202267,Male,12th grade
2.0,78.52962614,Male,12th grade
1.0,77.00758829,Male,12th grade
0.0,54.64792215,Male,12th grade
3.0,74.0489888,Male,12th grade
2.0,64.78380301,Male,12th grade
3.0,42.05103451,Male,12th grade
0.0,87.91928191,Female,10th grade
3.0,10.19047263,Female,10th grade
0.0,92.80500857,Female,10th grade
0.0,1.274533136,Female,10th grade
0.0,0.949175535,Female,10th grade
1.0,54.81893823,Female,10th grade
7.0,75.59564792,Female,10th grade
0.0,76.76225574,Female,10th grade
2.0,71.44508093,Female,10th grade
0.0,28.91092809,Female,10th grade
0.0,94.62610005,Female,10th grade
1.0,85.96959804,Female,10th grade
3.0,92.58112432,Male,10th grade
0.0,18.64933154,Male,10th grade
0.0,99.59389201,Male,10th grade
4.0,96.96236124,Male,10th grade
0.0,25.04857867,Male,10th grade
5.0,97.89476687,Male,10th grade
3.0,98.63342533,Male,10th grade
2.0,48.32468565,Male,10th grade
5.0,68.50243505,Male,10th grade
0.0,62.8321027,Male,10th grade
5.0,22.86186612,Female,11th grade
0.0,89.0666343,Female,11th grade
3.0,5.221698862,Female,11th grade
7.0,86.1407343,Male,11th grade
7.0,80.23583676,Male,11th grade
7.0,94.33868444,Female,11th grade
1.0,83.09080929,Female,11th grade
2.0,94.05766279,Female,11th grade
3.0,70.67451976,Female,11th grade
0.0,85.71224216,Female,11th grade
0.0,78.71212761,Female,11th grade
1.0,51.34192391,Male,11th grade
3.0,91.89342822,Male,11th grade
2.0,21.89069518,Female,11th grade
7.0,99.48258298,Female,11th grade
0.0,27.57233516,Female,11th grade
1.0,74.23898476,Female,11th grade
0.0,51.28932037,Female,11th grade
0.0,29.7578994,Female,11th grade
0.0,92.61569365,Male,11th grade
4.0,38.01409877,Male,11th grade
0.0,27.25450767,Male,11th grade
6.0,99.35762909,Male,11th grade
6.0,91.89342822,Male,11th grade
6.0,97.58793625,Male,11th grade
2.0,40.54914168,Female,9th grade
3.0,62.34302909,Female,9th grade
5.0,90.08907671,Male,9th grade
0.0,98.28941691,Male,9th grade
5.0,68.38112974,Male,9th grade
1.0,57.7634963,Male,9th grade
3.0,93.95733265,Male,9th grade
1.0,98.52352334,Male,9th grade
7.0,61.4875819,Male,9th grade
0.0,90.74566924,Male,9th grade
3.0,78.62520147,Male,9th grade
3.0,99.45972584,Male,9th grade
2.0,95.88456361,Female,9th grade
0.0,70.02580011,Male,9th grade
5.0,97.52205043,Male,9th grade
6.0,65.10834035,Male,9th grade
6.0,47.95897712,Male,9th grade
4.0,94.05416813,Male,9th grade
5.0,79.19538136,Female,9th grade
7.0,58.8744133,Female,9th grade
5.0,97.95071688,Female,9th grade
3.0,40.55138048,Female,9th grade
2.0,45.87527465,Female,9th grade
2.0,80.79348995,Female,9th grade
5.0,60.44079147,Female,9th grade
4.0,99.1094941,Female,9th grade
4.0,58.09322257,Female,9th grade
7.0,38.84735987,Female,9th grade
0.0,99.56856299,Female,9th grade
0.0,59.36187206,Male,12th grade
0.0,92.94610432,Male,12th grade
5.0,12.03046883,Female,12th grade
0.0,98.26889208,Female,12th grade
1.0,70.79270495,Female,12th grade
1.0,53.20245682,Female,12th grade
0.0,89.23519997,Female,12th grade
7.0,40.05564445,Male,12th grade
1.0,8.447500337,Male,12th grade
0.0,29.36620695,Male,12th grade
7.0,87.36289335,Male,12th grade
7.0,99.80980039,Male,12th grade
5.0,42.12549278,Male,12th grade
3.0,57.95910476,Female,12th grade
0.0,65.93660653,Female,12th grade
0.0,35.04876286,Female,12th grade
0.0,25.09923397,Female,12th grade
5.0,13.53750567,Female,12th grade
1.0,95.84723835,Female,12th grade
7.0,95.59023937,Female,12th grade
5.0,61.12521977,Male,11th grade
0.0,73.71563971,Male,11th grade
2.0,1.77122352,Male,11th grade
7.0,94.42613201,Male,11th grade
7.0,93.82384404,Male,11th grade
0.0,87.89933447,Male,11th grade
0.0,37.6095217,Male,11th grade
7.0,48.32468565,Male,11th grade
5.0,13.74578822,Male,11th grade
7.0,52.12369341,Male,11th grade
1.0,99.05146362,Male,11th grade
4.0,47.49270385,Female,11th grade
0.0,30.70445124,Female,11th grade
7.0,93.38093618,Female,11th grade
0.0,40.43646118,Female,11th grade
1.0,57.60270767,Female,11th grade
4.0,37.55228267,Male,11th grade
7.0,89.21867624,Male,11th grade
6.0,45.83913136,Male,11th grade
1.0,43.94501206,Male,11th grade
7.0,75.2628239,Male,11th grade
1.0,30.44393846,Female,11th grade
0.0,23.38379549,Female,11th grade
5.0,69.87171391,Female,11th grade
7.0,26.12873047,Female,11th grade
0.0,83.84481951,Female,11th grade
7.0,72.81720747,Female,11th grade
0.0,36.41834536,Female,11th grade
0.0,51.32765319,Female,11th grade
0.0,87.68662103,Male,9th grade
5.0,17.10726474,Male,9th grade
1.0,99.01275718,Male,9th grade
7.0,93.00715187,Male,9th grade
1.0,73.71563971,Male,9th grade
2.0,13.01481827,Female,9th grade
0.0,47.28464354,Male,9th grade
2.0,95.88643657,Male,9th grade
6.0,47.63991712,Male,9th grade
7.0,47.28464354,Male,9th grade
0.0,30.14155853,Male,9th grade
7.0,58.07262747,Male,9th grade
2.0,45.23145513,Female,9th grade
5.0,32.49797332,Female,9th grade
3.0,0.892110261,Female,9th grade
7.0,64.48479627,Female,9th grade
5.0,97.81257649,Male,9th grade
0.0,96.71200852,Male,9th grade
0.0,20.85281344,Male,9th grade
3.0,92.38289452,Male,9th grade
2.0,93.8762319,Female,9th grade
3.0,22.66659312,Female,9th grade
0.0,89.43864374,Female,9th grade
3.0,62.19393818,Female,9th grade
6.0,27.8727641,Female,9th grade
2.0,56.82844588,Female,9th grade
0.0,23.90166614,Female,9th grade
0.0,73.91347781,Male,9th grade
5.0,96.86371878,Female,9th grade
0.0,7.598125146,Female,9th grade
0.0,96.30951314,Female,9th grade
1.0,44.92105057,Female,9th grade
0.0,99.75019808,Female,9th grade
2.0,66.99718709,Female,9th grade
0.0,83.86594073,Male,10th grade
2.0,43.15247839,Male,10th grade
7.0,94.60980443,Male,10th grade
7.0,0.299302817,Male,10th grade
7.0,79.92192149,Male,10th grade
0.0,38.52844039,Male,10th grade
0.0,92.63103874,Female,10th grade
1.0,92.09238408,Female,10th grade
0.0,99.03689575,Male,10th grade
0.0,72.13833601,Male,10th grade
5.0,77.81153178,Male,10th grade
0.0,75.92719998,Male,10th grade
1.0,83.39984129,Male,10th grade
3.0,47.9840088,Male,10th grade
5.0,98.81371351,Male,10th grade
7.0,9.162769583,Male,10th grade
0.0,32.81481009,Male,10th grade
5.0,90.19374415,Male,10th grade
3.0,14.41009254,Female,10th grade
0.0,2.746666001,Female,10th grade
1.0,70.57774417,Female,10th grade
4.0,98.6391886,Female,10th grade
6.0,92.41928342,Female,10th grade
7.0,64.82966753,Female,10th grade
0.0,47.52350758,Female,10th grade
3.0,95.86762868,Female,10th grade
4.0,53.96737126,Female,10th grade
1.0,31.05604841,Female,10th grade
2.0,4.891812081,Female,10th grade
6.0,18.66682582,Female,10th grade
4.0,95.71269842,Female,10th grade
6.0,81.82099807,Female,10th grade
1.0,87.62899868,Female,10th grade
3.0,71.24517665,Female,10th grade
0.0,91.10128528,Female,10th grade
7.0,79.73361306,Female,9th grade
0.0,26.01707526,Female,9th grade
3.0,97.199464,Female,9th grade
0.0,80.58606126,Female,9th grade
0.0,82.39060777,Female,9th grade
2.0,38.07674169,Female,9th grade
0.0,97.11900696,Female,9th grade
5.0,51.07051564,Female,9th grade
3.0,72.01866756,Female,9th grade
0.0,5.925424048,Female,9th grade
5.0,98.32881877,Female,9th grade
0.0,8.179150714,Female,9th grade
0.0,38.22137632,Male,9th grade
5.0,82.18267485,Male,9th grade
3.0,94.86641154,Male,9th grade
4.0,68.37554129,Male,9th grade
6.0,93.12572961,Male,9th grade
0.0,70.24465288,Male,9th grade
7.0,87.0929914,Male,9th grade
7.0,37.97610596,Female,9th grade
3.0,33.17546115,Male,12th grade
4.0,68.32942299,Male,12th grade
5.0,83.8443561,Male,12th grade
5.0,88.69767669,Male,12th grade
0.0,36.17262129,Male,12th grade
5.0,35.70830555,Male,12th grade
1.0,93.26953677,Male,12th grade
5.0,24.7571985,Male,12th grade
4.0,40.93399679,Male,12th grade
2.0,90.3259285,Male,12th grade
5.0,60.76861032,Male,12th grade
0.0,7.683978269,Female,12th grade
5.0,26.6755441,Female,12th grade
5.0,80.72756796,Female,12th grade
0.0,73.48550449,Female,12th grade
2.0,84.25378028,Female,12th grade
5.0,15.29718496,Female,12th grade
2.0,62.8727162,Female,12th grade
0.0,89.22633477,Female,12th grade
7.0,99.39312265,Male,10th grade
0.0,85.98623842,Male,10th grade
0.0,5.105593606,Male,10th grade
7.0,41.49272193,Male,10th grade
7.0,69.77678882,Male,10th grade
7.0,84.84665926,Male,10th grade
6.0,59.81053194,Male,10th grade
3.0,89.41316525,Male,10th grade
7.0,98.20741258,Male,10th grade
1.0,31.84410473,Female,10th grade
0.0,63.43175519,Female,10th grade
3.0,74.26220694,Female,10th grade
1.0,94.1589128,Female,10th grade
1.0,96.92327921,Male,10th grade
5.0,96.02199137,Male,10th grade
7.0,66.54483144,Male,10th grade
7.0,5.750020485,Female,11th grade
5.0,72.98083347,Female,11th grade
0.0,70.79270495,Female,11th grade
3.0,98.7925167,Female,11th grade
1.0,45.32759373,Female,11th grade
7.0,92.09238408,Female,11th grade
7.0,25.9046623,Female,11th grade
5.0,47.66003889,Female,11th grade
5.0,66.72581086,Female,11th grade
4.0,50.95276905,Female,11th grade
4.0,21.76200891,Female,11th grade
4.0,77.20364961,Female,11th grade
2.0,84.57262784,Female,11th grade
2.0,97.23638701,Male,11th grade
0.0,97.02213328,Male,11th grade
2.0,12.10731678,Male,11th grade
2.0,99.77214533,Male,11th grade
5.0,52.00817272,Female,11th grade
4.0,14.02708141,Male,9th grade
7.0,96.94146884,Male,9th grade
3.0,91.32906814,Male,9th grade
4.0,97.54537298,Male,9th grade
7.0,12.91992517,Male,9th grade
5.0,93.8867959,Male,9th grade
5.0,97.16411028,Male,9th grade
7.0,98.44768624,Male,9th grade
1.0,65.72450251,Female,9th grade
0.0,99.17126339,Female,9th grade
7.0,38.07674169,Female,9th grade
7.0,35.19576612,Female,9th grade
2.0,27.78101262,Female,9th grade
5.0,30.2601081,Female,9th grade
0.0,96.11047765,Female,9th grade
7.0,87.50167897,Male,9th grade
0.0,42.79220671,Male,9th grade
3.0,96.12583288,Male,9th grade
6.0,55.52547731,Female,9th grade
0.0,81.80727095,Female,9th grade
4.0,42.99301921,Female,9th grade
2.0,96.65366329,Female,11th grade
7.0,21.293857,Female,11th grade
7.0,62.8727162,Female,11th grade
2.0,94.63506826,Female,11th grade
0.0,40.85216047,Female,11th grade
5.0,69.32665792,Female,11th grade
7.0,55.49638039,Female,11th grade
0.0,77.7669271,Female,11th grade
0.0,38.13969216,Female,11th grade
5.0,27.97089061,Female,11th grade
2.0,87.31007779,Female,11th grade
0.0,65.50167855,Female,11th grade
2.0,56.12393568,Female,11th grade
2.0,67.35690955,Female,11th grade
0.0,87.18889527,Male,11th grade
7.0,35.06116021,Male,11th grade
4.0,48.98596485,Male,11th grade
7.0,65.55276631,Male,11th grade
0.0,66.84791246,Male,11th grade
3.0,60.20531722,Male,11th grade
0.0,90.57395134,Male,10th grade
5.0,75.35975743,Male,10th grade
4.0,93.79838032,Male,10th grade
1.0,90.07760085,Male,10th grade
5.0,99.33768585,Male,10th grade
0.0,92.59985649,Male,10th grade
7.0,58.96570164,Male,10th grade
4.0,74.22155378,Female,10th grade
2.0,27.78101262,Female,10th grade
0.0,93.27221205,Female,10th grade
7.0,64.10230116,Female,10th grade
3.0,92.09238408,Female,10th grade
0.0,46.57601987,Female,10th grade
2.0,92.09920035,Female,10th grade
6.0,29.94956941,Female,11th grade
7.0,69.87171391,Female,10th grade
0.0,84.67610222,Female,11th grade
5.0,66.62027906,Female,11th grade
0.0,86.12409964,Female,11th grade
0.0,93.38093618,Female,11th grade
2.0,88.67597108,Female,11th grade
7.0,93.83916295,Female,11th grade
7.0,57.31734359,Female,10th grade
2.0,6.379875788,Female,11th grade
7.0,23.65339914,Female,11th grade
0.0,91.84759495,Female,12th grade
1.0,52.85458427,Female,10th grade
7.0,68.28027307,Male,10th grade
6.0,94.13601525,Male,10th grade
3.0,90.98194298,Male,11th grade
7.0,92.18630697,Male,11th grade
5.0,98.35770378,Male,12th grade
0.0,48.66934789,Male,10th grade
4.0,76.4894434,Male,10th grade
7.0,98.3450667,Male,10th grade
7.0,92.41586125,Male,10th grade
7.0,60.66321529,Male,10th grade
7.0,89.74246474,Male,10th grade
3.0,79.93333423,Male,10th grade
1.0,99.20751328,Male,10th grade
5.0,80.49896065,Male,10th grade
1.0,43.94501206,Male,10th grade
6.0,95.0351687,Male,10th grade
0.0,98.00807952,Female,10th grade
1.0,98.3774637,Female,10th grade
1.0,98.65514685,Female,10th grade
0.0,93.03393133,Female,10th grade
1.0,93.58027647,Female,10th grade
0.0,71.65336161,Female,10th grade
1.0,83.35221163,Female,10th grade
0.0,53.1374135,Female,10th grade
6.0,47.52350758,Female,10th grade
0.0,30.29781056,Female,10th grade
1.0,81.63658484,Female,10th grade
5.0,5.125120423,Female,10th grade
0.0,74.26220694,Female,10th grade
5.0,99.66283326,Male,9th grade
4.0,95.89395816,Male,11th grade
2.0,96.86925218,Male,9th grade
7.0,78.32242217,Male,9th grade
6.0,47.22319469,Male,9th grade
7.0,79.93333423,Male,9th grade
2.0,60.9709885,Male,9th grade
0.0,47.22319469,Male,9th grade
1.0,82.18267485,Male,9th grade
0.0,73.59778515,Male,9th grade
4.0,92.1025695,Female,9th grade
5.0,93.06385095,Female,9th grade
0.0,42.53225571,Female,9th grade
0.0,12.28647894,Female,9th grade
5.0,71.40661886,Female,9th grade
0.0,79.81648603,Female,9th grade
1.0,63.88776352,Female,9th grade
0.0,93.53501253,Female,9th grade
0.0,30.29781056,Female,9th grade
0.0,82.7490864,Female,9th grade
3.0,94.77003608,Female,9th grade
0.0,92.08608045,Female,9th grade
7.0,85.61821001,Female,9th grade
7.0,74.22155378,Female,9th grade
1.0,43.38387385,Female,9th grade
1.0,98.06460833,Female,9th grade
0.0,94.37059045,Female,9th grade
1.0,57.31734359,Female,9th grade
3.0,75.81046973,Male,12th grade
5.0,94.03227262,Female,12th grade
0.0,69.83564514,Female,12th grade
0.0,96.62240773,Female,12th grade
7.0,25.37454537,Female,12th grade
0.0,94.91944326,Female,12th grade
5.0,87.10949429,Female,12th grade
2.0,89.23519997,Female,12th grade
3.0,30.94360622,Female,12th grade
6.0,91.49215597,Female,12th grade
0.0,41.98150796,Female,12th grade
4.0,95.20482698,Female,12th grade
0.0,68.81598162,Female,12th grade
2.0,96.75003092,Female,12th grade
7.0,17.19094059,Female,11th grade
0.0,92.46529889,Female,12th grade
7.0,82.57551316,Female,12th grade
7.0,80.47617765,Male,12th grade
5.0,99.57301955,Male,12th grade
0.0,97.64778272,Male,12th grade
0.0,87.37910072,Male,12th grade
1.0,1.112749347,Male,12th grade
7.0,97.44787002,Male,12th grade
0.0,99.1867984,Male,12th grade
5.0,98.8058366,Male,12th grade
0.0,72.18388097,Female,11th grade
2.0,61.79232599,Female,11th grade
3.0,83.52857393,Female,11th grade
4.0,97.74653158,Female,11th grade
0.0,98.05486199,Female,11th grade
2.0,87.87850996,Female,11th grade
0.0,96.08247322,Female,11th grade
2.0,25.62543853,Female,11th grade
2.0,39.90926389,Female,11th grade
0.0,70.57774417,Female,11th grade
7.0,77.20364961,Female,11th grade
3.0,37.10650136,Female,11th grade
1.0,89.8578443,Female,11th grade
3.0,95.34309976,Female,11th grade
7.0,11.37372206,Male,11th grade
7.0,33.45494264,Male,11th grade
4.0,87.10946842,Male,10th grade
5.0,91.62890905,Male,11th grade
6.0,45.16626978,Male,11th grade
0.0,83.90474553,Male,12th grade
5.0,97.64667271,Male,11th grade
0.0,86.00972589,Male,11th grade
6.0,42.12549278,Male,11th grade
0.0,96.62999717,Male,10th grade
6.0,1.262835309,Female,11th grade
4.0,29.94956941,Female,10th grade
7.0,83.09080929,Female,11th grade
2.0,67.52847944,Female,11th grade
0.0,72.08322728,Female,11th grade
1.0,60.37094182,Female,11th grade
0.0,33.66779009,Female,11th grade
2.0,78.13156862,Female,11th grade
5.0,46.07997675,Female,11th grade
0.0,52.22408981,Female,11th grade
3.0,22.00897479,Female,11th grade
1.0,86.28807602,Female,11th grade
0.0,42.12549278,Male,11th grade
7.0,3.163642944,Male,11th grade
2.0,55.79291405,Male,11th grade
6.0,51.7428672,Male,11th grade
7.0,99.36215597,Male,11th grade
0.0,87.89933447,Male,10th grade
3.0,4.163588119,Male,11th grade
0.0,23.56629787,Male,12th grade
0.0,6.282803537,Male,11th grade
5.0,19.86901809,Male,11th grade
5.0,62.63958476,Male,11th grade
0.0,99.81768496,Male,11th grade
7.0,0.695497511,Male,11th grade
7.0,18.31768251,Male,11th grade
2.0,57.65945829,Male,11th grade
7.0,5.237702273,Male,11th grade
5.0,99.42930272,Male,11th grade
3.0,27.25450767,Male,11th grade
0.0,61.12841374,Male,11th grade
7.0,29.14504055,Male,11th grade
5.0,8.422069576,Male,11th grade
5.0,54.17779991,Male,11th grade
0.0,70.67451976,Female,11th grade
2.0,62.34594798,Female,11th grade
0.0,60.42147903,Female,11th grade
3.0,89.17579126,Female,11th grade
0.0,59.75373678,Female,11th grade
2.0,40.53775276,Female,11th grade
0.0,84.10842539,Female,11th grade
0.0,95.58328573,Female,11th grade
0.0,84.17926903,Female,11th grade
1.0,57.60270767,Female,11th grade
0.0,96.76671682,Female,11th grade
4.0,77.39416894,Male,9th grade
5.0,81.9397258,Male,9th grade
3.0,78.49593958,Male,9th grade
7.0,47.61014854,Female,9th grade
7.0,95.70971305,Female,9th grade
5.0,87.76286251,Female,9th grade
3.0,35.75781836,Female,9th grade
5.0,98.59757938,Female,9th grade
7.0,25.42919289,Female,9th grade
3.0,26.61563241,Female,9th grade
5.0,97.16422987,Female,9th grade
6.0,80.06454613,Female,9th grade
0.0,89.08233245,Female,9th grade
7.0,71.50224257,Female,9th grade
0.0,49.78650358,Female,9th grade
6.0,27.32900004,Female,9th grade
2.0,45.33714908,Female,9th grade
4.0,97.68724399,Female,9th grade
5.0,23.08802688,Female,9th grade
0.0,90.37184496,Male,10th grade
7.0,68.87086388,Male,10th grade
5.0,84.15086309,Male,10th grade
0.0,77.27245919,Male,10th grade
2.0,95.65064997,Male,10th grade
1.0,98.2561208,Male,10th grade
3.0,99.73973108,Male,10th grade
4.0,26.38837509,Male,10th grade
3.0,94.18182268,Male,10th grade
3.0,63.48927185,Male,10th grade
0.0,25.61355879,Male,10th grade
5.0,23.90166614,Female,10th grade
1.0,83.20342931,Female,10th grade
1.0,47.24873407,Female,10th grade
0.0,72.79561651,Female,10th grade
0.0,73.9888078,Female,10th grade
1.0,63.79127104,Female,10th grade
0.0,48.61485744,Female,10th grade
0.0,68.25363425,Female,10th grade
2.0,44.35698162,Female,10th grade
4.0,9.961208448,Female,10th grade
7.0,43.38387385,Female,10th grade
0.0,87.60221101,Female,10th grade
4.0,54.64792215,Male,12th grade
0.0,60.76861032,Male,12th grade
0.0,50.50283383,Male,12th grade
6.0,49.18474233,Male,12th grade
5.0,31.63999593,Male,12th grade
3.0,69.77678882,Male,12th grade
0.0,79.21907392,Female,12th grade
0.0,31.96067893,Female,12th grade
4.0,39.30780725,Female,12th grade
4.0,47.25298589,Female,12th grade
6.0,87.80684545,Female,12th grade
7.0,89.23253452,Female,12th grade
5.0,14.85540624,Female,12th grade
7.0,70.79270495,Female,12th grade
4.0,23.83152556,Female,12th grade
5.0,84.59670673,Female,11th grade
0.0,32.33683618,Female,11th grade
5.0,62.50822186,Female,11th grade
0.0,96.08247322,Female,11th grade
2.0,95.96968872,Female,11th grade
4.0,79.21086246,Female,11th grade
1.0,95.96968872,Female,11th grade
2.0,84.80186567,Female,10th grade
2.0,98.43021471,Female,11th grade
1.0,21.39839945,Male,11th grade
4.0,95.35936613,Male,11th grade
4.0,32.2978179,Male,11th grade
0.0,97.54438547,Male,11th grade
4.0,50.642691,Female,11th grade
1.0,96.18066632,Female,11th grade
1.0,72.98083347,Female,11th grade
7.0,46.48345897,Female,11th grade
0.0,11.03574531,Male,12th grade
5.0,38.18531901,Male,12th grade
4.0,17.21244391,Male,10th grade
7.0,74.72220037,Male,10th grade
0.0,51.99882236,Male,10th grade
6.0,87.37254389,Male,10th grade
1.0,2.378502745,Male,10th grade
6.0,19.64801236,Male,10th grade
5.0,17.57936474,Male,10th grade
0.0,99.91518931,Male,10th grade
7.0,67.66135662,Male,10th grade
7.0,73.71563971,Male,10th grade
1.0,88.31205805,Female,10th grade
0.0,98.05486199,Female,12th grade
0.0,96.65742271,Female,10th grade
0.0,76.12920997,Female,10th grade
1.0,65.45070989,Female,10th grade
1.0,88.24511111,Female,10th grade
0.0,35.75781836,Female,10th grade
0.0,19.12902502,Female,9th grade
7.0,94.23905608,Male,10th grade
0.0,64.9623322,Male,10th grade
7.0,88.98949561,Male,10th grade
1.0,63.68390278,Male,10th grade
3.0,93.26943276,Male,10th grade
6.0,84.74197212,Male,10th grade
7.0,31.08786145,Male,10th grade
1.0,43.94501206,Male,10th grade
2.0,79.64453157,Male,10th grade
3.0,38.28337982,Male,10th grade
7.0,99.182132,Male,10th grade
3.0,1.626257173,Male,10th grade
2.0,98.98443611,Male,9th grade
2.0,67.38519263,Male,Other
5.0,37.04327224,Male,11th grade
0.0,33.25924879,Female,10th grade
0.0,91.74867665,Female,10th grade
5.0,73.31068476,Female,10th grade
4.0,17.77635038,Male,10th grade
0.0,92.52392873,Female,12th grade
0.0,85.0778139,Female,12th grade
0.0,98.0032503,Female,12th grade
3.0,71.26431623,Female,12th grade
1.0,95.40179537,Female,12th grade
0.0,97.49863215,Female,12th grade
7.0,89.23519997,Female,12th grade
0.0,47.49270385,Female,12th grade
3.0,90.8260758,Female,12th grade
0.0,96.80888656,Female,10th grade
1.0,27.19555899,Male,12th grade
0.0,99.52566611,Male,12th grade
2.0,54.44058283,Male,12th grade
2.0,83.60669867,Male,12th grade
4.0,97.66610716,Male,12th grade
0.0,64.17564147,Male,12th grade
7.0,50.14851643,Male,12th grade
0.0,98.27773264,Male,12th grade
0.0,43.19281437,Female,12th grade
0.0,92.68923451,Female,12th grade
3.0,55.4146658,Female,12th grade
3.0,62.79998575,Female,12th grade
2.0,68.28334828,Female,12th grade
5.0,62.0399648,Female,12th grade
3.0,47.66003889,Female,12th grade
0.0,67.24002801,Female,12th grade
3.0,53.20245682,Female,12th grade
0.0,80.50659742,Male,12th grade
2.0,92.63753821,Male,9th grade
3.0,87.43612772,Male,9th grade
7.0,88.17235737,Male,9th grade
1.0,69.13113635,Male,9th grade
4.0,4.86964072,Male,9th grade
0.0,76.4894434,Male,9th grade
1.0,98.25254459,Male,9th grade
5.0,89.02230612,Female,9th grade
4.0,99.27918252,Female,9th grade
0.0,83.22082473,Female,9th grade
0.0,84.47433409,Female,9th grade
0.0,89.78692125,Female,9th grade
4.0,78.17406712,Female,9th grade
0.0,94.55434257,Female,9th grade
0.0,47.57670396,Female,9th grade
0.0,98.51412518,Female,9th grade
7.0,98.25254459,Male,9th grade
0.0,68.0682032,Female,12th grade
1.0,94.36735697,Female,12th grade
0.0,51.75407526,Male,10th grade
6.0,95.60739374,Male,12th grade
6.0,51.62074,Female,9th grade
5.0,96.93316821,Male,9th grade
5.0,84.15375532,Female,9th grade
0.0,86.05632028,Female,9th grade
3.0,95.80358104,Female,9th grade
0.0,93.27221205,Female,9th grade
7.0,93.62978955,Male,9th grade
5.0,50.61750479,Male,9th grade
7.0,84.69244832,Male,9th grade
5.0,87.50167897,Male,9th grade
1.0,94.6470681,Male,9th grade
7.0,89.84845723,Male,9th grade
4.0,79.456875,Female,11th grade
0.0,94.57399674,Female,11th grade
6.0,75.01704032,Female,11th grade
7.0,56.4762692,Female,11th grade
3.0,94.42406928,Female,11th grade
1.0,20.16159882,Female,11th grade
0.0,89.13675181,Male,11th grade
4.0,24.7571985,Male,11th grade
0.0,35.74176518,Male,11th grade
4.0,84.52270324,Male,11th grade
4.0,34.47387616,Male,11th grade
7.0,15.91302316,Male,11th grade
0.0,99.38993618,Male,11th grade
1.0,72.25204943,Female,9th grade
6.0,69.54558992,Female,9th grade
0.0,65.31513573,Female,9th grade
0.0,74.18674572,Female,9th grade
0.0,64.39459478,Female,9th grade
2.0,14.02708141,Male,10th grade
0.0,82.92959778,Male,9th grade
0.0,64.39743808,Male,9th grade
1.0,13.03647958,Male,9th grade
6.0,92.0955763,Male,9th grade
3.0,96.44481699,Male,9th grade
3.0,79.93333423,Male,9th grade
1.0,98.58979204,Male,9th grade
4.0,96.10352146,Male,9th grade
1.0,23.90166614,Female,10th grade
0.0,50.87045271,Female,10th grade
0.0,53.91201918,Female,10th grade
1.0,51.28932037,Female,10th grade
2.0,75.39423481,Female,10th grade
0.0,70.84066228,Female,10th grade
0.0,40.79455963,Female,10th grade
1.0,84.4582919,Male,10th grade
3.0,28.26930783,Male,10th grade
7.0,84.80851839,Male,10th grade
0.0,63.68390278,Male,10th grade
7.0,78.31747374,Male,10th grade
4.0,40.28123287,Male,10th grade
4.0,75.11573491,Male,10th grade
2.0,48.32468565,Male,10th grade
3.0,82.18267485,Male,10th grade
0.0,22.22112875,Male,11th grade
0.0,49.0050896,Male,11th grade
7.0,10.130113,Male,11th grade
5.0,87.0393965,Male,11th grade
0.0,98.65022745,Male,12th grade
6.0,96.70099421,Male,11th grade
5.0,61.19822944,Male,12th grade
1.0,91.63970234,Male,11th grade
4.0,88.86997588,Male,11th grade
4.0,65.91934353,Male,12th grade
2.0,6.49459877,Male,12th grade
5.0,97.30912817,Male,11th grade
1.0,93.41406557,Male,11th grade
0.0,67.16680562,Female,11th grade
0.0,15.24215073,Female,12th grade
0.0,13.36702833,Female,12th grade
5.0,74.23946269,Female,11th grade
0.0,67.57774648,Female,11th grade
0.0,42.06321618,Female,11th grade
0.0,46.19583969,Female,12th grade
1.0,90.96310485,Female,12th grade
2.0,88.53323553,Female,11th grade
2.0,70.12913428,Female,11th grade
2.0,92.46529889,Female,11th grade
3.0,88.51068606,Female,12th grade
0.0,27.33160605,Female,12th grade
3.0,77.26309932,Female,11th grade
0.0,55.4146658,Female,11th grade
0.0,97.99507824,Female,12th grade
3.0,93.65518174,Male,11th grade
7.0,54.63077194,Male,11th grade
7.0,58.54997123,Male,11th grade
4.0,44.95735327,Male,12th grade
2.0,52.12369341,Male,12th grade
2.0,57.81886777,Male,12th grade
0.0,61.12521977,Male,12th grade
7.0,37.68568114,Male,12th grade
2.0,22.22112875,Male,12th grade
1.0,25.1051263,Male,12th grade
7.0,92.43894051,Male,11th grade
1.0,81.09092045,Female,12th grade
0.0,65.59859256,Female,12th grade
0.0,19.47297454,Female,12th grade
4.0,48.88769982,Female,12th grade
3.0,61.69382467,Female,12th grade
4.0,86.11772984,Female,12th grade
4.0,30.94360622,Female,12th grade
0.0,86.11772984,Female,12th grade
2.0,1.776727028,Female,12th grade
1.0,86.11772984,Female,12th grade
1.0,67.65550199,Female,12th grade
5.0,98.22097689,Male,11th grade
4.0,96.08088172,Male,9th grade
7.0,77.50875462,Male,9th grade
4.0,47.81069547,Female,9th grade
0.0,80.06454613,Female,9th grade
4.0,90.08789852,Female,9th grade
2.0,38.84735987,Female,9th grade
0.0,52.67438769,Female,9th grade
0.0,45.87527465,Female,9th grade
1.0,85.9657027,Female,9th grade
2.0,81.07986622,Female,9th grade
0.0,21.86324451,Female,9th grade
2.0,59.66409628,Female,9th grade
4.0,84.19463662,Female,9th grade
3.0,83.06926617,Female,9th grade
0.0,68.13632888,Female,9th grade
2.0,45.33714908,Female,9th grade
3.0,49.77242944,Male,9th grade
4.0,98.74065811,Male,10th grade
3.0,47.28464354,Male,9th grade
3.0,19.7637692,Male,9th grade
5.0,60.79994057,Male,9th grade
6.0,46.5812907,Male,9th grade
2.0,72.71452301,Male,11th grade
7.0,21.39839945,Male,11th grade
0.0,86.60972573,Male,11th grade
3.0,98.59515446,Male,11th grade
5.0,68.33176627,Male,11th grade
0.0,83.38004367,Male,11th grade
0.0,16.00966847,Male,11th grade
4.0,84.62919716,Male,11th grade
3.0,50.27447135,Male,11th grade
7.0,6.480710021,Male,11th grade
0.0,83.80883117,Male,11th grade
0.0,8.219477758,Female,11th grade
2.0,69.91124718,Female,11th grade
0.0,58.53747904,Female,11th grade
3.0,35.69459997,Female,11th grade
6.0,89.73707189,Female,11th grade
5.0,30.79057223,Female,11th grade
0.0,7.097946712,Female,11th grade
0.0,48.70332794,Female,11th grade
4.0,34.78983709,Female,11th grade
0.0,98.93974214,Female,11th grade
4.0,70.67451976,Female,12th grade
5.0,80.08049978,Female,11th grade
0.0,47.24873407,Female,11th grade
3.0,64.41533346,Female,11th grade
2.0,52.03783328,Female,11th grade
7.0,73.77661547,Male,10th grade
7.0,92.46823785,Male,11th grade
4.0,79.92192149,Male,10th grade
5.0,97.42510515,Male,10th grade
7.0,87.46561902,Male,10th grade
1.0,87.12890032,Male,10th grade
5.0,30.14155853,Male,10th grade
2.0,65.2420533,Male,10th grade
0.0,46.34039738,Male,10th grade
4.0,25.66497134,Male,10th grade
0.0,72.97332517,Male,10th grade
7.0,54.04791735,Male,10th grade
2.0,52.00817272,Female,10th grade
2.0,53.218169,Female,10th grade
0.0,31.72624599,Female,10th grade
3.0,38.7293577,Female,10th grade
2.0,63.79127104,Female,10th grade
3.0,81.39556377,Female,10th grade
7.0,99.88121871,Male,11th grade
7.0,94.79049664,Male,12th grade
2.0,94.25583977,Male,10th grade
5.0,99.65520391,Male,10th grade
0.0,60.9709885,Male,11th grade
4.0,87.50130417,Female,9th grade
0.0,37.32827562,Female,11th grade
7.0,93.70593285,Female,11th grade
4.0,74.77496983,Female,12th grade
0.0,97.32805378,Female,10th grade
5.0,96.24281682,Male,11th grade
7.0,93.36476428,Male,11th grade
2.0,98.48597526,Male,11th grade
1.0,68.28334828,Female,10th grade
0.0,82.19258456,Female,11th grade
4.0,80.83682069,Female,11th grade
0.0,19.71790565,Female,12th grade
7.0,65.45070989,Female,11th grade
0.0,85.96959804,Female,11th grade
0.0,98.04566662,Female,11th grade
0.0,86.8586048,Female,11th grade
0.0,86.28807602,Female,12th grade
0.0,72.98083347,Female,12th grade
0.0,93.04692328,Female,12th grade
3.0,50.9578953,Female,12th grade
0.0,85.86746915,Male,12th grade
2.0,97.1952162,Male,12th grade
7.0,93.61612834,Male,11th grade
2.0,93.65518174,Male,11th grade
4.0,94.30345823,Male,11th grade
3.0,65.34613527,Male,12th grade
5.0,67.33594521,Male,12th grade
4.0,97.16639571,Male,11th grade
2.0,50.10948386,Male,10th grade
3.0,99.21827645,Male,11th grade
0.0,61.46573111,Male,12th grade
5.0,91.40520017,Male,10th grade
3.0,86.94086538,Male,10th grade
7.0,95.09190628,Male,10th grade
0.0,99.66104232,Male,12th grade
0.0,71.24184164,Female,9th grade
0.0,69.25493117,Female,10th grade
1.0,92.1025695,Female,9th grade
3.0,64.190758,Female,12th grade
7.0,51.32765319,Female,12th grade
0.0,14.23172896,Female,12th grade
0.0,75.42161697,Female,10th grade
2.0,8.799607158,Female,11th grade
7.0,74.51815142,Female,9th grade
3.0,53.68218412,Female,12th grade
5.0,52.78856902,Male,10th grade
0.0,14.88322354,Male,12th grade
0.0,78.57310447,Female,12th grade
7.0,90.90841454,Male,12th grade
1.0,69.82409651,Male,10th grade
7.0,94.28594866,Male,12th grade
4.0,98.8000269,Male,12th grade
5.0,98.87584112,Male,12th grade
5.0,50.16453462,Male,12th grade
7.0,70.2948453,Male,12th grade
7.0,51.72230403,Male,12th grade
3.0,79.64453157,Male,10th grade
1.0,62.18674919,Female,10th grade
0.0,44.48848749,Male,12th grade
0.0,0.503654212,Male,12th grade
0.0,11.36765591,Male,12th grade
0.0,82.5405866,Male,10th grade
0.0,91.6123508,Female,10th grade
0.0,95.74178272,Female,12th grade
1.0,67.16680562,Female,10th grade
4.0,72.40481299,Female,10th grade
0.0,46.63367372,Female,12th grade
2.0,41.27467153,Female,11th grade
0.0,86.16237236,Female,11th grade
3.0,99.24681841,Female,11th grade
4.0,87.8322351,Female,11th grade
0.0,60.37094182,Female,11th grade
6.0,21.37911604,Female,11th grade
1.0,84.67610222,Female,11th grade
5.0,52.00817272,Female,11th grade
3.0,92.02129979,Female,11th grade
1.0,29.25577274,Female,11th grade
5.0,99.33349361,Female,11th grade
7.0,67.16680562,Female,11th grade
7.0,38.4571486,Female,11th grade
5.0,75.5197622,Female,11th grade
7.0,30.82078303,Female,11th grade
7.0,17.34490983,Male,11th grade
3.0,54.76825471,Male,11th grade
5.0,80.81501736,Male,11th grade
5.0,26.04781219,Male,11th grade
0.0,99.1147637,Male,11th grade
5.0,45.29045811,Female,11th grade
6.0,81.94224698,Female,11th grade
0.0,82.96083327,Female,10th grade
6.0,99.38020434,Female,10th grade
7.0,90.98325619,Female,10th grade
0.0,96.71446852,Female,10th grade
2.0,47.98534092,Female,10th grade
0.0,25.24757086,Female,10th grade
1.0,90.12912265,Female,10th grade
6.0,98.74355015,Male,10th grade
5.0,74.10960037,Male,10th grade
0.0,82.64822601,Male,10th grade
2.0,75.23984427,Male,10th grade
5.0,51.75407526,Male,10th grade
0.0,81.16568453,Female,10th grade
1.0,92.1025695,Female,10th grade
0.0,50.280802,Female,10th grade
0.0,91.80411399,Male,10th grade
3.0,41.16151426,Male,10th grade
4.0,53.76212479,Male,10th grade
1.0,33.68131573,Male,10th grade
3.0,92.26251615,Male,10th grade
0.0,58.07262747,Male,10th grade
7.0,23.68951218,Male,10th grade
2.0,73.87758954,Male,10th grade
7.0,49.51043175,Male,10th grade
7.0,63.43400792,Male,10th grade
1.0,79.37279924,Male,10th grade
2.0,79.56062473,Male,12th grade
7.0,44.91365764,Male,12th grade
5.0,96.2739447,Male,12th grade
5.0,40.05564445,Male,12th grade
3.0,98.87584112,Male,12th grade
7.0,77.00916842,Male,11th grade
1.0,5.59090431,Male,12th grade
5.0,7.644537477,Male,12th grade
0.0,92.10805787,Male,12th grade
0.0,45.84835334,Female,12th grade
1.0,61.69382467,Female,12th grade
0.0,53.04799701,Female,12th grade
3.0,75.01704032,Female,12th grade
4.0,63.62393402,Female,12th grade
2.0,84.95448835,Female,12th grade
5.0,49.00922443,Female,12th grade
3.0,93.8974971,Female,12th grade
3.0,83.85654626,Female,12th grade
1.0,62.8727162,Female,12th grade
7.0,45.37329807,Female,12th grade
3.0,94.85754834,Female,12th grade
0.0,50.9578953,Female,12th grade
0.0,53.35115646,Male,9th grade
3.0,99.04684809,Male,9th grade
0.0,75.82198411,Male,9th grade
6.0,68.46914024,Male,9th grade
6.0,46.5812907,Male,9th grade
1.0,91.61110991,Male,9th grade
7.0,90.37184496,Male,9th grade
2.0,99.09223361,Male,9th grade
0.0,66.74525704,Male,9th grade
0.0,98.60776394,Male,9th grade
7.0,76.16067723,Male,9th grade
7.0,91.76883047,Female,9th grade
0.0,97.79360758,Female,9th grade
1.0,93.19114022,Female,9th grade
0.0,75.68396476,Female,9th grade
0.0,2.624562084,Female,9th grade
4.0,76.17136869,Female,9th grade
0.0,62.14172597,Female,9th grade
2.0,85.86746891,Female,9th grade
4.0,92.23015922,Male,9th grade
7.0,63.50973543,Male,9th grade
3.0,87.96821881,Female,9th grade
3.0,48.82355055,Female,9th grade
0.0,15.52806328,Female,9th grade
3.0,53.96737126,Female,9th grade
3.0,64.5531683,Male,10th grade
5.0,74.74124853,Male,10th grade
3.0,96.72530291,Male,10th grade
4.0,92.1853654,Male,11th grade
7.0,26.99633511,Male,10th grade
3.0,83.95952719,Female,10th grade
0.0,12.67495059,Female,10th grade
0.0,19.66638439,Female,10th grade
6.0,64.30723303,Female,10th grade
2.0,54.98990354,Female,10th grade
0.0,75.31505964,Female,10th grade
3.0,8.219477758,Female,10th grade
1.0,21.293857,Female,10th grade
1.0,96.53523261,Male,11th grade
7.0,79.30626093,Male,11th grade
6.0,15.53240804,Female,12th grade
0.0,77.20364961,Female,12th grade
1.0,88.10799552,Female,11th grade
0.0,15.53240804,Female,12th grade
0.0,91.79155426,Female,12th grade
5.0,42.28388655,Female,12th grade
1.0,67.52847944,Female,12th grade
0.0,36.04892235,Female,12th grade
1.0,97.44518509,Female,12th grade
3.0,48.88422202,Female,12th grade
0.0,69.91124718,Female,11th grade
2.0,93.68544446,Female,12th grade
3.0,53.65661966,Female,12th grade
4.0,36.46577286,Female,12th grade
0.0,84.54239215,Female,12th grade
3.0,10.1266046,Female,12th grade
3.0,90.92725345,Male,10th grade
0.0,64.22682777,Male,10th grade
3.0,64.26150224,Male,10th grade
0.0,78.49593958,Male,10th grade
0.0,87.50167897,Male,10th grade
5.0,86.88318958,Male,10th grade
7.0,96.54854112,Male,10th grade
5.0,57.565051,Male,10th grade
0.0,99.04029331,Male,10th grade
0.0,91.97158547,Male,10th grade
7.0,94.92533568,Male,10th grade
7.0,68.73980755,Male,10th grade
7.0,74.10960037,Male,10th grade
7.0,87.12890032,Male,10th grade
3.0,85.22289714,Male,10th grade
0.0,63.48927185,Male,10th grade
1.0,99.45972584,Male,10th grade
7.0,9.162769583,Male,10th grade
0.0,49.47628515,Male,10th grade
7.0,99.53580664,Male,10th grade
7.0,92.62027788,Male,10th grade
2.0,84.4582919,Male,10th grade
7.0,95.23595706,Male,10th grade
2.0,98.13949904,Male,12th grade
0.0,95.09190628,Male,12th grade
0.0,21.04922161,Male,12th grade
0.0,28.59861823,Male,12th grade
1.0,81.05888628,Male,12th grade
5.0,13.08187583,Male,12th grade
3.0,90.07760085,Male,12th grade
5.0,79.30626093,Male,12th grade
0.0,67.33594521,Male,12th grade
0.0,72.03344585,Male,12th grade
0.0,94.50947803,Male,12th grade
3.0,98.97194437,Male,12th grade
4.0,75.39750092,Male,12th grade
4.0,96.84121125,Male,12th grade
4.0,44.4441058,Male,9th grade
1.0,92.52885667,Male,9th grade
0.0,92.23355665,Male,9th grade
3.0,58.96570164,Male,9th grade
0.0,69.13113635,Male,9th grade
0.0,11.09176584,Male,9th grade
7.0,84.6352454,Male,9th grade
4.0,98.85957002,Male,9th grade
2.0,70.24465288,Male,9th grade
0.0,71.78970487,Male,9th grade
5.0,98.65089869,Male,9th grade
2.0,62.81069922,Male,9th grade
2.0,26.9005613,Male,9th grade
7.0,86.48349966,Male,9th grade
0.0,85.72136293,Male,9th grade
0.0,2.286363367,Male,9th grade
3.0,56.57127809,Male,9th grade
1.0,78.65686342,Male,9th grade
5.0,83.68644276,Male,9th grade
2.0,57.43695893,Male,9th grade
7.0,63.50973543,Male,9th grade
1.0,21.45872612,Male,9th grade
0.0,83.38854727,Male,9th grade
0.0,85.79574336,Male,9th grade
0.0,94.14135345,Male,9th grade
5.0,23.55082228,Male,9th grade
1.0,95.18513861,Male,9th grade
7.0,50.15080785,Male,11th grade
0.0,92.96470615,Male,11th grade
6.0,80.05711002,Male,11th grade
4.0,55.37197011,Male,11th grade
2.0,88.56249049,Male,11th grade
6.0,77.00916842,Male,11th grade
1.0,24.05827741,Male,11th grade
7.0,90.08907671,Male,11th grade
1.0,80.90775091,Male,11th grade
7.0,38.18531901,Male,11th grade
1.0,67.69790814,Male,11th grade
0.0,0.758042583,Male,11th grade
1.0,94.60980443,Male,11th grade
3.0,35.90122522,Male,11th grade
0.0,99.7566015,Male,11th grade
3.0,42.12549278,Male,11th grade
2.0,94.94234738,Male,11th grade
4.0,96.84121125,Male,11th grade
0.0,85.51397282,Male,11th grade
2.0,98.06886403,Male,11th grade
0.0,96.77896014,Male,11th grade
0.0,99.01946127,Male,11th grade
0.0,11.10635724,Female,10th grade
2.0,91.66386894,Female,10th grade
0.0,99.61536566,Male,9th grade
2.0,73.93420889,Male,10th grade
7.0,14.40031342,Male,10th grade
3.0,99.57304359,Male,9th grade
2.0,89.46125467,Female,9th grade
3.0,94.7341053,Female,9th grade
1.0,91.37213064,Female,9th grade
0.0,93.27221205,Female,10th grade
2.0,63.79127104,Female,10th grade
3.0,47.13837771,Male,12th grade
2.0,1.173224413,Male,12th grade
0.0,44.91365764,Male,12th grade
7.0,73.05961868,Male,11th grade
0.0,60.08886446,Female,12th grade
0.0,94.44615112,Female,12th grade
0.0,23.81912584,Female,12th grade
0.0,70.40604141,Female,12th grade
2.0,42.28388655,Female,12th grade
1.0,80.03451599,Female,11th grade
3.0,97.21948265,Female,12th grade
7.0,94.79049664,Male,11th grade
0.0,87.19251087,Female,11th grade
7.0,33.17546115,Male,11th grade
6.0,81.30574941,Male,10th grade
4.0,91.02440254,Male,10th grade
0.0,52.08583923,Male,12th grade
0.0,69.90936567,Female,10th grade
0.0,60.42147903,Female,10th grade
0.0,70.84066228,Female,10th grade
5.0,69.88557207,Female,10th grade
1.0,26.68936925,Male,10th grade
5.0,79.68545682,Male,11th grade
1.0,30.05780971,Male,10th grade
6.0,17.21244391,Male,11th grade
6.0,74.45590053,Male,11th grade
7.0,72.60095123,Male,11th grade
5.0,86.52052376,Female,11th grade
4.0,82.1659813,Female,12th grade
5.0,47.66003889,Female,11th grade
4.0,76.74564688,Female,11th grade
1.0,70.57774417,Female,10th grade
6.0,17.74504799,Female,10th grade
3.0,25.70763057,Female,12th grade
4.0,50.9578953,Female,12th grade
0.0,19.71790565,Female,12th grade
0.0,37.60087813,Female,12th grade
5.0,64.96446681,Female,12th grade
5.0,96.83911268,Male,12th grade
0.0,80.60917805,Male,12th grade
4.0,63.94021415,Male,12th grade
0.0,93.80698139,Male,12th grade
7.0,79.68545682,Male,12th grade
5.0,97.91385948,Male,12th grade
3.0,75.55951588,Male,12th grade
7.0,86.63046297,Male,12th grade
0.0,63.94021415,Male,12th grade
7.0,96.39064078,Male,12th grade
5.0,84.69869562,Male,12th grade
2.0,87.89933447,Male,12th grade
7.0,0.812224894,Male,10th grade
1.0,97.11438355,Male,10th grade
1.0,77.43637316,Female,10th grade
2.0,98.95719794,Male,11th grade
4.0,56.78263318,Male,10th grade
2.0,24.19083228,Male,10th grade
0.0,28.81386159,Male,9th grade
7.0,96.07217889,Female,11th grade
0.0,79.94321014,Female,10th grade
0.0,19.12902502,Female,10th grade
0.0,20.67025402,Female,10th grade
4.0,91.6123508,Female,10th grade
2.0,53.14640872,Female,10th grade
2.0,30.33526448,Female,11th grade
2.0,92.75239448,Female,10th grade
0.0,45.84835334,Female,12th grade
6.0,65.01123559,Female,11th grade
0.0,38.39708658,Female,9th grade
5.0,84.46222906,Female,9th grade
7.0,36.09086758,Male,9th grade
2.0,31.54545269,Male,9th grade
4.0,86.98977284,Male,9th grade
4.0,80.23979021,Male,9th grade
7.0,97.76629197,Male,9th grade
5.0,72.97464678,Male,9th grade
5.0,68.97887206,Male,9th grade
4.0,73.71563971,Male,9th grade
7.0,29.50082962,Male,9th grade
0.0,96.18504314,Male,9th grade
7.0,54.04791735,Male,9th grade
7.0,39.46630825,Male,9th grade
1.0,90.13633248,Female,9th grade
0.0,24.92124987,Female,9th grade
0.0,91.60778436,Female,9th grade
2.0,84.91883956,Female,9th grade
2.0,61.53228426,Female,9th grade
3.0,79.58428705,Female,9th grade
2.0,60.77700861,Female,9th grade
1.0,69.88257682,Female,9th grade
2.0,39.89788004,Female,9th grade
0.0,99.25517977,Female,9th grade
3.0,13.94401237,Female,9th grade
7.0,47.27609887,Female,9th grade
7.0,78.10688836,Female,9th grade
7.0,9.503229731,Male,9th grade
0.0,98.6614814,Male,9th grade
1.0,97.37986267,Male,9th grade
3.0,90.10083402,Male,9th grade
4.0,61.14957554,Male,9th grade
5.0,76.32444601,Male,9th grade
4.0,95.37339994,Male,9th grade
0.0,99.25064592,Male,9th grade
0.0,11.43915442,Male,10th grade
7.0,55.68597478,Male,9th grade
2.0,11.7578857,Male,9th grade
4.0,19.43625279,Male,9th grade
5.0,11.38281739,Female,9th grade
2.0,78.03174669,Female,9th grade
2.0,71.40661886,Female,10th grade
1.0,77.58573154,Female,9th grade
4.0,73.9888078,Female,9th grade
2.0,87.50130417,Female,9th grade
5.0,51.9110774,Female,9th grade
7.0,44.29519256,Female,11th grade
4.0,42.1484795,Female,11th grade
5.0,88.31205805,Female,11th grade
2.0,36.41834536,Female,11th grade
0.0,40.85216047,Female,11th grade
5.0,60.14676618,Female,11th grade
4.0,11.0790396,Female,11th grade
0.0,36.41834536,Female,11th grade
2.0,7.097946712,Female,11th grade
0.0,20.67025402,Female,11th grade
1.0,6.915720496,Female,11th grade
2.0,62.32337542,Female,11th grade
1.0,69.91124718,Female,11th grade
0.0,57.31734359,Female,11th grade
1.0,64.27971847,Female,11th grade
1.0,46.60251916,Female,11th grade
7.0,41.76200357,Male,11th grade
6.0,97.69343338,Male,11th grade
7.0,45.29941242,Male,11th grade
7.0,47.93457895,Male,11th grade
0.0,74.42424318,Male,11th grade
0.0,15.52368583,Male,11th grade
7.0,68.83070878,Male,11th grade
1.0,28.6085372,Male,11th grade
3.0,95.33664298,Male,11th grade
5.0,43.63863375,Male,11th grade
0.0,46.07997675,Female,11th grade
5.0,31.4150184,Female,9th grade
7.0,45.61137179,Female,9th grade
7.0,39.83290293,Male,9th grade
6.0,41.79514038,Male,9th grade
0.0,54.13665207,Male,9th grade
7.0,63.50973543,Male,9th grade
0.0,58.74510972,Male,9th grade
7.0,49.68153626,Male,9th grade
6.0,58.07262747,Male,9th grade
0.0,81.02041569,Female,12th grade
3.0,68.8443301,Female,12th grade
3.0,13.35510653,Female,12th grade
6.0,60.9983769,Female,12th grade
0.0,29.36620695,Male,12th grade
4.0,13.74578822,Male,12th grade
7.0,79.68545682,Male,12th grade
0.0,79.09665201,Male,12th grade
0.0,15.69971161,Female,10th grade
0.0,84.61437224,Female,10th grade
7.0,62.18674919,Female,10th grade
1.0,57.73493509,Female,10th grade
7.0,56.12875598,Female,10th grade
0.0,52.85458427,Female,10th grade
6.0,47.37111285,Female,10th grade
7.0,52.55947074,Female,10th grade
1.0,53.96737126,Female,10th grade
2.0,47.95897712,Male,10th grade
1.0,15.11514409,Male,10th grade
7.0,89.74246474,Male,10th grade
0.0,35.74194696,Male,10th grade
1.0,66.95017509,Male,10th grade
6.0,61.00492226,Male,10th grade
0.0,94.70832232,Male,10th grade
7.0,89.08334673,Male,10th grade
4.0,98.84451228,Male,9th grade
0.0,6.576146582,Male,9th grade
7.0,4.86964072,Male,9th grade
5.0,88.14110212,Male,9th grade
3.0,57.71859003,Male,9th grade
1.0,97.16409179,Male,9th grade
1.0,84.46222906,Female,9th grade
3.0,8.599270796,Female,9th grade
5.0,59.47446449,Female,9th grade
6.0,62.34302909,Female,9th grade
6.0,47.79173732,Female,9th grade
7.0,75.23467758,Female,9th grade
1.0,31.05604841,Female,9th grade
1.0,74.18674572,Female,9th grade
0.0,89.52466745,Female,9th grade
7.0,42.53225571,Female,9th grade
6.0,29.94956941,Female,11th grade
3.0,92.013409,Female,11th grade
0.0,53.20245682,Female,11th grade
5.0,62.8727162,Female,11th grade
7.0,90.63414561,Female,11th grade
6.0,60.51961267,Female,11th grade
4.0,88.31908043,Male,11th grade
1.0,81.3947164,Male,11th grade
3.0,93.57527412,Male,11th grade
3.0,95.85220361,Male,11th grade
7.0,92.46823785,Male,11th grade
7.0,34.24426315,Male,11th grade
4.0,79.67120611,Male,11th grade
3.0,71.6376304,Male,11th grade
2.0,98.2423373,Male,11th grade
3.0,99.40020157,Male,11th grade
3.0,36.41834536,Female,11th grade
0.0,68.28334828,Female,11th grade
7.0,84.28101485,Female,11th grade
0.0,90.97580647,Male,12th grade
3.0,73.30661232,Male,12th grade
4.0,26.55798646,Male,12th grade
0.0,75.81046973,Male,12th grade
5.0,76.25826995,Male,12th grade
1.0,92.6891161,Male,12th grade
2.0,48.05850021,Female,12th grade
0.0,57.22512416,Female,12th grade
0.0,67.35690955,Female,12th grade
0.0,48.05850021,Female,12th grade
4.0,40.85216047,Female,12th grade
0.0,81.0700108,Female,12th grade
4.0,74.58652474,Female,12th grade
0.0,70.01219992,Female,12th grade
4.0,30.44106586,Female,12th grade
2.0,74.58652474,Female,12th grade
0.0,34.21869952,Female,12th grade
1.0,35.68385606,Female,10th grade
6.0,23.65339914,Female,10th grade
5.0,61.32131796,Female,10th grade
7.0,35.3183664,Female,10th grade
4.0,76.31024948,Female,10th grade
2.0,82.80471048,Female,10th grade
7.0,35.75781836,Female,10th grade
7.0,77.44191153,Female,10th grade
3.0,44.02474329,Male,10th grade
7.0,86.3588235,Male,10th grade
7.0,25.39744465,Male,10th grade
4.0,0.709288868,Male,10th grade
6.0,81.5523064,Male,10th grade
7.0,93.99215342,Male,10th grade
5.0,76.4894434,Male,10th grade
0.0,73.99784099,Female,10th grade
0.0,82.18267485,Male,10th grade
1.0,37.55228267,Male,11th grade
5.0,62.69018255,Male,12th grade
0.0,42.88471454,Male,12th grade
3.0,83.74313112,Male,12th grade
3.0,53.51070343,Male,12th grade
7.0,68.11553869,Female,12th grade
2.0,60.84137278,Female,12th grade
1.0,96.26257816,Female,11th grade
0.0,95.0857953,Female,12th grade
2.0,63.26262945,Male,9th grade
0.0,23.68951218,Male,9th grade
7.0,87.63003201,Male,9th grade
0.0,89.20872827,Female,9th grade
2.0,98.83990808,Female,9th grade
0.0,70.31917473,Female,9th grade
3.0,90.13633248,Female,9th grade
7.0,57.73493509,Female,9th grade
0.0,58.66445652,Female,9th grade
7.0,68.14875974,Female,12th grade
0.0,81.94224698,Female,12th grade
2.0,80.25071672,Female,12th grade
0.0,90.00253158,Female,12th grade
6.0,99.29020609,Male,10th grade
4.0,96.10197605,Male,10th grade
0.0,32.2978179,Male,10th grade
5.0,62.41050615,Male,10th grade
3.0,79.57774669,Male,10th grade
0.0,99.68804802,Female,10th grade
2.0,40.79455963,Female,10th grade
5.0,87.64975943,Female,10th grade
3.0,96.85746532,Female,10th grade
3.0,63.84716861,Female,10th grade
1.0,90.43366411,Female,11th grade
7.0,30.29781056,Female,9th grade
7.0,93.8171533,Male,9th grade
7.0,76.61594979,Male,9th grade
5.0,62.64948057,Male,11th grade
1.0,30.69589607,Female,12th grade
7.0,80.5301532,Female,11th grade
6.0,36.04892235,Female,11th grade
7.0,54.0748055,Female,11th grade
0.0,95.75133647,Female,11th grade
2.0,74.23898476,Female,11th grade
5.0,59.97282837,Male,12th grade
7.0,95.9775916,Male,12th grade
2.0,75.55951588,Male,12th grade
7.0,87.83227011,Male,12th grade
4.0,96.62240773,Female,12th grade
2.0,82.37104942,Female,12th grade
0.0,57.95910476,Female,12th grade
2.0,81.63658484,Female,12th grade
3.0,45.0454972,Female,12th grade
7.0,96.83793794,Female,9th grade
1.0,90.31734336,Female,9th grade
0.0,95.41000401,Female,11th grade
0.0,38.42613501,Female,11th grade
2.0,41.5155192,Female,11th grade
0.0,81.3348187,Female,12th grade
5.0,85.29469889,Female,11th grade
5.0,74.83350963,Male,11th grade
0.0,21.1789836,Female,11th grade
2.0,64.41533346,Female,11th grade
4.0,23.10048656,Male,11th grade
4.0,96.61522754,Male,11th grade
0.0,38.28337982,Male,11th grade
5.0,88.53323553,Female,11th grade
4.0,50.50283383,Male,12th grade
3.0,60.50289134,Male,12th grade
5.0,48.98596485,Male,12th grade
3.0,35.87780684,Male,12th grade
3.0,95.8355588,Male,12th grade
0.0,29.69965869,Male,12th grade
7.0,79.64164185,Male,12th grade
6.0,73.97695278,Male,12th grade
5.0,1.258522652,Male,12th grade
3.0,91.23362001,Female,12th grade
0.0,91.84480724,Female,12th grade
7.0,48.05850021,Female,12th grade
7.0,51.05664155,Female,12th grade
4.0,96.08120111,Female,12th grade
2.0,7.402370058,Female,12th grade
0.0,85.68386349,Female,12th grade
0.0,14.92817015,Female,12th grade
7.0,30.94360622,Female,12th grade
0.0,87.21269603,Male,11th grade
6.0,97.66610716,Male,11th grade
5.0,80.06893476,Female,11th grade
5.0,95.04052672,Female,11th grade
5.0,87.41054874,Female,11th grade
6.0,72.08322728,Female,11th grade
4.0,80.85855022,Female,11th grade
0.0,21.293857,Female,11th grade
1.0,93.7626459,Female,11th grade
7.0,75.83412149,Female,11th grade
0.0,35.1066592,Female,11th grade
1.0,88.94135048,Female,11th grade
2.0,99.04441944,Female,11th grade
0.0,65.01123559,Female,11th grade
7.0,86.12647807,Female,11th grade
7.0,43.25153334,Female,11th grade
7.0,45.72376131,Female,9th grade
7.0,44.42268346,Female,9th grade
5.0,40.55138048,Female,9th grade
7.0,40.55138048,Female,9th grade
4.0,72.66703407,Female,9th grade
1.0,69.13113635,Male,9th grade
7.0,44.4441058,Male,9th grade
7.0,75.69056427,Male,9th grade
7.0,94.86641154,Male,9th grade
3.0,70.84066228,Female,9th grade
2.0,9.141686811,Female,9th grade
0.0,90.31734336,Female,9th grade
2.0,38.13156894,Female,9th grade
3.0,20.75904023,Female,12th grade
5.0,25.37454537,Female,12th grade
1.0,16.31431911,Female,12th grade
4.0,98.47769537,Male,12th grade
2.0,19.95310743,Male,12th grade
7.0,90.3259285,Male,12th grade
6.0,69.69082794,Male,12th grade
5.0,14.10104758,Male,12th grade
0.0,89.23253452,Female,12th grade
2.0,51.65120624,Female,12th grade
0.0,96.19530947,Female,12th grade
0.0,42.28388655,Female,12th grade
0.0,20.78050138,Female,12th grade
0.0,70.67451976,Female,12th grade
2.0,68.0682032,Female,12th grade
5.0,78.81888198,Male,11th grade
2.0,70.79270495,Female,11th grade
0.0,99.46226705,Male,11th grade
3.0,53.6985542,Male,11th grade
7.0,99.15805755,Male,11th grade
1.0,98.02065664,Male,11th grade
0.0,93.95733265,Male,11th grade
1.0,41.91044944,Male,11th grade
0.0,34.10784442,Male,11th grade
3.0,15.61146862,Male,11th grade
7.0,46.87311416,Male,11th grade
5.0,52.22408981,Female,11th grade
0.0,38.42613501,Female,11th grade
3.0,91.74867665,Female,11th grade
5.0,30.30875579,Female,11th grade
5.0,99.59824532,Female,11th grade
3.0,52.22408981,Female,11th grade
0.0,21.02306116,Female,11th grade
1.0,94.42406928,Female,11th grade
0.0,26.03375107,Female,11th grade
7.0,36.41834536,Female,11th grade
3.0,53.32509373,Female,11th grade
2.0,77.86602504,Female,11th grade
7.0,54.36795158,Male,10th grade
7.0,95.05072248,Male,10th grade
7.0,87.16521278,Male,10th grade
5.0,14.02708141,Male,10th grade
3.0,93.99149946,Male,10th grade
0.0,46.2734882,Male,10th grade
4.0,93.70323473,Male,10th grade
2.0,60.50842316,Male,10th grade
6.0,19.12902502,Female,10th grade
7.0,1.354774145,Female,10th grade
6.0,76.63748728,Female,10th grade
4.0,70.95006299,Female,10th grade
3.0,33.25924879,Female,10th grade
0.0,50.87045271,Female,10th grade
0.0,58.07262747,Male,10th grade
4.0,69.15980796,Male,10th grade
7.0,54.76825471,Male,10th grade
0.0,27.78101262,Female,10th grade
0.0,61.69742856,Female,10th grade
6.0,37.57997923,Female,10th grade
0.0,80.58920192,Female,10th grade
6.0,78.38282866,Female,10th grade
4.0,98.79508958,Female,10th grade
0.0,61.78523973,Female,10th grade
7.0,75.56967464,Female,10th grade
7.0,81.42100703,Female,10th grade
7.0,50.87045271,Female,10th grade
4.0,40.07525181,Male,12th grade
5.0,84.8664492,Female,12th grade
3.0,47.66003889,Female,12th grade
0.0,78.66079606,Female,12th grade
0.0,60.55236073,Female,12th grade
0.0,95.17548514,Male,12th grade
0.0,36.17262129,Male,12th grade
1.0,98.41133295,Male,12th grade
7.0,19.38451665,Male,12th grade
7.0,25.53869483,Male,12th grade
2.0,1.472620618,Male,12th grade
1.0,13.74578822,Male,12th grade
7.0,32.12906956,Male,12th grade
0.0,75.69056427,Male,10th grade
3.0,99.149588,Male,10th grade
2.0,69.87171391,Female,10th grade
5.0,99.46070778,Male,10th grade
3.0,86.03629312,Male,10th grade
2.0,62.8321027,Male,10th grade
0.0,64.73349145,Male,10th grade
4.0,98.60730006,Male,10th grade
3.0,77.90432331,Male,10th grade
7.0,75.35975743,Male,10th grade
3.0,89.96770983,Male,10th grade
7.0,51.77995186,Male,11th grade
4.0,95.79080965,Male,10th grade
1.0,67.35761931,Female,10th grade
5.0,65.34979392,Female,11th grade
1.0,90.70482965,Female,10th grade
0.0,35.75781836,Female,10th grade
5.0,65.01123559,Female,10th grade
0.0,90.43366411,Female,10th grade
4.0,77.86602504,Female,10th grade
1.0,95.89488142,Female,10th grade
0.0,46.07997675,Female,10th grade
2.0,80.79348995,Female,10th grade
6.0,16.01481832,Female,10th grade
1.0,84.52270324,Male,11th grade
5.0,57.0210877,Female,11th grade
0.0,41.22700408,Female,11th grade
3.0,57.0210877,Female,11th grade
4.0,86.69804235,Female,11th grade
4.0,69.30817653,Female,11th grade
6.0,73.65408242,Female,11th grade
0.0,80.06893476,Female,11th grade
1.0,30.28405624,Female,11th grade
5.0,70.40604141,Female,11th grade
3.0,27.98383826,Female,11th grade
3.0,65.04131108,Female,11th grade
0.0,25.01115187,Female,11th grade
3.0,57.31734359,Female,11th grade
0.0,98.64373521,Female,11th grade
4.0,45.84835334,Female,11th grade
0.0,90.43366411,Female,11th grade
5.0,24.37249185,Female,11th grade
3.0,84.11852935,Male,11th grade
4.0,33.25918052,Male,11th grade
7.0,79.49010291,Male,11th grade
3.0,83.03210906,Male,11th grade
2.0,45.16626978,Male,11th grade
7.0,87.89933447,Male,11th grade
7.0,86.03629312,Male,11th grade
4.0,13.08187583,Male,11th grade
3.0,10.130113,Male,11th grade
3.0,10.32530604,Female,11th grade
7.0,80.06893476,Female,11th grade
4.0,80.97504778,Male,10th grade
0.0,95.88664025,Male,10th grade
1.0,92.55508897,Male,9th grade
5.0,66.74525704,Male,9th grade
6.0,78.08751174,Male,9th grade
7.0,1.626257173,Male,11th grade
7.0,41.79514038,Male,9th grade
5.0,58.22937756,Male,9th grade
5.0,63.34833593,Female,9th grade
1.0,45.4519563,Female,9th grade
7.0,94.75775586,Female,10th grade
0.0,24.7379841,Female,9th grade
4.0,43.38387385,Female,9th grade
3.0,97.22063771,Female,9th grade
3.0,56.92345524,Female,9th grade
5.0,70.99212351,Female,9th grade
1.0,40.59937158,Female,9th grade
4.0,86.05632028,Female,9th grade
3.0,94.76909541,Female,9th grade
4.0,35.19576612,Female,9th grade
5.0,60.82608175,Female,9th grade
1.0,84.67610222,Female,10th grade
3.0,58.06394871,Female,10th grade
1.0,49.2944574,Female,10th grade
1.0,13.05973687,Female,10th grade
3.0,68.87790029,Female,10th grade
1.0,73.99784099,Female,10th grade
0.0,30.29781056,Female,10th grade
4.0,89.72830782,Male,10th grade
7.0,84.84665926,Male,10th grade
3.0,63.87226631,Male,10th grade
7.0,30.75861295,Male,10th grade
0.0,26.5799244,Male,10th grade
1.0,47.24873407,Female,10th grade
0.0,47.57670396,Female,10th grade
0.0,66.72581086,Female,10th grade
4.0,26.03375107,Female,10th grade
0.0,28.76827997,Female,10th grade
1.0,99.77972916,Male,10th grade
6.0,50.27447135,Male,10th grade
5.0,61.00492226,Male,10th grade
7.0,47.93457895,Male,10th grade
6.0,95.85220361,Male,10th grade
7.0,70.7433751,Male,10th grade
0.0,61.00492226,Male,10th grade
3.0,15.02935595,Female,9th grade
5.0,63.63789679,Female,9th grade
4.0,19.64382031,Female,9th grade
0.0,98.08264965,Female,9th grade
7.0,95.06730727,Female,9th grade
3.0,61.69742856,Female,9th grade
3.0,18.56271072,Female,9th grade
7.0,48.82355055,Female,9th grade
5.0,39.92043288,Female,9th grade
1.0,52.55947074,Female,9th grade
7.0,89.99898834,Male,11th grade
6.0,94.81674506,Male,9th grade
5.0,36.89716191,Male,9th grade
3.0,47.61210954,Male,9th grade
0.0,97.15600889,Male,9th grade
1.0,74.65464156,Male,9th grade
1.0,92.95401506,Male,9th grade
0.0,20.85281344,Male,9th grade
2.0,45.06024111,Male,9th grade
2.0,96.35496723,Male,9th grade
0.0,98.76800945,Male,12th grade
7.0,92.16826247,Male,12th grade
4.0,61.65712192,Male,12th grade
0.0,81.20801401,Male,12th grade
3.0,33.10249599,Male,12th grade
3.0,79.68545682,Male,12th grade
1.0,89.82347469,Male,12th grade
7.0,40.05564445,Male,12th grade
5.0,59.47628526,Male,12th grade
7.0,63.31177575,Male,12th grade
4.0,52.25342381,Male,12th grade
0.0,67.44195467,Female,12th grade
7.0,75.96739818,Female,12th grade
2.0,14.85540624,Female,12th grade
1.0,67.65550199,Female,12th grade
2.0,94.1589128,Female,12th grade
7.0,59.20436934,Female,12th grade
0.0,57.95910476,Female,12th grade
0.0,61.69382467,Female,12th grade
3.0,36.41834536,Female,11th grade
0.0,76.16361312,Female,11th grade
3.0,38.60495566,Female,11th grade
0.0,67.4088301,Female,11th grade
7.0,25.09923397,Female,11th grade
2.0,29.7578994,Female,12th grade
4.0,23.65339914,Female,11th grade
3.0,68.0682032,Female,11th grade
5.0,94.42613201,Male,11th grade
7.0,87.29843376,Male,11th grade
0.0,31.95457566,Male,11th grade
7.0,81.07748804,Male,11th grade
0.0,15.58185576,Male,11th grade
6.0,87.16521278,Male,11th grade
4.0,81.37814313,Male,11th grade
2.0,98.40769524,Male,11th grade
0.0,85.71224216,Female,11th grade
2.0,26.03375107,Female,11th grade
7.0,79.30626093,Male,11th grade
1.0,35.70830555,Male,12th grade
3.0,73.05961868,Male,11th grade
7.0,60.37644581,Male,11th grade
0.0,99.47500235,Male,11th grade
3.0,14.10379618,Male,11th grade
0.0,89.5066208,Male,11th grade
0.0,90.09889641,Male,11th grade
4.0,99.24376583,Male,11th grade
1.0,36.20974188,Male,9th grade
5.0,77.00916842,Male,11th grade
0.0,77.55750191,Male,9th grade
0.0,84.4582919,Male,9th grade
5.0,81.96841613,Male,9th grade
2.0,83.32808854,Female,9th grade
4.0,59.02079621,Female,9th grade
0.0,91.33196849,Female,9th grade
0.0,81.10224079,Female,11th grade
0.0,93.33379186,Female,9th grade
4.0,37.57997923,Female,9th grade
7.0,19.64382031,Female,9th grade
6.0,45.87527465,Female,9th grade
2.0,54.87474903,Female,9th grade
0.0,77.51771447,Female,9th grade
1.0,92.11841054,Female,9th grade
2.0,3.435316455,Female,9th grade
5.0,37.05898785,Female,9th grade
3.0,47.52350758,Female,9th grade
3.0,32.89198615,Female,9th grade
5.0,63.46535047,Female,9th grade
3.0,83.76843903,Female,9th grade
6.0,45.33714908,Female,9th grade
0.0,97.32805378,Female,9th grade
7.0,13.37560078,Male,9th grade
0.0,73.87758954,Male,9th grade
6.0,87.76360369,Male,9th grade
7.0,51.81620854,Male,9th grade
4.0,72.13833601,Male,9th grade
5.0,12.65011622,Male,9th grade
1.0,52.82514857,Male,9th grade
2.0,98.07600438,Male,9th grade
1.0,93.52863591,Male,9th grade
4.0,41.79514038,Male,9th grade
6.0,57.7634963,Male,9th grade
7.0,90.14559912,Male,11th grade
0.0,65.43337435,Male,11th grade
0.0,61.69382467,Female,11th grade
5.0,51.77995186,Male,11th grade
0.0,21.39839945,Male,11th grade
2.0,47.49270385,Female,11th grade
7.0,33.79539728,Male,11th grade
0.0,35.04876286,Female,11th grade
7.0,32.12906956,Male,11th grade
0.0,43.67278106,Female,11th grade
1.0,41.98150796,Female,11th grade
1.0,82.389679,Female,11th grade
4.0,87.98815832,Male,11th grade
4.0,38.18531901,Male,11th grade
6.0,74.45590053,Male,11th grade
2.0,57.02874133,Female,11th grade
0.0,92.85720138,Female,12th grade
0.0,13.56097159,Male,11th grade
7.0,40.53775276,Female,11th grade
4.0,57.0210877,Female,11th grade
7.0,80.61478423,Female,11th grade
7.0,56.31514778,Male,11th grade
7.0,13.80300963,Female,10th grade
7.0,57.31734359,Female,10th grade
2.0,52.7668932,Female,10th grade
4.0,81.10224079,Female,10th grade
3.0,33.24297302,Female,10th grade
3.0,61.78523973,Female,10th grade
2.0,64.27971847,Female,10th grade
5.0,48.66934789,Male,10th grade
3.0,53.24794021,Male,10th grade
2.0,47.9840088,Male,10th grade
0.0,38.59972863,Male,11th grade
4.0,63.87226631,Male,10th grade
6.0,72.13833601,Male,10th grade
2.0,90.08907671,Male,10th grade
0.0,11.91054027,Male,10th grade
2.0,20.10002435,Female,10th grade
3.0,80.33982238,Female,10th grade
3.0,89.95460086,Female,12th grade
5.0,96.41587554,Female,12th grade
5.0,8.31144901,Female,12th grade
0.0,40.43646118,Female,12th grade
0.0,9.80258146,Female,12th grade
4.0,16.96162003,Female,12th grade
3.0,66.84791246,Male,12th grade
7.0,47.13225379,Female,12th grade
2.0,8.898386194,Female,12th grade
5.0,80.60383865,Female,12th grade
0.0,0.031415225,Female,12th grade
0.0,75.83754765,Female,12th grade
1.0,0.225801819,Female,12th grade
3.0,74.41879277,Female,12th grade
7.0,30.89116132,Female,12th grade
2.0,85.04174318,Female,12th grade
0.0,97.66555793,Male,12th grade
7.0,64.18957538,Male,12th grade
0.0,61.12521977,Male,12th grade
3.0,75.86208809,Male,12th grade
3.0,87.89933447,Male,12th grade
2.0,15.83870002,Male,12th grade
4.0,52.08583923,Male,12th grade
1.0,89.65849187,Male,12th grade
2.0,92.16826247,Male,12th grade
5.0,90.17712208,Male,12th grade
0.0,13.41362377,Male,12th grade
0.0,30.94360622,Female,12th grade
7.0,67.3913645,Female,12th grade
2.0,59.39842275,Male,12th grade
5.0,88.51684125,Male,12th grade
0.0,57.28372212,Female,12th grade
5.0,40.43646118,Female,12th grade
0.0,83.65146996,Female,12th grade
0.0,97.11968904,Female,12th grade
5.0,77.72140545,Male,12th grade
3.0,70.49955565,Male,12th grade
0.0,25.76611637,Male,12th grade
2.0,99.33790694,Male,12th grade
4.0,97.62845513,Female,11th grade
4.0,99.61665207,Female,11th grade
0.0,77.04936127,Female,11th grade
0.0,59.20569812,Female,11th grade
2.0,23.65339914,Female,11th grade
0.0,53.14640872,Female,11th grade
3.0,46.19583969,Female,11th grade
5.0,30.79057223,Female,11th grade
7.0,63.43400792,Male,11th grade
1.0,51.57061646,Male,11th grade
2.0,99.41923944,Male,11th grade
1.0,16.01294136,Male,11th grade
3.0,99.08135767,Male,11th grade
2.0,73.570503,Male,11th grade
1.0,51.57061646,Male,11th grade
4.0,75.81046973,Male,12th grade
0.0,53.6985542,Male,12th grade
6.0,98.85481141,Male,12th grade
4.0,38.77914215,Female,12th grade
0.0,68.81598162,Female,12th grade
4.0,96.22588975,Female,12th grade
2.0,86.90786628,Female,12th grade
0.0,89.17048644,Female,12th grade
0.0,41.5155192,Female,12th grade
0.0,94.54624121,Female,12th grade
6.0,70.55707433,Female,12th grade
5.0,79.16293108,Female,12th grade
1.0,70.32729671,Female,12th grade
0.0,17.05168422,Female,12th grade
3.0,96.82238916,Female,12th grade
0.0,97.24973396,Female,12th grade
5.0,58.53747904,Female,12th grade
0.0,63.97414542,Female,12th grade
1.0,88.68714335,Female,12th grade
4.0,86.52052376,Female,12th grade
0.0,58.2330153,Female,10th grade
3.0,58.80316684,Female,10th grade
0.0,93.36617436,Male,10th grade
7.0,99.61618876,Male,10th grade
1.0,62.88818166,Male,10th grade
5.0,93.33892433,Male,10th grade
7.0,41.76200357,Male,10th grade
5.0,25.54426508,Male,10th grade
7.0,20.2152809,Male,10th grade
7.0,45.71292164,Male,10th grade
0.0,82.27847811,Female,10th grade
0.0,86.66563258,Female,10th grade
7.0,37.15454994,Female,10th grade
0.0,93.3761698,Female,10th grade
1.0,22.37765548,Female,10th grade
0.0,77.80636276,Female,10th grade
3.0,84.84665926,Male,10th grade
5.0,88.37612136,Male,10th grade
4.0,53.218169,Female,10th grade
2.0,97.00677653,Female,10th grade
0.0,86.20109902,Female,10th grade
3.0,77.86602504,Female,10th grade
3.0,31.72624599,Female,10th grade
0.0,90.88792987,Female,10th grade
0.0,87.87850996,Female,10th grade
1.0,0.013385661,Female,10th grade
0.0,59.37978028,Female,10th grade
5.0,20.16159882,Female,10th grade
2.0,38.20450888,Female,10th grade
1.0,88.31205805,Female,10th grade
2.0,90.63414561,Female,10th grade
0.0,90.43366411,Female,10th grade
4.0,98.03561025,Female,10th grade
5.0,82.84233361,Male,10th grade
2.0,99.6667283,Male,10th grade
7.0,59.46218097,Male,10th grade
3.0,57.45911163,Male,10th grade
6.0,47.08338833,Male,10th grade
1.0,90.31958595,Female,9th grade
3.0,98.95552157,Female,9th grade
0.0,27.78101262,Female,9th grade
0.0,23.88792062,Male,9th grade
1.0,97.9086358,Male,9th grade
0.0,96.59366997,Male,9th grade
1.0,99.62372721,Male,9th grade
3.0,95.78741386,Male,9th grade
3.0,71.4546828,Male,9th grade
0.0,85.77765428,Female,9th grade
0.0,96.62173339,Female,9th grade
6.0,21.9624896,Female,9th grade
0.0,92.02129979,Female,9th grade
7.0,97.42796906,Female,9th grade
7.0,45.10466177,Male,9th grade
1.0,78.86617896,Male,9th grade
7.0,58.95859525,Male,9th grade
0.0,76.74440845,Male,9th grade
2.0,95.35936613,Male,9th grade
0.0,11.49744499,Male,9th grade
0.0,71.56498153,Male,9th grade
2.0,92.46380548,Female,9th grade
0.0,84.39019777,Female,9th grade
0.0,1.257551086,Female,9th grade
4.0,94.67397253,Female,9th grade
0.0,98.73549672,Female,9th grade
1.0,98.33822845,Female,9th grade
5.0,86.99550206,Female,9th grade
2.0,99.35031187,Female,9th grade
6.0,83.27464083,Male,9th grade
7.0,70.9230108,Male,9th grade
2.0,42.42023048,Male,9th grade
7.0,14.02708141,Male,9th grade
0.0,65.91917256,Male,9th grade
7.0,64.26150224,Male,9th grade
7.0,99.73470132,Male,11th grade
6.0,8.219477758,Female,11th grade
5.0,75.42432038,Female,11th grade
2.0,52.22408981,Female,11th grade
0.0,87.01278959,Female,11th grade
0.0,72.98083347,Female,11th grade
0.0,99.47302266,Female,11th grade
0.0,47.49270385,Female,11th grade
0.0,9.166422739,Female,11th grade
0.0,94.89706786,Female,11th grade
0.0,90.73511821,Female,11th grade
5.0,92.40844015,Female,11th grade
1.0,85.0778139,Female,11th grade
0.0,36.41834536,Female,11th grade
7.0,89.28907984,Male,11th grade
5.0,99.10432766,Male,11th grade
7.0,98.9510267,Male,11th grade
3.0,99.20593616,Male,11th grade
5.0,68.08272065,Male,11th grade
6.0,93.82512955,Female,9th grade
7.0,93.16153694,Male,9th grade
0.0,97.35910719,Male,9th grade
4.0,30.9243125,Male,9th grade
7.0,89.0638934,Male,9th grade
3.0,80.55410129,Male,9th grade
7.0,47.61210954,Male,9th grade
1.0,34.21717792,Female,9th grade
0.0,91.76883047,Female,9th grade
0.0,95.64556954,Female,9th grade
2.0,65.77006316,Female,9th grade
4.0,90.26171279,Female,9th grade
1.0,97.85767668,Female,9th grade
4.0,31.72624599,Female,9th grade
2.0,98.06460833,Female,9th grade
5.0,59.84743653,Female,9th grade
3.0,83.35027142,Female,9th grade
0.0,39.14343244,Male,9th grade
1.0,54.47224317,Male,9th grade
7.0,26.33576132,Male,9th grade
0.0,98.54103934,Female,9th grade
7.0,63.63789679,Female,9th grade
0.0,42.18686522,Female,9th grade
7.0,69.86952348,Male,9th grade
7.0,70.34312509,Male,9th grade
2.0,42.79220671,Male,9th grade
0.0,97.00752281,Female,9th grade
2.0,96.85746532,Female,9th grade
0.0,57.43872869,Female,9th grade
0.0,76.17136869,Female,9th grade
0.0,94.56618555,Male,12th grade
0.0,99.91988027,Male,12th grade
1.0,99.49405991,Male,12th grade
3.0,92.84632248,Male,12th grade
3.0,11.97711072,Female,12th grade
6.0,89.41561251,Female,12th grade
3.0,98.33058971,Female,12th grade
0.0,34.21869952,Female,12th grade
0.0,36.46577286,Female,12th grade
0.0,92.46401627,Female,12th grade
0.0,0.628303164,Male,12th grade
2.0,0.799484398,Male,12th grade
1.0,68.08272065,Male,12th grade
3.0,42.9484965,Male,12th grade
2.0,31.95457566,Male,12th grade
0.0,94.73973198,Female,11th grade
0.0,45.29045811,Female,11th grade
0.0,0.260110445,Female,11th grade
7.0,49.74876016,Female,11th grade
7.0,94.63635277,Male,11th grade
6.0,94.58352645,Male,11th grade
7.0,96.96440731,Male,11th grade
0.0,27.90530303,Male,11th grade
2.0,97.20800873,Male,11th grade
2.0,61.81583233,Male,11th grade
0.0,33.80347656,Male,11th grade
0.0,98.79739904,Female,11th grade
0.0,89.18013144,Female,11th grade
3.0,93.38093618,Female,11th grade
2.0,55.2253558,Female,11th grade
0.0,21.9624896,Female,10th grade
3.0,92.41928342,Female,10th grade
4.0,99.65547941,Male,10th grade
5.0,65.30327963,Male,10th grade
0.0,96.23617059,Male,10th grade
1.0,84.10727673,Male,10th grade
3.0,92.27855416,Male,10th grade
2.0,98.98210984,Male,10th grade
7.0,78.44672535,Male,10th grade
0.0,98.01475489,Male,10th grade
6.0,87.39539654,Male,10th grade
7.0,56.25019224,Female,10th grade
0.0,99.06000925,Female,10th grade
6.0,14.4149222,Female,10th grade
2.0,38.13969216,Female,10th grade
0.0,88.12171373,Female,10th grade
0.0,97.25191593,Female,10th grade
0.0,99.13254977,Female,10th grade
0.0,99.33105185,Male,11th grade
7.0,58.54997123,Male,11th grade
3.0,90.71004354,Male,11th grade
3.0,49.83256354,Male,11th grade
5.0,98.84474576,Male,11th grade
3.0,47.1601248,Male,11th grade
2.0,27.95943151,Male,11th grade
6.0,38.77914215,Female,11th grade
1.0,49.07165942,Female,11th grade
0.0,69.91124718,Female,11th grade
0.0,99.59063938,Female,11th grade
3.0,97.97137049,Female,11th grade
3.0,99.63902042,Female,11th grade
7.0,53.94181341,Female,11th grade
6.0,41.98150796,Female,11th grade
1.0,68.38112974,Male,10th grade
0.0,53.24794021,Male,10th grade
1.0,88.08579404,Male,10th grade
3.0,99.6063196,Male,10th grade
1.0,81.83304224,Male,10th grade
7.0,87.89933447,Male,10th grade
5.0,58.167767,Male,10th grade
0.0,99.82303067,Male,10th grade
1.0,99.33064261,Male,10th grade
1.0,87.19251087,Female,10th grade
1.0,60.68536372,Female,10th grade
7.0,69.83564514,Female,10th grade
0.0,99.43031637,Female,10th grade
6.0,81.57298816,Female,10th grade
7.0,66.2563695,Female,10th grade
0.0,66.72581086,Female,10th grade
1.0,96.24926485,Female,10th grade
2.0,81.37544358,Female,10th grade
2.0,62.34594798,Female,10th grade
3.0,56.79061795,Female,10th grade
5.0,94.86641154,Male,9th grade
7.0,94.63280144,Male,9th grade
7.0,62.18674919,Female,10th grade
0.0,99.029963,Female,9th grade
0.0,94.82910931,Female,9th grade
0.0,45.1520129,Male,9th grade
5.0,98.00079597,Male,9th grade
4.0,45.71374899,Male,9th grade
4.0,93.56042966,Male,9th grade
1.0,72.13833601,Male,9th grade
0.0,96.73596955,Male,9th grade
7.0,98.18278369,Male,9th grade
0.0,99.70193491,Male,9th grade
4.0,3.163642944,Male,9th grade
0.0,98.50377245,Female,12th grade
4.0,96.75003092,Female,11th grade
0.0,94.0529025,Female,11th grade
1.0,5.451864664,Female,11th grade
0.0,42.92399714,Female,11th grade
0.0,87.19251087,Female,11th grade
0.0,10.51649662,Female,11th grade
0.0,85.0778139,Female,11th grade
1.0,3.662930843,Female,11th grade
0.0,30.70445124,Female,11th grade
2.0,97.36937997,Male,11th grade
0.0,55.79291405,Male,11th grade
7.0,99.18517569,Male,11th grade
7.0,12.85383669,Male,11th grade
2.0,99.71425149,Male,11th grade
3.0,97.43758591,Male,11th grade
7.0,44.87060316,Male,11th grade
3.0,8.365350142,Male,11th grade
6.0,87.52975421,Male,11th grade
7.0,50.73854356,Male,9th grade
1.0,93.42294073,Male,9th grade
5.0,96.34581803,Female,9th grade
0.0,70.31917473,Female,9th grade
4.0,54.73177724,Female,10th grade
0.0,26.58404874,Female,10th grade
4.0,63.79127104,Female,10th grade
7.0,72.79561651,Female,10th grade
0.0,85.86746891,Female,10th grade
6.0,80.2165365,Female,10th grade
7.0,89.11420121,Male,10th grade
5.0,94.58699394,Male,10th grade
7.0,99.70557144,Male,10th grade
0.0,43.08896674,Male,10th grade
0.0,74.34578782,Female,10th grade
0.0,76.56851833,Female,10th grade
0.0,80.25071672,Female,12th grade
7.0,95.78822484,Female,12th grade
5.0,81.02041569,Female,12th grade
0.0,75.61053574,Female,12th grade
0.0,23.42262241,Female,12th grade
0.0,87.74086173,Female,12th grade
0.0,94.29536872,Female,12th grade
7.0,91.43711707,Female,12th grade
1.0,71.3714958,Female,12th grade
0.0,57.95910476,Female,12th grade
0.0,89.23253452,Female,12th grade
4.0,57.23154694,Male,12th grade
4.0,8.447500337,Male,12th grade
6.0,55.7534678,Male,12th grade
0.0,3.317083177,Female,12th grade
0.0,66.62027906,Female,12th grade
7.0,55.88270128,Female,12th grade
0.0,99.11119377,Female,12th grade
0.0,70.53703586,Female,12th grade
1.0,83.57367457,Female,12th grade
2.0,77.20364961,Female,12th grade
0.0,73.28011132,Female,12th grade
0.0,68.61475199,Female,12th grade
0.0,19.19356657,Female,12th grade
0.0,95.96968872,Female,12th grade
0.0,22.58222028,Female,12th grade
6.0,72.36921722,Female,12th grade
2.0,88.07370655,Female,12th grade
2.0,98.08572513,Male,12th grade
2.0,29.30611454,Male,12th grade
0.0,40.05564445,Male,12th grade
4.0,50.50283383,Male,12th grade
2.0,95.35210358,Male,12th grade
0.0,49.99484438,Male,12th grade
2.0,98.91559123,Male,12th grade
6.0,69.7034191,Male,12th grade
0.0,86.31896631,Female,12th grade
5.0,41.48406277,Male,10th grade
7.0,2.50414683,Female,10th grade
2.0,98.33334624,Female,10th grade
5.0,12.02023078,Female,10th grade
0.0,5.925424048,Female,10th grade
0.0,81.07986622,Female,10th grade
1.0,43.53539984,Female,10th grade
5.0,28.28403955,Female,10th grade
0.0,2.376856943,Female,10th grade
4.0,62.34594798,Female,10th grade
2.0,58.2330153,Female,10th grade
5.0,98.00807952,Female,10th grade
4.0,87.4463047,Male,10th grade
0.0,95.19034603,Male,10th grade
6.0,98.28941691,Male,10th grade
4.0,74.10960037,Male,10th grade
0.0,79.37279924,Male,10th grade
5.0,94.18563779,Male,10th grade
5.0,44.08210307,Male,10th grade
0.0,6.549892023,Male,10th grade
7.0,26.68936925,Male,10th grade
5.0,87.16521278,Male,10th grade
0.0,91.06640478,Male,10th grade
5.0,96.53523261,Male,10th grade
6.0,48.32468565,Male,10th grade
4.0,76.53240342,Male,10th grade
3.0,93.60779165,Male,10th grade
7.0,5.692348991,Male,10th grade
0.0,85.25076927,Female,12th grade
3.0,90.07760085,Male,11th grade
0.0,49.0050896,Male,11th grade
4.0,44.48848749,Male,11th grade
7.0,58.167767,Male,11th grade
1.0,68.33176627,Male,11th grade
0.0,53.56656078,Male,11th grade
7.0,35.20622619,Male,11th grade
1.0,10.130113,Male,11th grade
4.0,73.89402899,Male,11th grade
1.0,87.3464244,Male,11th grade
6.0,43.7908813,Male,11th grade
7.0,98.95719794,Male,11th grade
6.0,50.41309274,Male,11th grade
1.0,96.13778319,Male,11th grade
2.0,46.91602522,Male,11th grade
1.0,96.31334391,Male,11th grade
2.0,51.97419472,Male,11th grade
2.0,56.52032716,Female,11th grade
2.0,41.98150796,Female,11th grade
7.0,96.073651,Female,11th grade
0.0,20.78050138,Female,11th grade
1.0,80.08049978,Female,11th grade
0.0,97.37670064,Female,11th grade
2.0,92.37266985,Female,11th grade
2.0,51.62074,Female,11th grade
0.0,77.86602504,Female,11th grade
0.0,8.398714422,Female,11th grade
3.0,75.59564792,Female,11th grade
0.0,76.1728684,Female,12th grade
2.0,53.72464598,Male,12th grade
0.0,10.30443836,Female,12th grade
1.0,78.57310447,Female,12th grade
5.0,25.70763057,Female,12th grade
0.0,56.73203128,Female,12th grade
1.0,46.53516307,Female,12th grade
7.0,84.03195797,Female,12th grade
0.0,82.22768082,Male,12th grade
1.0,76.82307269,Male,12th grade
5.0,6.655533385,Male,12th grade
0.0,78.75181773,Male,12th grade
5.0,7.324632827,Male,12th grade
3.0,41.76200357,Male,12th grade
3.0,87.36289335,Male,12th grade
5.0,29.36620695,Male,12th grade
5.0,86.27089853,Male,12th grade
7.0,15.02405323,Male,12th grade
5.0,59.36187206,Male,12th grade
5.0,67.33594521,Male,12th grade
2.0,30.67625774,Male,12th grade
7.0,38.18531901,Male,12th grade
4.0,72.47803563,Male,12th grade
7.0,92.38289452,Male,9th grade
5.0,98.50299614,Male,9th grade
7.0,67.67090926,Male,9th grade
7.0,34.59472541,Male,9th grade
1.0,98.04338304,Male,9th grade
4.0,99.84953978,Male,9th grade
0.0,53.41072871,Male,9th grade
3.0,78.86617896,Male,9th grade
0.0,54.04791735,Male,9th grade
3.0,75.92774157,Male,9th grade
7.0,90.06979532,Male,9th grade
5.0,95.88643657,Male,9th grade
7.0,35.43738756,Female,9th grade
3.0,67.85584641,Female,9th grade
5.0,48.21839695,Female,9th grade
2.0,63.79127104,Female,9th grade
2.0,35.49137813,Female,9th grade
3.0,24.20501231,Female,9th grade
2.0,57.42808938,Female,9th grade
0.0,30.29781056,Female,9th grade
6.0,78.01416162,Female,9th grade
4.0,51.94253967,Female,9th grade
0.0,54.93952038,Female,9th grade
7.0,86.15842733,Female,9th grade
4.0,78.58439332,Female,9th grade
7.0,79.81648603,Female,9th grade
2.0,33.0342922,Female,9th grade
0.0,62.47075585,Female,9th grade
5.0,96.15506264,Female,9th grade
2.0,19.66638439,Female,11th grade
2.0,8.680875488,Female,11th grade
1.0,77.19065117,Female,11th grade
2.0,88.18931981,Female,11th grade
5.0,88.60699523,Female,11th grade
7.0,61.77258749,Female,11th grade
0.0,84.50209709,Female,11th grade
7.0,90.63878637,Female,11th grade
5.0,86.77254657,Female,11th grade
0.0,99.41923944,Male,11th grade
6.0,25.61355879,Male,11th grade
3.0,95.53785308,Male,11th grade
4.0,84.51397897,Male,11th grade
1.0,99.029963,Female,11th grade
0.0,53.20245682,Female,11th grade
5.0,67.16680562,Female,11th grade
0.0,82.26307439,Female,11th grade
2.0,83.63868449,Female,11th grade
2.0,36.0477335,Female,11th grade
1.0,43.92795187,Male,10th grade
1.0,9.269721952,Male,9th grade
0.0,98.83957095,Male,10th grade
7.0,3.864754635,Male,10th grade
1.0,10.130113,Male,10th grade
3.0,96.54854112,Male,9th grade
5.0,44.91365764,Male,10th grade
3.0,28.81386159,Male,11th grade
1.0,48.32468565,Male,10th grade
2.0,89.05760213,Male,10th grade
1.0,64.30723303,Female,10th grade
0.0,89.17552609,Female,10th grade
0.0,40.55138048,Female,10th grade
1.0,82.76557777,Female,10th grade
5.0,98.00783883,Female,10th grade
0.0,33.66779009,Female,10th grade
2.0,76.16361312,Female,10th grade
3.0,63.82818629,Female,9th grade
5.0,86.06465377,Female,9th grade
7.0,81.57660666,Female,9th grade
0.0,84.19463662,Female,9th grade
0.0,31.67843907,Female,9th grade
5.0,57.42808938,Female,9th grade
4.0,98.42764226,Female,9th grade
1.0,43.5483394,Female,9th grade
3.0,33.66779009,Female,10th grade
7.0,54.04141112,Female,9th grade
7.0,71.52922262,Male,9th grade
0.0,72.0180018,Male,9th grade
2.0,41.69642287,Male,9th grade
7.0,13.38961565,Male,12th grade
7.0,70.79270495,Female,12th grade
3.0,59.25717958,Female,12th grade
1.0,67.52847944,Female,12th grade
0.0,50.95276905,Female,12th grade
5.0,94.43288682,Female,12th grade
2.0,95.68925253,Female,12th grade
0.0,80.1306852,Female,12th grade
0.0,60.59393258,Female,12th grade
0.0,24.7571985,Male,11th grade
7.0,79.52427005,Male,12th grade
5.0,97.21723796,Male,12th grade
1.0,80.05711002,Male,12th grade
4.0,31.95457566,Male,12th grade
0.0,99.45075432,Male,12th grade
7.0,44.48259954,Male,12th grade
5.0,77.81153178,Male,12th grade
2.0,83.86652792,Male,12th grade
7.0,18.31768251,Male,12th grade
7.0,89.36336731,Male,12th grade
5.0,59.97282837,Male,12th grade
1.0,84.62919716,Male,12th grade
5.0,87.65979453,Male,12th grade
5.0,48.32468565,Male,10th grade
5.0,41.49272193,Male,10th grade
2.0,23.48138173,Male,10th grade
5.0,50.6520541,Male,10th grade
5.0,12.85383669,Male,10th grade
7.0,55.18146429,Male,10th grade
4.0,64.22682777,Male,10th grade
1.0,65.2420533,Male,10th grade
7.0,47.9840088,Male,10th grade
3.0,4.013791725,Male,10th grade
5.0,11.91054027,Male,10th grade
5.0,63.00335407,Male,10th grade
2.0,84.84665926,Male,10th grade
7.0,19.83792515,Female,10th grade
4.0,22.00897479,Female,10th grade
5.0,66.72581086,Female,10th grade
0.0,20.16159882,Female,10th grade
0.0,24.92124987,Female,10th grade
3.0,25.01115187,Female,10th grade
6.0,62.18674919,Female,10th grade
0.0,48.18499756,Female,10th grade
5.0,38.13156894,Female,10th grade
4.0,17.33603611,Female,10th grade
1.0,79.81648603,Female,10th grade
7.0,23.52098729,Female,10th grade
7.0,47.57670396,Female,10th grade
7.0,61.78523973,Female,10th grade
0.0,66.08825915,Female,10th grade
7.0,83.06926617,Female,10th grade
2.0,88.95240548,Female,10th grade
4.0,94.22723364,Male,11th grade
2.0,77.04936127,Female,11th grade
5.0,28.59746673,Female,11th grade
1.0,29.7578994,Female,11th grade
3.0,90.83906742,Female,11th grade
7.0,38.60495566,Female,11th grade
5.0,67.02228158,Female,11th grade
0.0,93.68005657,Female,11th grade
5.0,62.34594798,Female,11th grade
0.0,41.98150796,Female,11th grade
6.0,43.00453896,Female,11th grade
7.0,47.57670396,Female,11th grade
5.0,69.91124718,Female,11th grade
0.0,0.260110445,Female,11th grade
3.0,58.89885354,Female,11th grade
2.0,21.89069518,Female,11th grade
0.0,50.9578953,Female,11th grade
7.0,56.4762692,Female,11th grade
1.0,25.04857867,Male,11th grade
3.0,51.77995186,Male,11th grade
6.0,11.91054027,Male,11th grade
7.0,31.37615111,Male,11th grade
7.0,62.64948057,Male,11th grade
2.0,8.92763896,Male,11th grade
3.0,53.56656078,Male,11th grade
5.0,25.61355879,Male,11th grade
2.0,1.112300577,Male,11th grade
7.0,96.30035002,Male,11th grade
6.0,56.7549496,Female,12th grade
5.0,21.08701585,Female,12th grade
0.0,41.86935632,Female,12th grade
7.0,14.81753874,Female,12th grade
0.0,95.67025067,Female,12th grade
0.0,97.82278208,Female,12th grade
7.0,60.52327398,Female,12th grade
4.0,97.96042161,Female,12th grade
0.0,57.0210877,Female,12th grade
0.0,41.86935632,Female,12th grade
4.0,68.8956969,Female,12th grade
6.0,13.02100074,Male,12th grade
7.0,62.64948057,Male,12th grade
5.0,60.76861032,Male,12th grade
2.0,84.20292204,Male,12th grade
0.0,90.96864251,Male,12th grade
3.0,97.13310525,Male,12th grade
7.0,66.5318241,Male,12th grade
1.0,20.15081078,Male,12th grade
0.0,23.56629787,Male,12th grade
2.0,44.74611168,Female,12th grade
7.0,63.80712395,Female,9th grade
1.0,56.70374023,Female,9th grade
6.0,17.80721947,Female,9th grade
5.0,37.57997923,Female,9th grade
7.0,48.21839695,Female,9th grade
7.0,89.78692125,Female,9th grade
7.0,65.31513573,Female,9th grade
7.0,61.87699019,Female,9th grade
5.0,30.29781056,Female,9th grade
4.0,37.69752711,Female,9th grade
4.0,30.2601081,Female,9th grade
7.0,70.07852644,Female,9th grade
6.0,50.11612649,Female,9th grade
0.0,50.87045271,Female,9th grade
5.0,41.16151426,Male,9th grade
6.0,51.94450967,Male,9th grade
0.0,83.03210906,Male,10th grade
7.0,92.38289452,Male,9th grade
2.0,82.18267485,Male,9th grade
7.0,25.56692339,Male,9th grade
1.0,15.52368583,Male,9th grade
3.0,67.73802914,Male,9th grade
7.0,64.62836913,Male,9th grade
6.0,91.47557042,Male,9th grade
3.0,19.43625279,Male,9th grade
5.0,98.70062105,Male,9th grade
7.0,75.69056427,Male,9th grade
0.0,74.41879277,Female,11th grade
5.0,27.78101262,Female,9th grade
0.0,63.18671378,Female,9th grade
4.0,98.47587679,Male,9th grade
2.0,99.28265952,Male,9th grade
1.0,98.25781037,Male,9th grade
0.0,98.93438618,Male,9th grade
0.0,39.50160004,Male,9th grade
7.0,89.97192065,Male,9th grade
1.0,87.68662103,Male,10th grade
0.0,51.7091278,Male,9th grade
7.0,35.74194696,Male,9th grade
0.0,68.85523045,Male,9th grade
2.0,94.79049664,Male,11th grade
0.0,23.68951218,Male,9th grade
4.0,92.67158438,Male,10th grade
7.0,84.16819767,Male,11th grade
0.0,58.87622836,Male,11th grade
5.0,90.5075659,Male,10th grade
1.0,94.81219197,Female,10th grade
4.0,70.69692891,Female,11th grade
0.0,63.94021415,Male,12th grade
3.0,99.44346597,Male,10th grade
7.0,14.23720715,Female,10th grade
4.0,7.43365761,Male,12th grade
1.0,56.78007284,Female,10th grade
3.0,54.40819125,Male,11th grade
5.0,93.71983177,Male,10th grade
2.0,96.23617059,Male,10th grade
0.0,8.572778087,Male,10th grade
0.0,67.38519263,Male,12th grade
0.0,69.86952348,Male,10th grade
0.0,62.8727162,Female,12th grade
3.0,80.25071672,Female,12th grade
7.0,98.93345772,Female,12th grade
2.0,81.02041569,Female,12th grade
0.0,47.49270385,Female,12th grade
1.0,74.58652474,Female,12th grade
2.0,68.84401729,Female,12th grade
1.0,26.20002495,Female,12th grade
5.0,73.74393215,Male,12th grade
5.0,39.55289509,Male,12th grade
1.0,98.87584112,Male,12th grade
7.0,67.33594521,Male,12th grade
0.0,55.79291405,Male,12th grade
1.0,27.90530303,Male,12th grade
1.0,20.56260973,Male,12th grade
3.0,97.11756956,Male,12th grade
7.0,40.07525181,Male,12th grade
2.0,98.08829007,Male,12th grade
0.0,7.200885993,Male,12th grade
5.0,42.12549278,Male,12th grade
7.0,31.69146229,Male,12th grade
0.0,50.14851643,Male,12th grade
4.0,71.17867121,Male,12th grade
4.0,80.36346566,Male,12th grade
0.0,92.41723414,Male,11th grade
0.0,77.99562031,Male,11th grade
7.0,84.16819767,Male,11th grade
0.0,28.80115886,Female,11th grade
0.0,75.01704032,Female,11th grade
0.0,53.65661966,Female,12th grade
7.0,28.59690405,Female,11th grade
1.0,33.68104796,Female,11th grade
3.0,28.36149003,Female,11th grade
3.0,55.25522575,Female,11th grade
0.0,45.31791625,Female,11th grade
4.0,65.88575167,Female,11th grade
7.0,56.52032716,Female,11th grade
1.0,70.79270495,Female,11th grade
0.0,78.57310447,Female,12th grade
5.0,37.95309013,Male,11th grade
5.0,66.95017509,Male,11th grade
3.0,37.55228267,Male,11th grade
0.0,73.74393215,Male,11th grade
1.0,72.60095123,Male,11th grade
0.0,31.78001777,Male,12th grade
1.0,75.33868991,Female,10th grade
0.0,68.25363425,Female,10th grade
2.0,47.58022949,Male,10th grade
5.0,84.98193234,Male,10th grade
1.0,72.36104809,Male,10th grade
3.0,54.63077194,Male,10th grade
7.0,85.93465272,Male,10th grade
0.0,25.76611637,Male,10th grade
0.0,98.3543785,Male,10th grade
3.0,64.26150224,Male,10th grade
5.0,87.50167897,Male,10th grade
7.0,51.81620854,Male,9th grade
3.0,15.11514409,Male,9th grade
2.0,97.68917858,Male,9th grade
2.0,47.34504266,Male,9th grade
7.0,94.70532232,Female,9th grade
2.0,95.11017665,Female,9th grade
0.0,95.26277833,Female,9th grade
1.0,88.19401121,Female,9th grade
0.0,2.73495916,Female,9th grade
0.0,71.29500733,Female,9th grade
0.0,94.18182268,Male,9th grade
1.0,77.58573154,Female,9th grade
7.0,32.65896145,Female,9th grade
0.0,44.29519256,Female,11th grade
1.0,91.62750524,Female,11th grade
2.0,89.73469411,Male,10th grade
3.0,79.23676026,Female,10th grade
2.0,75.31505964,Female,10th grade
0.0,77.3798864,Male,12th grade
1.0,80.50659742,Male,12th grade
0.0,93.13918876,Female,12th grade
0.0,86.77254657,Female,12th grade
0.0,47.49270385,Female,12th grade
0.0,36.04892235,Female,12th grade
0.0,88.3645649,Female,12th grade
0.0,97.76047563,Female,12th grade
3.0,64.73433168,Female,12th grade
0.0,96.86355017,Female,11th grade
0.0,69.49743828,Female,10th grade
0.0,35.66865835,Female,11th grade
4.0,96.02667209,Female,11th grade
7.0,6.480710021,Male,10th grade
4.0,76.24332933,Male,10th grade
0.0,82.06106873,Male,10th grade
1.0,95.58029366,Male,10th grade
3.0,48.05850021,Female,12th grade
0.0,84.79922772,Female,12th grade
5.0,88.77423104,Female,12th grade
0.0,94.14135345,Male,9th grade
3.0,94.01746926,Female,9th grade
7.0,93.28665536,Female,9th grade
3.0,67.56003719,Male,12th grade
3.0,98.7537901,Male,12th grade
6.0,78.52962614,Male,12th grade
0.0,19.95310743,Male,11th grade
5.0,95.58149175,Female,12th grade
0.0,95.17442469,Female,12th grade
0.0,92.7189044,Female,12th grade
1.0,68.33176627,Male,10th grade
7.0,2.116976511,Male,10th grade
2.0,79.92192149,Male,10th grade
0.0,89.53941152,Female,10th grade
0.0,91.84759495,Female,10th grade
1.0,97.4820481,Female,10th grade
0.0,95.64615527,Female,10th grade
0.0,82.389679,Female,10th grade
5.0,80.39488486,Female,10th grade
5.0,74.26220694,Female,10th grade
0.0,97.88467832,Female,10th grade
0.0,54.29146197,Female,10th grade
0.0,0.613231824,Male,10th grade
7.0,15.11514409,Male,10th grade
2.0,93.79838032,Male,10th grade
5.0,53.24794021,Male,10th grade
1.0,17.21244391,Male,10th grade
5.0,3.04531941,Male,10th grade
0.0,68.73980755,Male,10th grade
7.0,54.76825471,Male,10th grade
7.0,32.35454194,Male,10th grade
7.0,92.1853654,Male,12th grade
4.0,43.19281437,Female,12th grade
0.0,26.6755441,Female,12th grade
1.0,71.86076545,Female,12th grade
2.0,77.33506155,Male,12th grade
3.0,74.42424318,Male,12th grade
0.0,19.38451665,Male,12th grade
2.0,96.57697985,Male,12th grade
0.0,62.8727162,Female,12th grade
0.0,77.20364961,Female,12th grade
2.0,13.53750567,Female,12th grade
2.0,2.965664302,Female,12th grade
4.0,99.15906287,Female,12th grade
0.0,33.65433226,Female,12th grade
0.0,15.83870002,Male,12th grade
2.0,12.35928755,Male,12th grade
0.0,88.20397841,Male,12th grade
7.0,49.0050896,Male,12th grade
1.0,31.69146229,Male,12th grade
0.0,3.548745995,Male,12th grade
5.0,96.13778319,Male,12th grade
0.0,57.7634963,Male,9th grade
0.0,81.34442212,Male,9th grade
6.0,53.35115646,Male,9th grade
0.0,63.38440415,Male,9th grade
0.0,60.44858317,Female,9th grade
1.0,76.17136869,Female,9th grade
0.0,95.54007992,Female,9th grade
0.0,86.05632028,Female,9th grade
0.0,32.74319281,Female,9th grade
2.0,86.68831688,Female,9th grade
5.0,47.08035521,Female,9th grade
0.0,83.64620288,Female,9th grade
0.0,85.9657027,Female,9th grade
5.0,81.80727095,Female,9th grade
5.0,61.5676942,Male,9th grade
2.0,80.45814115,Male,9th grade
0.0,96.23453019,Male,9th grade
1.0,51.94450967,Male,9th grade
7.0,71.97054099,Male,9th grade
7.0,83.30894196,Male,9th grade
2.0,1.16653268,Male,9th grade
3.0,93.85646466,Male,9th grade
0.0,37.00688122,Male,9th grade
0.0,28.98177412,Male,9th grade
2.0,40.43646118,Female,11th grade
7.0,55.25522575,Female,11th grade
5.0,16.01481832,Female,11th grade
7.0,99.25075881,Female,11th grade
4.0,60.9709885,Male,11th grade
6.0,90.56837039,Male,11th grade
7.0,63.65662642,Male,11th grade
1.0,83.81890611,Male,11th grade
3.0,70.11803045,Male,11th grade
3.0,21.67031209,Male,11th grade
0.0,98.27574094,Male,11th grade
3.0,79.92192149,Male,11th grade
7.0,19.66638439,Female,11th grade
2.0,32.93493989,Female,11th grade
6.0,77.04936127,Female,11th grade
2.0,67.00407505,Female,11th grade
4.0,93.5776631,Female,11th grade
0.0,82.7114493,Female,11th grade
3.0,94.32496776,Female,11th grade
3.0,4.324742377,Female,11th grade
2.0,92.85720138,Female,11th grade
7.0,35.32804427,Male,11th grade
7.0,97.64503004,Male,11th grade
7.0,69.9574235,Female,11th grade
0.0,41.22700408,Female,11th grade
7.0,60.05460846,Female,11th grade
3.0,36.68936176,Female,11th grade
0.0,31.25098585,Female,11th grade
7.0,57.31734359,Female,11th grade
7.0,57.31734359,Female,11th grade
7.0,69.87171391,Female,11th grade
0.0,49.88343043,Female,11th grade
3.0,47.57670396,Female,11th grade
0.0,95.26019624,Female,11th grade
0.0,72.61830133,Female,11th grade
1.0,25.09923397,Female,11th grade
6.0,77.00916842,Male,11th grade
2.0,69.43321006,Male,11th grade
7.0,66.95017509,Male,11th grade
5.0,17.14466167,Male,11th grade
3.0,95.52931923,Male,11th grade
0.0,75.73428595,Male,11th grade
7.0,85.28284082,Male,11th grade
7.0,66.66766598,Male,11th grade
0.0,77.00916842,Male,11th grade
4.0,24.7571985,Male,11th grade
3.0,42.59466921,Male,11th grade
0.0,25.61355879,Male,11th grade
0.0,62.19393818,Female,10th grade
6.0,74.16259684,Male,10th grade
1.0,79.71974875,Male,10th grade
3.0,36.79918713,Male,10th grade
1.0,33.59354167,Male,10th grade
6.0,71.94732334,Male,10th grade
5.0,54.63077194,Male,10th grade
6.0,66.74525704,Male,10th grade
7.0,78.40282552,Male,10th grade
3.0,68.08274542,Male,10th grade
7.0,79.93333423,Male,10th grade
2.0,87.16521278,Male,10th grade
2.0,92.73650355,Male,10th grade
7.0,75.05201211,Male,10th grade
3.0,90.8391336,Male,10th grade
1.0,47.52350758,Female,10th grade
7.0,70.27382654,Female,10th grade
5.0,20.41671842,Female,10th grade
1.0,83.19147902,Female,10th grade
4.0,35.48942561,Female,10th grade
5.0,44.931268,Female,10th grade
6.0,59.68728382,Female,10th grade
6.0,49.54884889,Female,10th grade
3.0,61.98778257,Female,10th grade
2.0,27.78101262,Female,10th grade
0.0,87.52960981,Female,10th grade
6.0,32.65896145,Female,10th grade
5.0,30.29781056,Female,10th grade
3.0,35.19576612,Female,10th grade
4.0,13.56097159,Male,12th grade
7.0,81.28606112,Male,12th grade
0.0,23.72484314,Male,12th grade
6.0,44.3547711,Female,12th grade
7.0,57.60270767,Female,12th grade
0.0,97.76047563,Female,12th grade
1.0,55.25522575,Female,12th grade
6.0,33.90171182,Female,12th grade
6.0,75.77020513,Female,12th grade
3.0,77.20364961,Female,12th grade
0.0,56.7549496,Female,12th grade
0.0,14.85540624,Female,12th grade
6.0,29.97173088,Female,12th grade
2.0,13.53750567,Female,12th grade
0.0,8.398714422,Female,12th grade
7.0,84.25460359,Male,12th grade
3.0,38.53470375,Male,12th grade
7.0,87.51636498,Male,12th grade
6.0,90.17712208,Male,12th grade
0.0,55.79291405,Male,12th grade
7.0,91.51384436,Male,12th grade
6.0,73.30661232,Male,12th grade
0.0,14.65283658,Male,12th grade
2.0,35.70830555,Male,12th grade
2.0,98.17645843,Male,12th grade
5.0,51.7428672,Male,12th grade
5.0,60.67838341,Male,12th grade
6.0,31.95457566,Male,12th grade
5.0,23.56629787,Male,12th grade
4.0,87.12890032,Male,9th grade
0.0,90.37184496,Male,9th grade
7.0,45.71374899,Male,9th grade
4.0,87.76360369,Male,9th grade
0.0,41.48406277,Male,9th grade
5.0,10.66955428,Male,9th grade
7.0,41.63382054,Male,9th grade
7.0,6.87714581,Male,9th grade
3.0,68.60567501,Male,9th grade
2.0,6.932518579,Male,9th grade
7.0,41.37528523,Male,9th grade
0.0,35.74194696,Male,9th grade
3.0,88.13215349,Female,9th grade
3.0,89.78692125,Female,9th grade
7.0,23.90166614,Female,9th grade
5.0,42.35560365,Female,9th grade
5.0,60.47847891,Female,9th grade
2.0,68.81281941,Female,9th grade
2.0,23.90166614,Female,9th grade
5.0,66.58024971,Female,9th grade
4.0,64.48479627,Female,9th grade
0.0,55.49169732,Female,9th grade
2.0,92.76540444,Female,9th grade
5.0,36.28455135,Female,9th grade
0.0,65.88789673,Female,12th grade
2.0,99.09823798,Male,10th grade
6.0,80.59668985,Male,10th grade
3.0,85.2749939,Male,10th grade
7.0,86.21712684,Male,10th grade
0.0,31.07256054,Male,9th grade
2.0,99.02969173,Male,11th grade
5.0,93.98925052,Male,11th grade
5.0,86.49394929,Male,10th grade
5.0,24.09916308,Male,11th grade
3.0,94.58352645,Male,10th grade
7.0,98.76650545,Male,10th grade
1.0,42.28388655,Female,11th grade
2.0,98.24531493,Female,10th grade
7.0,33.86369686,Female,10th grade
0.0,92.15061128,Female,9th grade
0.0,93.16295097,Female,10th grade
7.0,85.8509833,Female,9th grade
0.0,98.16865107,Female,10th grade
5.0,74.69115727,Female,10th grade
4.0,66.99718709,Female,10th grade
0.0,48.05850021,Female,12th grade
1.0,13.9696424,Female,12th grade
0.0,42.06321618,Female,12th grade
2.0,67.35690955,Female,12th grade
7.0,47.13837771,Male,12th grade
7.0,73.05961868,Male,12th grade
7.0,79.68545682,Male,12th grade
5.0,52.08583923,Male,12th grade
6.0,72.03344585,Male,12th grade
0.0,79.67120611,Male,12th grade
5.0,89.6840555,Male,12th grade
0.0,3.548745995,Male,12th grade
0.0,9.226937862,Male,12th grade
3.0,78.8652418,Female,12th grade
0.0,67.03684366,Female,12th grade
0.0,95.16477977,Male,12th grade
4.0,96.53495056,Male,11th grade
6.0,29.69965869,Male,12th grade
4.0,45.29941242,Male,12th grade
4.0,89.49645079,Male,12th grade
0.0,97.9086358,Male,12th grade
0.0,55.79291405,Male,12th grade
5.0,25.95924631,Male,12th grade
0.0,62.69465422,Female,12th grade
0.0,9.166422739,Female,12th grade
3.0,47.13225379,Female,12th grade
0.0,70.21684634,Female,12th grade
5.0,76.30829809,Female,11th grade
4.0,16.77923646,Female,10th grade
2.0,90.27931362,Female,12th grade
1.0,91.78639402,Female,12th grade
3.0,68.80335871,Female,9th grade
2.0,98.48215744,Male,12th grade
4.0,79.66153065,Female,11th grade
5.0,92.44021606,Female,10th grade
7.0,35.48942561,Female,10th grade
2.0,13.40735768,Female,10th grade
5.0,92.53251623,Male,11th grade
0.0,45.71374899,Male,10th grade
0.0,84.4582919,Male,10th grade
7.0,53.24794021,Male,10th grade
7.0,83.57086706,Male,11th grade
3.0,90.83184734,Female,11th grade
6.0,94.36688785,Female,9th grade
7.0,80.10329033,Male,9th grade
4.0,67.1343223,Male,9th grade
3.0,61.17255793,Male,9th grade
7.0,78.31747374,Male,9th grade
1.0,73.34615457,Female,12th grade
6.0,53.50194471,Female,12th grade
2.0,37.25949068,Female,12th grade
0.0,69.84285364,Male,12th grade
0.0,90.05873305,Male,12th grade
4.0,35.93437682,Male,12th grade
7.0,81.32008459,Male,12th grade
0.0,8.934316669,Male,12th grade
0.0,99.35762909,Male,12th grade
1.0,89.82347469,Male,12th grade
1.0,53.6985542,Male,12th grade
0.0,98.57848685,Male,12th grade
0.0,89.23253452,Female,12th grade
3.0,63.97414542,Female,12th grade
1.0,36.46577286,Female,12th grade
1.0,68.0682032,Female,12th grade
6.0,52.22408981,Female,12th grade
3.0,41.86935632,Female,12th grade
3.0,43.19281437,Female,12th grade
0.0,98.07642499,Female,12th grade
0.0,62.71457269,Female,12th grade
1.0,37.60087813,Female,12th grade
0.0,98.70126143,Female,12th grade
0.0,64.2100524,Female,12th grade
1.0,38.53470375,Male,11th grade
2.0,58.54997123,Male,11th grade
5.0,90.33036536,Male,11th grade
5.0,58.54997123,Male,11th grade
7.0,76.63590883,Male,11th grade
5.0,38.18531901,Male,11th grade
4.0,64.9623322,Male,11th grade
7.0,83.86594073,Male,11th grade
0.0,50.27447135,Male,11th grade
0.0,16.01481832,Female,11th grade
0.0,77.43637316,Female,11th grade
7.0,76.28817411,Female,11th grade
2.0,84.67610222,Female,11th grade
0.0,73.92695074,Female,11th grade
0.0,75.19016686,Female,11th grade
2.0,90.83906742,Female,11th grade
7.0,85.37984953,Female,11th grade
4.0,56.79061795,Female,11th grade
0.0,33.66779009,Female,11th grade
0.0,78.85919128,Female,11th grade
0.0,90.63414561,Female,11th grade
0.0,82.19258456,Female,11th grade
7.0,85.71224216,Female,11th grade
0.0,5.259849103,Female,11th grade
0.0,40.43646118,Female,11th grade
4.0,33.95463725,Male,11th grade
7.0,85.24612213,Female,11th grade
0.0,87.1621065,Female,11th grade
2.0,38.68988246,Female,11th grade
0.0,87.66542983,Female,11th grade
0.0,2.376856943,Female,11th grade
2.0,45.37329807,Female,11th grade
2.0,74.42424318,Male,11th grade
7.0,52.12369341,Male,11th grade
0.0,17.57936474,Male,11th grade
3.0,45.29941242,Male,11th grade
5.0,80.05711002,Male,11th grade
0.0,80.97504778,Male,11th grade
3.0,87.12890032,Male,9th grade
3.0,93.60682849,Male,9th grade
7.0,88.10213665,Male,9th grade
3.0,36.67117542,Male,9th grade
7.0,81.96841613,Male,9th grade
1.0,87.46239785,Male,9th grade
3.0,72.22436715,Male,9th grade
6.0,74.20425736,Male,9th grade
1.0,57.85683861,Male,9th grade
2.0,98.92811599,Male,9th grade
1.0,97.72309608,Male,9th grade
3.0,48.66934789,Male,9th grade
7.0,45.06024111,Male,9th grade
5.0,70.9230108,Male,9th grade
7.0,72.66703407,Female,9th grade
2.0,60.75872902,Female,9th grade
0.0,89.78692125,Female,9th grade
7.0,30.54443285,Female,9th grade
2.0,58.09322257,Female,9th grade
0.0,64.48479627,Female,9th grade
0.0,74.18674572,Female,9th grade
5.0,81.20841596,Female,9th grade
4.0,84.19463662,Female,9th grade
0.0,81.16568453,Female,9th grade
4.0,58.8744133,Female,9th grade
1.0,83.95952719,Female,9th grade
6.0,66.16040353,Female,10th grade
2.0,95.12950717,Female,10th grade
2.0,33.66779009,Female,10th grade
7.0,47.9840088,Male,10th grade
3.0,77.17514356,Male,10th grade
7.0,93.99215342,Male,10th grade
7.0,35.74194696,Male,10th grade
3.0,31.37615111,Male,10th grade
3.0,41.37528523,Male,10th grade
4.0,79.57774669,Male,10th grade
3.0,95.02826581,Male,10th grade
1.0,7.032419398,Male,10th grade
1.0,98.18278369,Male,10th grade
7.0,53.65951294,Female,10th grade
1.0,13.25816408,Female,10th grade
7.0,70.84066228,Female,10th grade
2.0,62.95970228,Female,10th grade
6.0,74.22155378,Female,10th grade
1.0,84.71523724,Female,10th grade
2.0,71.79758191,Female,10th grade
2.0,48.82355055,Female,10th grade
0.0,83.07923933,Female,10th grade
4.0,96.62415739,Female,10th grade
2.0,62.19393818,Female,10th grade
5.0,97.76629197,Male,10th grade
1.0,99.3755774,Male,10th grade
6.0,99.38690541,Male,10th grade
4.0,96.98288299,Male,10th grade
7.0,98.35931481,Male,10th grade
2.0,41.76200357,Male,10th grade
0.0,92.28659902,Male,10th grade
5.0,90.98123106,Male,10th grade
4.0,94.73738662,Male,10th grade
6.0,76.74440845,Male,10th grade
3.0,21.16741012,Male,10th grade
2.0,68.33176627,Male,10th grade
7.0,82.63365599,Male,10th grade
0.0,69.42430866,Female,10th grade
7.0,80.98353667,Male,10th grade
4.0,47.57670396,Female,10th grade
0.0,72.86170979,Female,10th grade
6.0,70.57774417,Female,10th grade
2.0,47.57670396,Female,10th grade
1.0,59.84743653,Female,10th grade
0.0,83.93878579,Female,12th grade
0.0,59.20569812,Female,12th grade
7.0,63.18796467,Female,12th grade
0.0,70.79270495,Female,12th grade
3.0,57.60270767,Female,12th grade
0.0,94.68291579,Female,12th grade
7.0,67.65550199,Female,12th grade
0.0,10.29504479,Female,12th grade
3.0,83.39755602,Female,12th grade
7.0,72.36220244,Male,12th grade
0.0,92.48084439,Male,12th grade
4.0,33.25918052,Male,12th grade
0.0,58.68473082,Male,12th grade
0.0,88.08579404,Male,12th grade
1.0,8.127031697,Female,12th grade
5.0,65.19757361,Female,12th grade
4.0,61.69382467,Female,12th grade
2.0,20.7059452,Female,12th grade
3.0,72.21362837,Female,12th grade
2.0,89.95460086,Female,12th grade
0.0,41.5155192,Female,12th grade
2.0,72.95938936,Female,12th grade
4.0,64.96446681,Female,12th grade
3.0,96.05391791,Female,12th grade
2.0,70.79270495,Female,12th grade
3.0,21.83181039,Male,12th grade
6.0,1.741250386,Male,12th grade
3.0,98.72004865,Male,12th grade
5.0,55.76898634,Male,12th grade
7.0,46.18021898,Male,12th grade
0.0,85.03453453,Female,9th grade
3.0,78.13156862,Female,10th grade
3.0,16.98469111,Female,10th grade
4.0,37.57997923,Female,9th grade
4.0,89.52466745,Female,9th grade
7.0,82.37580436,Female,9th grade
2.0,25.01115187,Female,10th grade
2.0,97.54850216,Female,10th grade
2.0,61.11298954,Female,9th grade
7.0,70.75265862,Female,9th grade
3.0,35.75781836,Female,9th grade
7.0,52.22408981,Female,9th grade
1.0,91.76883047,Female,9th grade
0.0,25.42919289,Female,9th grade
0.0,83.70105037,Male,9th grade
4.0,30.25945079,Male,9th grade
6.0,29.08833714,Male,9th grade
3.0,50.96761568,Male,9th grade
2.0,73.35516615,Male,9th grade
0.0,25.61355879,Male,9th grade
6.0,19.45471173,Male,10th grade
0.0,38.28337982,Male,10th grade
1.0,48.21839695,Female,9th grade
7.0,98.95494589,Male,11th grade
1.0,47.57670396,Female,11th grade
0.0,38.60495566,Female,11th grade
4.0,45.74688984,Female,11th grade
0.0,15.09500065,Female,11th grade
3.0,57.31734359,Female,11th grade
4.0,71.88874208,Female,11th grade
4.0,83.65146996,Female,11th grade
0.0,96.97120208,Female,11th grade
0.0,99.25091611,Female,11th grade
1.0,82.0816602,Female,11th grade
5.0,95.04052672,Female,11th grade
4.0,52.96298965,Male,11th grade
7.0,34.66179887,Male,11th grade
5.0,87.3464244,Male,11th grade
1.0,48.91723068,Male,11th grade
0.0,20.2152809,Male,11th grade
2.0,52.59975998,Male,11th grade
0.0,92.43894051,Male,11th grade
3.0,40.28123287,Male,11th grade
0.0,98.58926289,Male,11th grade
7.0,78.63912229,Male,11th grade
2.0,55.0222034,Female,9th grade
0.0,83.06926617,Female,9th grade
0.0,84.65510606,Female,9th grade
2.0,75.39423481,Female,9th grade
3.0,74.18674572,Female,9th grade
3.0,71.79758191,Female,9th grade
3.0,70.7646632,Female,9th grade
5.0,76.17136869,Female,9th grade
4.0,42.35560365,Female,9th grade
3.0,87.3451992,Female,9th grade
5.0,66.74525704,Male,9th grade
7.0,74.10960037,Male,9th grade
3.0,39.46630825,Male,9th grade
7.0,57.78994177,Male,9th grade
2.0,88.52503161,Male,11th grade
3.0,97.65709632,Male,10th grade
7.0,87.43612772,Male,9th grade
5.0,54.38998582,Male,9th grade
7.0,32.7490161,Female,9th grade
3.0,69.54558992,Female,9th grade
5.0,67.85195185,Female,9th grade
4.0,84.29940203,Male,12th grade
0.0,60.14676618,Female,11th grade
1.0,67.57774648,Female,11th grade
0.0,57.60270767,Female,11th grade
3.0,19.12902502,Female,11th grade
0.0,48.05850021,Female,12th grade
1.0,92.54200651,Female,12th grade
2.0,69.5957294,Female,12th grade
0.0,37.60087813,Female,12th grade
2.0,47.65563766,Female,11th grade
2.0,81.20213988,Female,12th grade
2.0,20.76571579,Female,12th grade
1.0,81.84300072,Female,11th grade
3.0,87.36289335,Male,12th grade
7.0,99.40523986,Male,11th grade
3.0,64.3318403,Male,11th grade
0.0,75.39750092,Male,12th grade
0.0,51.7428672,Male,11th grade
7.0,87.39539654,Male,11th grade
2.0,61.12521977,Male,11th grade
7.0,84.62919716,Male,11th grade
2.0,14.38180491,Male,11th grade
2.0,69.42430866,Female,10th grade
7.0,38.68988246,Female,10th grade
3.0,40.79455963,Female,10th grade
7.0,37.53976013,Female,10th grade
4.0,78.39679845,Female,10th grade
2.0,81.07986622,Female,10th grade
4.0,21.32932322,Female,10th grade
2.0,47.57875662,Female,10th grade
4.0,95.94478432,Female,10th grade
6.0,83.03242619,Female,10th grade
1.0,44.42268346,Female,10th grade
2.0,92.09238408,Female,10th grade
0.0,86.12647807,Female,10th grade
2.0,92.89463228,Male,10th grade
5.0,92.14183968,Male,10th grade
2.0,74.16259684,Male,10th grade
3.0,0.567498492,Male,10th grade
6.0,58.18521241,Male,11th grade
3.0,74.79862377,Male,10th grade
7.0,97.89524154,Male,10th grade
5.0,25.04857867,Male,10th grade
5.0,15.54898951,Male,10th grade
0.0,30.79057223,Female,12th grade
0.0,83.39243191,Female,12th grade
1.0,56.52032716,Female,12th grade
4.0,26.06924461,Female,12th grade
5.0,62.7269886,Female,12th grade
0.0,55.50609806,Female,12th grade
1.0,61.69382467,Female,12th grade
0.0,94.93676584,Female,12th grade
3.0,77.81153178,Male,12th grade
2.0,52.47173699,Male,12th grade
2.0,5.856500014,Male,12th grade
6.0,70.95587793,Male,12th grade
4.0,95.72836219,Male,12th grade
3.0,87.83227011,Male,12th grade
5.0,95.52419469,Male,12th grade
2.0,79.30626093,Male,12th grade
2.0,95.72836219,Male,12th grade
1.0,99.05950452,Male,12th grade
0.0,47.24873407,Female,11th grade
6.0,73.71932905,Male,12th grade
0.0,95.52759896,Male,12th grade
2.0,42.90615422,Male,12th grade
7.0,83.8443561,Male,12th grade
3.0,83.87324627,Male,12th grade
7.0,44.68713456,Male,11th grade
0.0,5.692348991,Male,11th grade
0.0,93.133314,Male,12th grade
2.0,1.131970964,Male,11th grade
0.0,21.39839945,Male,11th grade
4.0,72.16135334,Female,11th grade
5.0,57.45496513,Female,12th grade
2.0,17.74504799,Female,11th grade
3.0,30.44393846,Female,11th grade
1.0,73.34132217,Female,11th grade
7.0,82.26307439,Female,10th grade
5.0,92.68923451,Female,11th grade
0.0,30.79057223,Female,11th grade
3.0,43.67494003,Female,10th grade
1.0,90.42668627,Female,11th grade
0.0,45.07027385,Male,12th grade
1.0,2.56681879,Male,12th grade
5.0,3.939542483,Female,12th grade
6.0,68.17556258,Male,12th grade
4.0,56.72044489,Female,12th grade
0.0,73.09109508,Female,12th grade
2.0,74.41919519,Male,12th grade
1.0,58.69524984,Female,12th grade
0.0,22.1628726,Female,12th grade
6.0,47.36951916,Male,12th grade
0.0,38.60495566,Female,12th grade
5.0,57.0210877,Female,12th grade
5.0,31.25098585,Female,11th grade
0.0,41.41226376,Female,12th grade
2.0,53.04799701,Female,12th grade
2.0,29.69965869,Male,12th grade
2.0,96.70157068,Male,9th grade
2.0,45.33714908,Female,9th grade
5.0,31.05604841,Female,9th grade
2.0,95.34570281,Male,9th grade
1.0,24.19083228,Male,9th grade
5.0,7.332472627,Male,9th grade
1.0,62.19393818,Female,9th grade
5.0,86.45744949,Male,9th grade
7.0,81.07986622,Female,9th grade
0.0,47.04174902,Male,9th grade
0.0,64.89755261,Male,9th grade
7.0,47.7153177,Male,9th grade
0.0,64.48479627,Female,9th grade
0.0,31.47941207,Male,9th grade
4.0,95.58384077,Male,9th grade
3.0,87.9197782,Male,9th grade
0.0,97.22300278,Female,9th grade
0.0,79.94873312,Male,9th grade
1.0,97.06117121,Male,9th grade
6.0,47.2681565,Female,9th grade
0.0,87.12890032,Male,9th grade
1.0,58.09322257,Female,9th grade
0.0,14.12190652,Male,10th grade
0.0,84.4582919,Male,10th grade
1.0,58.1206334,Female,10th grade
0.0,56.4762692,Female,10th grade
1.0,44.95264333,Female,10th grade
0.0,61.78523973,Female,10th grade
6.0,4.013791725,Male,10th grade
3.0,58.18521241,Male,10th grade
6.0,50.87045271,Female,10th grade
1.0,25.54426508,Male,10th grade
7.0,38.13156894,Female,10th grade
7.0,93.89286956,Male,10th grade
6.0,87.26940456,Female,10th grade
3.0,50.10948386,Male,10th grade
0.0,48.48588362,Female,10th grade
2.0,96.35800023,Male,10th grade
0.0,21.63321504,Female,10th grade
1.0,56.4762692,Female,10th grade
0.0,30.70445124,Female,10th grade
4.0,51.58725167,Female,10th grade
0.0,53.96737126,Female,10th grade
1.0,92.86681787,Female,10th grade
0.0,63.73246211,Female,12th grade
3.0,86.87757138,Female,10th grade
2.0,55.18146429,Male,10th grade
3.0,55.06915825,Male,10th grade
7.0,56.31514778,Male,10th grade
2.0,56.80243165,Male,10th grade
0.0,98.93356342,Male,11th grade
0.0,98.38539506,Male,10th grade
3.0,87.12890032,Male,10th grade
2.0,57.42808938,Female,10th grade
4.0,15.52806328,Female,10th grade
4.0,76.31024948,Female,10th grade
0.0,97.42156351,Male,10th grade
4.0,51.77995186,Male,10th grade
5.0,83.68644276,Male,10th grade
0.0,83.59949632,Male,10th grade
0.0,98.59515446,Male,10th grade
7.0,42.79220671,Male,10th grade
7.0,97.28977513,Male,9th grade
3.0,60.78130164,Male,9th grade
7.0,55.68597478,Male,9th grade
1.0,72.83662653,Male,9th grade
3.0,94.19146875,Male,9th grade
1.0,92.43021368,Female,9th grade
5.0,70.84066228,Female,9th grade
4.0,17.99896731,Female,9th grade
0.0,89.7600136,Female,9th grade
5.0,71.76398959,Female,9th grade
7.0,34.52856862,Male,9th grade
0.0,99.25695972,Male,10th grade
7.0,89.07168971,Male,9th grade
6.0,38.01409877,Male,11th grade
5.0,71.78970487,Male,9th grade
1.0,50.5995942,Female,9th grade
7.0,94.62482231,Female,9th grade
5.0,58.58364417,Female,9th grade
3.0,81.88567938,Female,9th grade
0.0,27.78101262,Female,9th grade
2.0,30.2601081,Female,9th grade
5.0,92.23837849,Male,11th grade
5.0,93.98925052,Male,11th grade
1.0,47.9840088,Male,11th grade
4.0,87.21796809,Male,12th grade
3.0,31.69146229,Male,11th grade
7.0,66.5318241,Male,11th grade
2.0,93.5524051,Female,11th grade
7.0,74.60880949,Female,11th grade
3.0,86.28807602,Female,11th grade
4.0,84.96007198,Female,11th grade
7.0,74.42424318,Male,11th grade
3.0,40.85216047,Female,11th grade
0.0,25.62543853,Female,11th grade
0.0,84.50209709,Female,11th grade
6.0,41.64225082,Female,11th grade
0.0,42.12549278,Male,11th grade
7.0,75.35975743,Male,11th grade
0.0,98.98941235,Male,11th grade
0.0,84.10727673,Male,11th grade
7.0,93.65518174,Male,11th grade
2.0,47.94528537,Male,12th grade
0.0,66.59603856,Male,12th grade
5.0,87.83227011,Male,12th grade
0.0,49.0050896,Male,12th grade
0.0,77.62486474,Male,12th grade
5.0,90.05873305,Male,12th grade
4.0,71.51246478,Male,12th grade
0.0,25.09923397,Female,12th grade
0.0,97.61282968,Female,12th grade
3.0,48.05850021,Female,12th grade
5.0,64.2100524,Female,12th grade
4.0,74.41879277,Female,12th grade
3.0,20.78050138,Female,12th grade
7.0,98.71313612,Male,11th grade
5.0,74.42424318,Male,11th grade
1.0,61.62522673,Male,12th grade
5.0,53.62901996,Female,11th grade
0.0,94.42898259,Female,11th grade
0.0,86.29768778,Female,11th grade
0.0,77.64230289,Female,11th grade
1.0,50.9578953,Female,11th grade
3.0,74.71972579,Female,11th grade
0.0,70.67451976,Female,11th grade
0.0,86.24134716,Female,11th grade
5.0,70.79270495,Female,11th grade
1.0,96.59822418,Female,11th grade
2.0,32.81098818,Female,11th grade
1.0,10.0980018,Male,11th grade
4.0,44.3348222,Male,11th grade
0.0,82.85855127,Male,11th grade
7.0,86.89670795,Male,11th grade
4.0,74.42424318,Male,11th grade
2.0,98.4709169,Male,12th grade
7.0,72.03344585,Male,9th grade
2.0,23.68951218,Male,10th grade
1.0,86.94086538,Male,10th grade
3.0,78.75181773,Male,10th grade
0.0,73.71563971,Male,10th grade
0.0,57.00752646,Female,10th grade
0.0,61.96169613,Female,10th grade
2.0,81.94224698,Female,12th grade
0.0,87.96821881,Female,10th grade
3.0,97.6796868,Female,10th grade
0.0,85.29469889,Female,10th grade
1.0,85.78892033,Female,10th grade
6.0,62.18674919,Female,10th grade
0.0,56.22159575,Female,10th grade
1.0,74.41879277,Female,12th grade
5.0,82.6502564,Female,12th grade
0.0,95.87732663,Female,12th grade
0.0,87.73497018,Female,12th grade
5.0,87.73497018,Female,12th grade
0.0,82.05508744,Female,12th grade
0.0,98.50226141,Female,12th grade
0.0,80.03451599,Female,12th grade
0.0,85.0778139,Female,12th grade
3.0,95.42945459,Female,12th grade
2.0,57.95910476,Female,12th grade
6.0,38.77914215,Female,12th grade
0.0,98.48866291,Male,12th grade
7.0,28.89083834,Male,12th grade
0.0,95.72836219,Male,12th grade
5.0,95.48741179,Male,12th grade
3.0,94.7692501,Male,12th grade
5.0,95.86987032,Male,12th grade
6.0,65.22758067,Male,12th grade
0.0,96.35684269,Male,12th grade
7.0,26.67157309,Male,12th grade
0.0,98.79634543,Female,12th grade
6.0,84.36156807,Male,9th grade
3.0,90.64350563,Male,9th grade
7.0,87.19812624,Male,9th grade
0.0,82.40076803,Male,9th grade
4.0,54.38998582,Male,9th grade
0.0,99.65296273,Male,9th grade
5.0,95.15545676,Male,9th grade
7.0,69.04651079,Male,9th grade
0.0,63.48927185,Male,9th grade
0.0,95.24491892,Female,9th grade
3.0,57.42808938,Female,9th grade
7.0,71.79758191,Female,9th grade
7.0,21.9624896,Female,9th grade
6.0,82.11890385,Female,9th grade
5.0,58.8744133,Female,9th grade
0.0,52.00817272,Female,9th grade
2.0,40.85194501,Female,9th grade
0.0,54.81893823,Female,9th grade
4.0,84.19463662,Female,9th grade
3.0,15.24215073,Female,11th grade
3.0,62.8727162,Female,11th grade
1.0,84.85291377,Female,12th grade
3.0,5.65843232,Female,11th grade
0.0,98.84356727,Female,11th grade
7.0,80.72337535,Female,11th grade
5.0,39.76467297,Female,11th grade
4.0,43.71047529,Female,11th grade
3.0,71.88874208,Female,11th grade
4.0,68.83070878,Male,11th grade
0.0,77.86602504,Female,11th grade
0.0,48.42401661,Female,11th grade
5.0,60.9983769,Female,11th grade
5.0,86.11772984,Female,11th grade
6.0,65.22205679,Female,11th grade
0.0,76.16361312,Female,11th grade
6.0,60.6842091,Female,11th grade
2.0,80.85855022,Female,11th grade
0.0,53.20245682,Female,11th grade
2.0,27.55647439,Female,11th grade
0.0,74.71972579,Female,11th grade
7.0,78.7304483,Female,11th grade
7.0,96.31334391,Male,11th grade
1.0,52.12369341,Male,11th grade
2.0,94.25583977,Male,11th grade
7.0,69.00760383,Male,11th grade
0.0,27.27216578,Male,11th grade
2.0,1.258522652,Male,11th grade
5.0,72.36104809,Male,11th grade
3.0,8.419523214,Male,11th grade
7.0,2.692564529,Female,12th grade
1.0,63.18796467,Female,12th grade
6.0,57.95910476,Female,12th grade
2.0,44.59680433,Female,12th grade
0.0,23.81912584,Female,12th grade
1.0,97.8857456,Female,12th grade
5.0,79.72713688,Female,12th grade
3.0,97.81969117,Female,12th grade
3.0,97.91616983,Male,12th grade
1.0,79.56062473,Male,12th grade
7.0,45.29941242,Male,12th grade
0.0,95.77294492,Male,12th grade
3.0,87.51636498,Male,12th grade
4.0,79.67120611,Male,12th grade
2.0,38.11680761,Male,12th grade
0.0,11.79596595,Male,12th grade
0.0,65.93660653,Female,12th grade
2.0,48.05850021,Female,12th grade
6.0,87.25000375,Female,12th grade
0.0,78.29127754,Female,12th grade
3.0,80.25071672,Female,12th grade
5.0,36.04892235,Female,12th grade
2.0,25.53707289,Female,12th grade
7.0,74.88770856,Male,12th grade
0.0,90.71004354,Male,12th grade
4.0,89.89889542,Male,12th grade
1.0,0.012446611,Male,12th grade
2.0,23.04928223,Male,12th grade
6.0,92.72243548,Male,12th grade
3.0,68.58082347,Male,12th grade
7.0,73.30661232,Male,12th grade
0.0,2.30621603,Male,12th grade
2.0,83.87324627,Male,12th grade
7.0,67.35761931,Female,9th grade
1.0,97.17203626,Female,9th grade
7.0,62.19393818,Female,9th grade
7.0,62.19393818,Female,9th grade
3.0,30.29781056,Female,9th grade
5.0,39.89788004,Female,10th grade
4.0,46.29997724,Female,10th grade
5.0,99.27575791,Female,10th grade
5.0,41.48252506,Female,10th grade
3.0,50.11612649,Female,9th grade
0.0,47.52350758,Female,9th grade
6.0,76.16361312,Female,10th grade
2.0,98.54819525,Female,9th grade
3.0,58.8744133,Female,9th grade
7.0,57.7634963,Male,9th grade
5.0,86.88318958,Male,9th grade
6.0,52.96298965,Male,11th grade
3.0,92.55508897,Male,9th grade
7.0,63.14078915,Male,9th grade
2.0,96.37862337,Male,9th grade
1.0,96.43469449,Female,9th grade
0.0,61.69742856,Female,9th grade
0.0,24.92124987,Female,9th grade
4.0,42.79220671,Male,9th grade
3.0,64.16336237,Female,9th grade
3.0,65.88575167,Female,12th grade
3.0,94.6470681,Male,9th grade
0.0,50.27447135,Male,10th grade
5.0,80.92561726,Male,9th grade
7.0,73.30661232,Male,12th grade
2.0,84.96612732,Male,9th grade
7.0,45.71292164,Male,10th grade
2.0,43.30369499,Male,12th grade
7.0,67.45640015,Male,11th grade
1.0,47.76568644,Male,10th grade
2.0,78.75181773,Male,10th grade
3.0,97.16639571,Male,10th grade
7.0,92.67341005,Male,10th grade
6.0,68.88518339,Male,10th grade
1.0,31.37615111,Male,10th grade
2.0,11.91054027,Male,10th grade
2.0,99.23886379,Male,12th grade
4.0,81.30574941,Male,10th grade
0.0,96.71597037,Male,11th grade
0.0,98.59515446,Male,10th grade
0.0,98.58714417,Female,10th grade
3.0,71.24517665,Female,10th grade
0.0,85.78892033,Female,10th grade
1.0,92.80500857,Female,12th grade
5.0,97.07453182,Female,10th grade
0.0,73.09109508,Female,11th grade
1.0,56.82844588,Female,10th grade
2.0,72.96409087,Female,12th grade
7.0,68.36172856,Female,10th grade
1.0,98.93974214,Female,11th grade
7.0,94.92173575,Male,10th grade
7.0,18.12467121,Male,11th grade
1.0,98.30381985,Female,12th grade
0.0,68.81598162,Female,12th grade
1.0,18.31768251,Male,12th grade
4.0,64.31389023,Male,12th grade
2.0,64.73433168,Female,12th grade
0.0,99.21377202,Female,12th grade
4.0,97.95495343,Female,12th grade
0.0,56.7549496,Female,12th grade
2.0,76.3857129,Male,12th grade
7.0,99.81526357,Male,12th grade
2.0,98.77152217,Male,12th grade
1.0,23.03885525,Male,12th grade
5.0,50.25810028,Male,12th grade
3.0,93.16295097,Female,9th grade
7.0,95.37465993,Female,11th grade
5.0,90.26393394,Female,9th grade
0.0,91.77475088,Female,9th grade
0.0,75.38267157,Female,9th grade
0.0,95.19914134,Female,9th grade
0.0,61.96169613,Female,9th grade
4.0,48.83263277,Female,9th grade
5.0,51.69947169,Female,9th grade
7.0,96.14980603,Male,9th grade
0.0,98.38539506,Male,9th grade
4.0,74.52457175,Male,9th grade
6.0,98.34389674,Male,9th grade
0.0,53.24794021,Male,9th grade
7.0,53.96737126,Female,9th grade
7.0,93.32922868,Female,11th grade
1.0,64.96446681,Female,11th grade
5.0,57.02874133,Female,11th grade
3.0,35.04876286,Female,11th grade
2.0,1.417936365,Female,11th grade
0.0,91.21357792,Female,11th grade
6.0,83.65146996,Female,11th grade
0.0,56.52032716,Female,11th grade
0.0,97.22669383,Female,11th grade
0.0,83.4914366,Male,11th grade
5.0,73.71563971,Male,11th grade
6.0,90.70856779,Male,11th grade
0.0,73.74393215,Male,11th grade
3.0,73.05961868,Male,11th grade
0.0,74.71972579,Female,11th grade
0.0,98.57045855,Female,11th grade
0.0,86.52052376,Female,11th grade
0.0,96.04149457,Female,11th grade
7.0,95.32824266,Female,11th grade
3.0,88.6731027,Female,11th grade
7.0,93.65518174,Male,11th grade
5.0,67.61531882,Male,11th grade
7.0,58.87622836,Male,11th grade
6.0,93.99215342,Male,11th grade
5.0,17.34490983,Male,11th grade
4.0,61.81583233,Male,11th grade
0.0,48.98596485,Male,11th grade
0.0,40.5504485,Male,11th grade
2.0,64.190758,Female,11th grade
7.0,62.39033084,Female,11th grade
5.0,89.72661081,Female,11th grade
6.0,98.34173836,Female,11th grade
0.0,88.76340535,Female,11th grade
7.0,47.63991712,Male,10th grade
7.0,49.31286868,Male,10th grade
5.0,50.27447135,Male,10th grade
2.0,87.02647953,Female,10th grade
4.0,96.39550438,Female,11th grade
0.0,67.16680562,Female,10th grade
3.0,92.62027788,Male,10th grade
4.0,21.84049156,Male,10th grade
3.0,90.14559912,Male,11th grade
7.0,90.64452032,Male,11th grade
4.0,0.364670184,Male,10th grade
0.0,25.29993613,Female,10th grade
0.0,94.01746926,Female,10th grade
0.0,75.31505964,Female,11th grade
3.0,35.48942561,Female,10th grade
6.0,97.75494821,Female,10th grade
3.0,75.76621161,Female,10th grade
6.0,61.78523973,Female,10th grade
7.0,17.93321779,Male,12th grade
1.0,16.31431911,Female,12th grade
7.0,86.58677976,Male,12th grade
7.0,14.80529816,Male,12th grade
3.0,74.41919519,Male,12th grade
7.0,81.40235683,Male,12th grade
0.0,90.445849,Male,12th grade
4.0,74.0489888,Male,12th grade
7.0,23.32766848,Male,12th grade
7.0,44.95735327,Male,12th grade
0.0,30.69589607,Female,12th grade
6.0,46.60251916,Female,12th grade
7.0,36.04892235,Female,12th grade
1.0,18.46382222,Female,12th grade
0.0,77.20364961,Female,12th grade
4.0,57.60270767,Female,12th grade
5.0,26.6755441,Female,12th grade
6.0,78.1614252,Female,12th grade
0.0,42.28388655,Female,12th grade
0.0,80.25071672,Female,12th grade
3.0,20.6206999,Female,12th grade
6.0,37.25949068,Female,12th grade
3.0,89.17048644,Female,12th grade
1.0,96.44223026,Female,12th grade
6.0,36.56155956,Female,12th grade
6.0,81.02041569,Female,12th grade
7.0,74.23946269,Female,11th grade
5.0,81.05083763,Male,11th grade
7.0,94.23581671,Male,11th grade
3.0,90.68842461,Female,11th grade
3.0,69.77678882,Male,11th grade
5.0,68.83070878,Male,11th grade
6.0,72.98083347,Female,11th grade
0.0,85.96959804,Female,11th grade
2.0,62.39033084,Female,11th grade
0.0,62.97929123,Female,11th grade
2.0,30.28405624,Female,11th grade
6.0,84.28101485,Female,11th grade
0.0,84.51397897,Male,11th grade
6.0,81.79406606,Male,11th grade
4.0,53.6985542,Male,11th grade
2.0,78.66079606,Female,11th grade
5.0,69.77678882,Male,11th grade
0.0,3.163642944,Male,11th grade
0.0,33.01207454,Female,10th grade
5.0,40.85194501,Female,10th grade
2.0,61.87699019,Female,10th grade
1.0,43.74033114,Female,10th grade
7.0,93.85224358,Female,10th grade
0.0,20.16159882,Female,10th grade
4.0,2.73495916,Female,10th grade
4.0,26.20415662,Female,10th grade
7.0,83.78124349,Female,10th grade
4.0,55.06915825,Male,10th grade
0.0,74.42424318,Male,10th grade
0.0,58.167767,Male,10th grade
6.0,54.76825471,Male,10th grade
1.0,56.67898027,Male,10th grade
7.0,51.77995186,Male,10th grade
1.0,96.59984902,Male,10th grade
7.0,58.87622836,Male,10th grade
4.0,72.36104809,Male,10th grade
2.0,95.78741386,Male,10th grade
6.0,7.907875242,Female,9th grade
5.0,90.10487342,Male,9th grade
5.0,51.00040934,Male,9th grade
7.0,73.87758954,Male,9th grade
7.0,13.37560078,Male,9th grade
3.0,77.77116511,Male,9th grade
5.0,23.90166614,Female,9th grade
1.0,39.31802402,Male,9th grade
7.0,63.74374862,Female,9th grade
4.0,54.04141112,Female,9th grade
5.0,80.3927078,Male,9th grade
6.0,20.46953227,Female,9th grade
7.0,62.23219402,Male,9th grade
1.0,93.9072722,Male,9th grade
0.0,59.02079621,Female,9th grade
7.0,0.006768919,Female,9th grade
6.0,77.76856155,Male,9th grade
7.0,88.17235737,Male,9th grade
0.0,45.94631988,Female,9th grade
4.0,26.55639437,Female,9th grade
3.0,19.47297454,Female,12th grade
6.0,69.13085778,Male,12th grade
0.0,53.02162601,Female,12th grade
0.0,36.42796633,Female,12th grade
2.0,92.37168878,Female,12th grade
1.0,80.60383865,Female,12th grade
0.0,41.5155192,Female,12th grade
5.0,32.04763915,Female,12th grade
3.0,39.07339722,Female,12th grade
4.0,87.00265796,Female,12th grade
2.0,70.81674648,Male,12th grade
5.0,79.52427005,Male,12th grade
7.0,80.47617765,Male,12th grade
5.0,23.32766848,Male,12th grade
7.0,74.41919519,Male,12th grade
1.0,99.46839066,Male,12th grade
7.0,70.2948453,Male,12th grade
0.0,40.44798394,Male,12th grade
7.0,87.89933447,Male,12th grade
0.0,44.91365764,Male,12th grade
5.0,92.1853654,Male,12th grade
3.0,60.76861032,Male,12th grade
5.0,92.16826247,Male,12th grade
3.0,5.844247261,Female,10th grade
3.0,68.87086388,Male,10th grade
2.0,56.31514778,Male,10th grade
2.0,35.5438073,Male,10th grade
2.0,90.06979532,Male,10th grade
7.0,30.75861295,Male,10th grade
5.0,51.61765844,Male,10th grade
3.0,32.35454194,Male,10th grade
7.0,52.41347462,Male,11th grade
5.0,92.26251615,Male,10th grade
5.0,7.032419398,Male,10th grade
2.0,30.97488641,Female,10th grade
4.0,22.82347931,Female,10th grade
2.0,37.38570424,Female,10th grade
0.0,91.80020265,Female,10th grade
3.0,47.52350758,Female,10th grade
0.0,97.17532506,Female,10th grade
0.0,69.91124718,Female,11th grade
2.0,51.32765319,Female,10th grade
2.0,11.72203035,Female,10th grade
7.0,73.17599591,Female,10th grade
0.0,58.06394871,Female,10th grade
0.0,98.75339996,Female,10th grade
7.0,49.28651193,Female,10th grade
5.0,13.05973687,Female,10th grade
3.0,28.36149003,Female,10th grade
7.0,32.2978179,Male,11th grade
7.0,98.35931481,Male,11th grade
3.0,29.7578994,Female,11th grade
0.0,93.80678317,Female,11th grade
7.0,38.18531901,Male,12th grade
0.0,38.68988246,Female,11th grade
3.0,89.0955475,Female,11th grade
0.0,41.98150796,Female,11th grade
0.0,66.08825915,Female,11th grade
0.0,82.78836576,Female,11th grade
0.0,21.80091321,Female,11th grade
0.0,49.28651193,Female,11th grade
0.0,67.16680562,Female,11th grade
3.0,34.10784442,Male,11th grade
6.0,31.36830176,Male,12th grade
6.0,45.16626978,Male,11th grade
7.0,3.027341461,Male,11th grade
5.0,98.86426475,Male,11th grade
1.0,94.06597749,Male,11th grade
2.0,34.55230954,Male,11th grade
5.0,87.3464244,Male,11th grade
5.0,82.95496038,Male,11th grade
6.0,43.7908813,Male,11th grade
5.0,83.33665428,Male,11th grade
5.0,29.42980208,Male,11th grade
2.0,96.72437097,Male,11th grade
5.0,78.83713773,Female,9th grade
3.0,89.34879347,Female,9th grade
3.0,33.65244897,Female,9th grade
3.0,68.47284867,Female,9th grade
0.0,98.98268561,Female,9th grade
0.0,78.01416162,Female,9th grade
4.0,56.12271161,Female,9th grade
2.0,38.19668196,Female,9th grade
7.0,25.58698142,Female,9th grade
2.0,30.98255809,Female,10th grade
4.0,36.97561899,Male,9th grade
0.0,39.33113427,Male,9th grade
3.0,61.74825041,Male,9th grade
6.0,55.62821787,Male,9th grade
2.0,53.24794021,Male,9th grade
0.0,93.85646466,Male,9th grade
7.0,64.02279417,Male,9th grade
4.0,65.2420533,Male,9th grade
7.0,26.1049264,Male,9th grade
1.0,26.38837509,Male,9th grade
0.0,94.65708955,Male,9th grade
7.0,6.027926572,Male,9th grade
5.0,97.30672532,Male,9th grade
7.0,27.00314433,Male,9th grade
6.0,45.51776657,Male,9th grade
0.0,45.98732433,Male,9th grade
5.0,63.30381582,Male,9th grade
1.0,96.18504314,Male,9th grade
3.0,23.68951218,Male,9th grade
7.0,43.30369499,Male,12th grade
7.0,99.74069637,Male,11th grade
7.0,48.98596485,Male,12th grade
5.0,36.3201391,Male,12th grade
5.0,76.72045861,Female,12th grade
2.0,51.7428672,Male,12th grade
7.0,13.08187583,Male,12th grade
3.0,26.3552187,Male,12th grade
5.0,92.48084439,Male,12th grade
6.0,78.26789871,Male,12th grade
7.0,62.71354329,Male,12th grade
4.0,79.92192149,Male,11th grade
3.0,99.28032188,Male,12th grade
3.0,75.2628239,Male,11th grade
6.0,73.89402899,Male,11th grade
2.0,60.51961267,Female,12th grade
7.0,46.60251916,Female,12th grade
4.0,19.03058741,Male,11th grade
6.0,26.04781219,Male,11th grade
1.0,87.51636498,Male,11th grade
7.0,63.10741439,Male,12th grade
2.0,87.29843376,Male,12th grade
3.0,90.55383582,Male,12th grade
0.0,66.54483144,Male,11th grade
3.0,55.79291405,Male,11th grade
7.0,59.36187206,Male,12th grade
7.0,83.8443561,Male,12th grade
7.0,98.10020721,Male,12th grade
5.0,54.63077194,Male,11th grade
7.0,82.81974763,Male,12th grade
7.0,21.94992936,Male,12th grade
2.0,87.97639476,Male,12th grade
7.0,92.48084439,Male,12th grade
0.0,58.69524984,Female,12th grade
1.0,82.389679,Female,10th grade
0.0,21.293857,Female,10th grade
5.0,28.47427465,Male,10th grade
1.0,48.66934789,Male,10th grade
2.0,86.60972573,Male,10th grade
0.0,1.726900972,Male,10th grade
4.0,90.64350563,Male,10th grade
3.0,87.8987,Male,10th grade
2.0,98.13855509,Male,10th grade
2.0,70.28143034,Male,10th grade
5.0,84.4582919,Male,10th grade
0.0,87.37254389,Male,10th grade
4.0,74.74124853,Male,10th grade
1.0,59.82968984,Male,10th grade
5.0,69.88257682,Female,10th grade
0.0,15.29507487,Female,10th grade
1.0,25.9046623,Female,10th grade
3.0,12.67495059,Female,10th grade
7.0,0.465744534,Female,10th grade
4.0,65.45070989,Female,10th grade
5.0,72.08322728,Female,10th grade
2.0,13.19742369,Female,10th grade
0.0,5.125120423,Female,10th grade
0.0,42.9070731,Female,10th grade
1.0,95.48360779,Female,10th grade
4.0,70.59134372,Female,10th grade
2.0,87.55552706,Female,10th grade
4.0,50.78124507,Female,10th grade
1.0,20.13123816,Female,10th grade
3.0,76.59777271,Female,10th grade
2.0,79.94321014,Female,10th grade
5.0,53.96737126,Female,10th grade
6.0,74.23946269,Female,10th grade
5.0,52.55947074,Female,10th grade
4.0,61.32131796,Female,10th grade
1.0,35.43738756,Female,10th grade
0.0,28.91092809,Female,10th grade
5.0,18.67189653,Female,10th grade
4.0,89.52466745,Female,10th grade
1.0,30.61256779,Female,10th grade
2.0,73.97695278,Male,12th grade
3.0,92.72607031,Male,12th grade
3.0,92.29468816,Male,12th grade
0.0,3.72e-09,Male,12th grade
0.0,35.20622619,Male,12th grade
7.0,77.85531727,Male,11th grade
1.0,15.29718496,Female,12th grade
7.0,86.03629312,Male,11th grade
6.0,57.57312174,Male,12th grade
7.0,48.98596485,Male,11th grade
0.0,15.53240804,Female,12th grade
5.0,68.32870413,Male,12th grade
7.0,69.77678882,Male,12th grade
3.0,29.49477761,Male,12th grade
7.0,79.67120611,Male,11th grade
0.0,41.5155192,Female,12th grade
6.0,83.83716201,Male,11th grade
4.0,94.79049664,Male,11th grade
6.0,10.0980018,Male,12th grade
5.0,81.73093016,Male,11th grade
4.0,80.59668985,Male,11th grade
0.0,80.97504778,Male,11th grade
7.0,71.77650233,Male,12th grade
2.0,51.57061646,Male,12th grade
5.0,74.97339737,Female,9th grade
0.0,78.31747374,Male,9th grade
2.0,93.8867959,Male,9th grade
3.0,61.73415715,Male,9th grade
1.0,21.63321504,Female,9th grade
1.0,98.83229328,Female,9th grade
6.0,67.02760826,Male,9th grade
1.0,1.827930997,Male,9th grade
4.0,66.68729588,Male,9th grade
1.0,96.01314028,Male,9th grade
5.0,31.08786145,Male,9th grade
2.0,10.67598675,Female,9th grade
5.0,85.9657027,Female,9th grade
0.0,70.84066228,Female,9th grade
5.0,85.94819628,Male,9th grade
1.0,21.45872612,Male,9th grade
4.0,96.6144673,Female,9th grade
0.0,47.7153177,Male,9th grade
6.0,47.50952011,Male,9th grade
7.0,69.15980796,Male,9th grade
6.0,61.71262234,Male,9th grade
5.0,49.78650358,Female,9th grade
2.0,14.38794383,Female,9th grade
6.0,47.28464354,Male,9th grade
0.0,57.43872869,Female,9th grade
7.0,66.27569222,Male,9th grade
4.0,28.54864874,Female,9th grade
4.0,72.15157479,Male,9th grade
2.0,4.846548785,Male,9th grade
3.0,69.5988229,Male,9th grade
1.0,97.05875281,Male,9th grade
2.0,60.25938216,Male,9th grade
6.0,89.52466745,Female,9th grade
7.0,78.9594291,Male,9th grade
0.0,98.04566662,Female,10th grade
4.0,98.13004196,Female,10th grade
0.0,9.353982255,Female,10th grade
1.0,78.49593958,Male,10th grade
2.0,60.50842316,Male,10th grade
3.0,69.90936567,Female,10th grade
3.0,37.86086693,Female,10th grade
0.0,24.37249185,Female,10th grade
4.0,74.22155378,Female,10th grade
7.0,23.65339914,Female,10th grade
7.0,53.96737126,Female,10th grade
4.0,40.55138048,Female,10th grade
6.0,40.79455963,Female,10th grade
1.0,71.98123934,Female,10th grade
5.0,66.99718709,Female,10th grade
6.0,47.52350758,Female,10th grade
6.0,50.280802,Female,10th grade
7.0,99.53623348,Male,10th grade
1.0,98.60730006,Male,10th grade
6.0,92.62027788,Male,10th grade
0.0,28.65543817,Male,10th grade
7.0,70.24465288,Male,10th grade
2.0,48.66934789,Male,10th grade
2.0,14.40031342,Male,10th grade
6.0,35.66865835,Female,10th grade
1.0,62.18797285,Female,12th grade
4.0,56.72044489,Female,12th grade
4.0,37.60087813,Female,12th grade
6.0,35.48539341,Female,12th grade
0.0,99.39565843,Male,12th grade
2.0,10.4345235,Male,12th grade
7.0,52.12369341,Male,12th grade
4.0,37.59782411,Male,12th grade
7.0,76.09828891,Male,12th grade
3.0,95.36826172,Male,12th grade
7.0,33.17546115,Male,12th grade
3.0,84.62919716,Male,12th grade
6.0,68.17556258,Male,12th grade
7.0,75.2628239,Male,12th grade
0.0,45.29941242,Male,12th grade
1.0,23.32766848,Male,12th grade
7.0,54.236927,Male,12th grade
2.0,74.45590053,Male,12th grade
4.0,70.11393651,Female,12th grade
4.0,49.07165942,Female,12th grade
1.0,21.08701585,Female,12th grade
3.0,95.74178272,Female,12th grade
2.0,98.57239439,Female,12th grade
3.0,67.15545224,Female,12th grade
2.0,48.05850021,Female,12th grade
2.0,11.97711072,Female,12th grade
0.0,52.55947074,Female,9th grade
7.0,53.96737126,Female,9th grade
1.0,79.68910751,Female,9th grade
5.0,67.95392435,Female,9th grade
4.0,1.952437721,Female,9th grade
1.0,45.26674712,Female,9th grade
7.0,91.66386894,Female,9th grade
1.0,17.74504799,Female,10th grade
7.0,53.96737126,Female,9th grade
0.0,59.66409628,Female,9th grade
4.0,37.86086693,Female,9th grade
5.0,53.96737126,Female,9th grade
0.0,97.43899555,Female,9th grade
1.0,35.43738756,Female,9th grade
7.0,47.52350758,Female,9th grade
7.0,59.66409628,Female,9th grade
2.0,99.11437844,Female,9th grade
4.0,45.33714908,Female,9th grade
0.0,70.42286025,Male,9th grade
6.0,15.09582517,Male,9th grade
0.0,83.38854727,Male,9th grade
7.0,70.83973772,Male,9th grade
3.0,87.14410018,Male,9th grade
6.0,39.48701713,Male,9th grade
4.0,59.41356498,Male,9th grade
1.0,71.24031837,Male,9th grade
3.0,69.13113635,Male,9th grade
0.0,96.23617059,Male,9th grade
0.0,31.54545269,Male,9th grade
2.0,67.04361636,Male,10th grade
3.0,59.65366863,Male,9th grade
5.0,63.84716861,Female,9th grade
5.0,87.16521278,Male,11th grade
7.0,1.40030369,Male,11th grade
7.0,51.7428672,Male,11th grade
6.0,82.9105435,Male,11th grade
0.0,98.65022745,Male,11th grade
4.0,87.39539654,Male,11th grade
2.0,3.961497341,Male,11th grade
2.0,99.35762909,Male,11th grade
2.0,88.42538193,Male,11th grade
7.0,47.75711216,Male,11th grade
7.0,58.93820481,Male,11th grade
5.0,20.75904023,Female,11th grade
5.0,67.12889615,Female,11th grade
0.0,47.57670396,Female,11th grade
3.0,67.16680562,Female,11th grade
2.0,77.04936127,Female,11th grade
3.0,74.23946269,Female,11th grade
7.0,23.65339914,Female,11th grade
3.0,47.49270385,Female,11th grade
1.0,83.65146996,Female,11th grade
2.0,41.64225082,Female,11th grade
0.0,96.21000485,Female,11th grade
0.0,98.57693347,Male,12th grade
0.0,71.04047181,Male,12th grade
3.0,62.71354329,Male,12th grade
1.0,90.445849,Male,12th grade
2.0,83.83716201,Male,12th grade
0.0,99.28624069,Male,12th grade
1.0,92.10805787,Male,12th grade
0.0,68.85850245,Male,12th grade
2.0,14.65283658,Male,12th grade
6.0,23.56629787,Male,12th grade
7.0,72.30226596,Male,12th grade
0.0,99.10797503,Male,10th grade
3.0,67.1343223,Male,10th grade
5.0,83.59949632,Male,10th grade
6.0,96.59544979,Male,10th grade
0.0,25.54426508,Male,10th grade
0.0,92.04190884,Male,10th grade
0.0,90.37184496,Male,10th grade
2.0,95.1818145,Male,10th grade
7.0,76.61594979,Male,10th grade
7.0,65.06251814,Male,10th grade
0.0,86.00972589,Male,10th grade
5.0,66.88800531,Male,9th grade
6.0,58.96570164,Male,9th grade
0.0,8.562650114,Male,9th grade
2.0,69.50735514,Male,9th grade
7.0,80.45814115,Male,9th grade
4.0,86.76286104,Male,9th grade
5.0,84.4582919,Male,9th grade
2.0,99.40401672,Male,9th grade
6.0,34.20904036,Male,9th grade
6.0,65.35196241,Male,9th grade
3.0,63.79345154,Male,9th grade
6.0,39.68746738,Male,9th grade
6.0,16.46165604,Male,9th grade
2.0,99.16331374,Male,11th grade
2.0,96.82674473,Male,11th grade
3.0,76.41320295,Male,11th grade
0.0,62.41050615,Male,11th grade
1.0,97.91458622,Male,11th grade
2.0,93.57527412,Male,11th grade
5.0,54.76825471,Male,11th grade
1.0,58.87622836,Male,11th grade
0.0,96.02199137,Male,11th grade
2.0,60.66321529,Male,11th grade
7.0,99.5863426,Male,11th grade
3.0,90.64452032,Male,11th grade
4.0,92.43406491,Male,11th grade
1.0,86.63046297,Male,11th grade
5.0,58.87622836,Male,11th grade
4.0,47.9840088,Male,11th grade
4.0,94.58699394,Male,10th grade
5.0,52.16728949,Male,10th grade
0.0,95.58384077,Male,10th grade
5.0,97.02213328,Male,10th grade
3.0,25.66497134,Male,10th grade
6.0,99.81953982,Male,10th grade
0.0,70.1846005,Male,10th grade
1.0,77.27245919,Male,10th grade
4.0,70.98914018,Male,12th grade
0.0,56.0248962,Male,10th grade
7.0,66.78441167,Male,10th grade
5.0,83.59949632,Male,10th grade
7.0,84.41178425,Male,10th grade
2.0,87.25071452,Male,10th grade
5.0,87.89933447,Male,12th grade
5.0,17.15405869,Male,12th grade
7.0,87.87854754,Male,12th grade
6.0,86.58677976,Male,12th grade
5.0,71.7892736,Male,12th grade
0.0,98.53601962,Male,12th grade
4.0,87.3464244,Male,12th grade
0.0,45.1520129,Male,12th grade
0.0,60.47945217,Male,12th grade
5.0,60.47945217,Male,12th grade
5.0,83.83716201,Male,12th grade
0.0,55.79291405,Male,12th grade
2.0,74.88770856,Male,12th grade
7.0,91.93597549,Male,12th grade
1.0,58.8744133,Female,10th grade
2.0,33.66779009,Female,10th grade
3.0,43.53539984,Female,10th grade
4.0,97.86343961,Male,10th grade
7.0,66.76021312,Male,10th grade
5.0,71.8600337,Male,10th grade
6.0,58.96570164,Male,10th grade
5.0,97.42544743,Male,10th grade
0.0,17.54872121,Male,10th grade
7.0,87.37254389,Male,10th grade
3.0,71.24517665,Female,10th grade
4.0,62.47075585,Female,10th grade
0.0,62.95970228,Female,10th grade
2.0,89.01623617,Female,10th grade
0.0,76.31024948,Female,10th grade
0.0,95.43893776,Female,10th grade
1.0,53.01344219,Female,10th grade
2.0,57.31734359,Female,10th grade
6.0,63.18796467,Female,12th grade
0.0,93.01064782,Female,12th grade
0.0,91.49215597,Female,12th grade
1.0,65.43024833,Female,12th grade
0.0,94.71159568,Female,12th grade
5.0,18.33302569,Female,12th grade
5.0,54.64792215,Male,12th grade
3.0,87.3464244,Male,12th grade
3.0,60.47945217,Male,12th grade
6.0,94.84709336,Male,12th grade
1.0,42.05103451,Male,12th grade
6.0,57.23154694,Male,12th grade
7.0,87.3464244,Male,12th grade
2.0,2.974353394,Male,12th grade
1.0,13.05895813,Male,12th grade
5.0,29.69965869,Male,12th grade
2.0,64.55841927,Male,12th grade
0.0,99.60183928,Male,12th grade
7.0,79.37279924,Male,11th grade
1.0,47.3616047,Male,11th grade
4.0,13.58495237,Male,11th grade
0.0,89.13675181,Male,11th grade
5.0,50.74874814,Female,11th grade
2.0,92.43136828,Female,11th grade
4.0,6.915720496,Female,11th grade
0.0,94.05766279,Female,11th grade
0.0,77.88268248,Female,11th grade
0.0,96.42850179,Female,11th grade
0.0,35.48942561,Female,11th grade
0.0,57.02874133,Female,11th grade
0.0,61.77258749,Female,11th grade
0.0,19.66638439,Female,11th grade
4.0,98.31369577,Male,9th grade
1.0,61.00492226,Male,9th grade
7.0,98.86253946,Male,9th grade
7.0,75.92719998,Male,9th grade
3.0,83.81277898,Male,9th grade
1.0,73.31969158,Male,9th grade
0.0,83.06926617,Female,9th grade
0.0,92.64639674,Female,9th grade
0.0,50.280802,Female,9th grade
2.0,43.40450412,Female,9th grade
6.0,78.27296534,Female,9th grade
1.0,50.57461132,Female,9th grade
0.0,97.10558728,Female,9th grade
0.0,56.95841633,Female,9th grade
0.0,93.79543511,Female,10th grade
1.0,71.28169648,Female,9th grade
6.0,90.00057,Female,9th grade
0.0,98.50877172,Female,9th grade
5.0,52.93975746,Female,9th grade
7.0,62.75875953,Male,9th grade
7.0,95.80634472,Male,9th grade
2.0,29.08833714,Male,9th grade
1.0,88.37481573,Female,9th grade
6.0,96.89394797,Female,9th grade
3.0,88.47985603,Female,9th grade
0.0,22.13344692,Female,9th grade
3.0,98.32881877,Female,9th grade
2.0,73.67631258,Female,12th grade
0.0,76.77275392,Female,12th grade
0.0,21.34001702,Female,12th grade
7.0,85.71224216,Female,12th grade
0.0,95.00879807,Female,12th grade
0.0,59.20436934,Female,12th grade
1.0,21.08701585,Female,12th grade
3.0,98.11904317,Female,12th grade
0.0,5.086495135,Female,12th grade
7.0,63.94021415,Male,12th grade
7.0,33.83135098,Male,12th grade
4.0,55.80107617,Male,12th grade
6.0,88.52541065,Male,12th grade
5.0,89.6840555,Male,12th grade
2.0,92.6891161,Male,12th grade
0.0,17.13053094,Male,10th grade
1.0,91.35221412,Male,10th grade
4.0,86.17092387,Male,10th grade
5.0,47.9840088,Male,10th grade
7.0,64.26150224,Male,10th grade
7.0,99.19735127,Male,10th grade
7.0,26.68936925,Male,10th grade
3.0,95.50889982,Female,10th grade
0.0,38.4571486,Female,10th grade
0.0,78.35309341,Female,10th grade
2.0,47.57670396,Female,10th grade
4.0,85.48805015,Female,10th grade
0.0,87.87850996,Female,10th grade
1.0,21.80091321,Female,10th grade
7.0,97.23423628,Female,10th grade
5.0,71.88874208,Female,10th grade
4.0,87.48967496,Male,11th grade
3.0,98.88068789,Male,11th grade
3.0,84.99585684,Male,11th grade
2.0,91.7723057,Male,11th grade
0.0,63.81111277,Female,11th grade
0.0,97.82278208,Female,11th grade
0.0,90.34205382,Female,11th grade
0.0,62.21357175,Female,11th grade
0.0,20.6206999,Female,11th grade
5.0,31.95457566,Male,11th grade
1.0,89.53706561,Male,11th grade
1.0,43.18972253,Male,11th grade
3.0,68.98660927,Male,11th grade
4.0,55.56946877,Male,11th grade
0.0,94.18128667,Female,11th grade
6.0,38.60495566,Female,11th grade
0.0,62.45929785,Female,11th grade
5.0,51.29024652,Female,11th grade
2.0,84.50475698,Female,11th grade
1.0,95.34309976,Female,12th grade
5.0,98.83048713,Female,11th grade
7.0,98.21904951,Female,11th grade
5.0,78.15995475,Male,11th grade
7.0,45.82424345,Male,10th grade
5.0,6.550834406,Male,11th grade
7.0,85.93465272,Male,11th grade
3.0,64.3505125,Male,11th grade
0.0,53.9997225,Male,11th grade
2.0,0.008377636,Male,12th grade
5.0,95.38126273,Male,11th grade
7.0,61.00492226,Male,10th grade
5.0,90.51467987,Male,11th grade
0.0,23.69329413,Male,11th grade
4.0,8.872856689,Male,10th grade
3.0,82.29706707,Male,11th grade
5.0,91.87246689,Male,11th grade
4.0,96.82674473,Male,10th grade
7.0,91.1233667,Male,11th grade
2.0,26.14959455,Male,9th grade
6.0,69.47510881,Male,9th grade
7.0,73.77661547,Male,9th grade
6.0,96.98186719,Male,9th grade
4.0,78.34535674,Male,9th grade
7.0,69.87171391,Female,9th grade
2.0,75.19502904,Female,9th grade
2.0,32.49797332,Female,9th grade
1.0,67.21733084,Female,9th grade
1.0,57.42808938,Female,9th grade
0.0,97.11031481,Female,9th grade
0.0,15.52806328,Female,9th grade
5.0,87.55552706,Female,9th grade
7.0,15.52806328,Female,9th grade
0.0,97.80553512,Female,9th grade
2.0,54.81893823,Female,9th grade
5.0,47.27609887,Female,9th grade
3.0,22.1204249,Male,12th grade
7.0,94.72887813,Male,Other
0.0,72.03344585,Male,12th grade
1.0,88.13348835,Male,12th grade
2.0,10.71269185,Male,12th grade
7.0,82.29706707,Male,12th grade
4.0,11.36765591,Male,12th grade
5.0,26.53569654,Female,12th grade
4.0,87.80388484,Female,12th grade
1.0,1.885574364,Female,12th grade
0.0,83.09080929,Female,11th grade
0.0,81.02041569,Female,12th grade
0.0,94.64554346,Female,12th grade
2.0,95.59023937,Female,12th grade
0.0,20.75904023,Female,12th grade
0.0,74.58652474,Female,12th grade
0.0,26.06924461,Female,12th grade
5.0,85.0778139,Female,12th grade
2.0,79.66153065,Female,12th grade
3.0,90.83184734,Female,10th grade
0.0,69.88557207,Female,10th grade
5.0,45.17144028,Female,10th grade
6.0,96.96335469,Male,10th grade
7.0,84.41178425,Male,10th grade
1.0,81.4080139,Male,10th grade
0.0,93.98925052,Male,10th grade
7.0,48.98596485,Male,10th grade
2.0,74.74124853,Male,10th grade
5.0,75.23984427,Male,10th grade
6.0,89.74113165,Male,11th grade
5.0,36.8619196,Male,10th grade
7.0,66.95017509,Male,10th grade
3.0,70.6224724,Male,10th grade
3.0,30.05780971,Male,10th grade
7.0,17.61193643,Male,12th grade
5.0,86.46995254,Male,12th grade
0.0,59.36187206,Male,12th grade
7.0,10.71269185,Male,12th grade
0.0,14.63758165,Male,12th grade
4.0,78.31570259,Male,12th grade
5.0,88.17445486,Male,12th grade
1.0,10.90589105,Female,12th grade
0.0,38.60495566,Female,12th grade
0.0,65.56463771,Female,12th grade
2.0,32.04763915,Female,12th grade
6.0,87.51636498,Male,12th grade
4.0,98.27574094,Male,12th grade
7.0,68.13816439,Male,12th grade
0.0,53.32509373,Female,12th grade
5.0,83.70656699,Male,12th grade
0.0,96.33023876,Male,12th grade
7.0,18.09721231,Male,12th grade
4.0,55.79291405,Male,12th grade
5.0,98.10020721,Male,12th grade
3.0,26.06924461,Female,12th grade
0.0,93.51033526,Female,12th grade
2.0,66.62027906,Female,12th grade
5.0,87.0929914,Male,10th grade
7.0,86.65090397,Male,10th grade
1.0,86.74519316,Male,10th grade
4.0,17.71649199,Male,10th grade
1.0,58.167767,Male,10th grade
0.0,42.90537454,Female,10th grade
5.0,46.07997675,Female,10th grade
4.0,54.40819125,Male,10th grade
4.0,98.76650545,Male,10th grade
3.0,69.17629728,Male,10th grade
0.0,54.36682368,Male,10th grade
7.0,21.67031209,Male,10th grade
3.0,81.5523064,Male,10th grade
3.0,52.12369341,Male,10th grade
3.0,65.02133515,Female,10th grade
2.0,67.48018081,Female,10th grade
3.0,46.07997675,Female,10th grade
0.0,40.43646118,Female,10th grade
1.0,46.48345897,Female,10th grade
1.0,62.32337542,Female,10th grade
6.0,67.35690955,Female,10th grade
0.0,87.55552706,Female,10th grade
7.0,15.95140216,Male,9th grade
4.0,97.65709632,Male,9th grade
7.0,99.46013039,Male,9th grade
7.0,81.84609896,Male,9th grade
1.0,94.96319001,Male,9th grade
1.0,84.34610709,Female,9th grade
3.0,10.74991568,Female,9th grade
6.0,42.54722762,Female,9th grade
5.0,92.76540444,Female,9th grade
0.0,67.50042545,Female,9th grade
5.0,89.14379405,Male,9th grade
7.0,63.80400179,Male,9th grade
4.0,98.81450204,Male,11th grade
7.0,40.42179003,Male,11th grade
5.0,7.097946712,Female,11th grade
1.0,35.33010211,Female,11th grade
7.0,71.86076545,Female,11th grade
4.0,27.25450767,Male,11th grade
0.0,28.59861823,Male,11th grade
3.0,8.934316669,Male,11th grade
0.0,51.05664155,Female,11th grade
0.0,82.389679,Female,11th grade
3.0,86.44425669,Female,11th grade
4.0,72.08322728,Female,11th grade
4.0,81.37814313,Male,11th grade
1.0,1.880128952,Male,11th grade
7.0,53.56656078,Male,11th grade
0.0,45.29941242,Male,12th grade
5.0,83.57086706,Male,11th grade
0.0,55.93203647,Female,11th grade
7.0,98.67993506,Male,11th grade
6.0,96.39064078,Male,11th grade
5.0,97.60681416,Male,9th grade
2.0,90.17639273,Male,9th grade
7.0,63.80400179,Male,9th grade
1.0,30.10853564,Male,9th grade
7.0,84.4582919,Male,9th grade
7.0,33.85803965,Male,9th grade
2.0,61.12841374,Male,9th grade
7.0,47.58837238,Female,9th grade
1.0,96.5329539,Female,9th grade
0.0,83.22082473,Female,9th grade
3.0,48.82355055,Female,9th grade
0.0,48.23109301,Female,9th grade
1.0,84.03120163,Male,9th grade
7.0,71.98950536,Female,9th grade
7.0,20.85281344,Male,9th grade
7.0,58.13000792,Male,9th grade
6.0,36.19686746,Male,9th grade
7.0,19.85959677,Male,9th grade
2.0,60.75872902,Female,9th grade
7.0,24.20501231,Female,9th grade
6.0,43.53539984,Female,9th grade
5.0,77.95096361,Female,9th grade
3.0,53.96737126,Female,9th grade
7.0,45.87527465,Female,9th grade
3.0,85.49414996,Female,11th grade
3.0,76.31024948,Female,11th grade
1.0,85.37984953,Female,11th grade
3.0,46.57601987,Female,11th grade
0.0,90.74861503,Female,11th grade
1.0,56.12875598,Female,11th grade
5.0,73.99784099,Female,11th grade
6.0,52.22408981,Female,11th grade
3.0,46.60251916,Female,11th grade
3.0,38.18531901,Male,11th grade
1.0,40.69479916,Male,11th grade
5.0,51.57969595,Male,11th grade
6.0,41.49272193,Male,11th grade
0.0,49.63757589,Male,11th grade
1.0,93.41714885,Male,11th grade
3.0,95.79080965,Male,11th grade
7.0,51.72230403,Male,11th grade
7.0,64.18957538,Male,11th grade
7.0,58.62211115,Male,11th grade
0.0,31.37223778,Male,12th grade
5.0,59.36187206,Male,12th grade
0.0,98.06647645,Male,12th grade
7.0,65.99443629,Male,12th grade
3.0,52.05919311,Male,12th grade
5.0,48.61492211,Male,12th grade
1.0,54.64792215,Male,12th grade
1.0,64.02636095,Male,12th grade
4.0,99.07673276,Male,12th grade
4.0,93.5206906,Male,12th grade
6.0,11.79596595,Male,12th grade
1.0,29.69965869,Male,12th grade
4.0,46.01991841,Male,12th grade
5.0,72.98083347,Female,12th grade
1.0,22.86186612,Female,12th grade
0.0,6.552161061,Female,12th grade
2.0,80.60383865,Female,12th grade
0.0,12.03046883,Female,12th grade
0.0,4.896787058,Female,12th grade
1.0,91.43711707,Female,12th grade
0.0,84.60145534,Male,12th grade
0.0,69.69082794,Male,12th grade
4.0,62.71354329,Male,12th grade
7.0,73.46695264,Female,12th grade
6.0,76.1728684,Female,12th grade
7.0,73.34615457,Female,12th grade
6.0,26.68403934,Female,12th grade
0.0,39.62479013,Female,12th grade
0.0,29.93458107,Female,12th grade
6.0,64.94375303,Female,12th grade
3.0,65.43024833,Female,12th grade
7.0,19.12650374,Female,12th grade
3.0,80.97504778,Male,10th grade
0.0,54.36795158,Male,10th grade
4.0,94.81601353,Male,10th grade
4.0,64.35810075,Male,10th grade
7.0,58.18521241,Male,10th grade
0.0,89.52466745,Female,10th grade
0.0,23.65339914,Female,10th grade
3.0,22.00897479,Female,10th grade
7.0,87.96800731,Male,10th grade
7.0,63.80400179,Male,10th grade
3.0,1.69182758,Male,10th grade
0.0,70.90474907,Female,10th grade
7.0,93.70593285,Female,10th grade
0.0,40.55138048,Female,10th grade
1.0,27.78101262,Female,10th grade
0.0,24.92124987,Female,10th grade
0.0,48.82355055,Female,10th grade
7.0,55.68597478,Male,10th grade
0.0,94.51177834,Male,10th grade
0.0,32.04763915,Female,12th grade
0.0,45.37329807,Female,12th grade
7.0,55.88270128,Female,12th grade
0.0,45.84835334,Female,12th grade
5.0,35.25725233,Female,12th grade
5.0,96.13778319,Male,12th grade
1.0,82.19258456,Female,12th grade
1.0,29.4673806,Female,12th grade
0.0,89.49035517,Female,12th grade
0.0,95.34309976,Female,12th grade
2.0,21.08701585,Female,12th grade
3.0,10.1266046,Female,12th grade
0.0,30.69589607,Female,12th grade
2.0,51.05664155,Female,12th grade
2.0,71.77650233,Male,12th grade
4.0,70.98914018,Male,12th grade
2.0,47.27950047,Male,12th grade
4.0,91.1916951,Male,12th grade
7.0,33.10249599,Male,12th grade
2.0,52.25342381,Male,12th grade
5.0,81.39556377,Female,9th grade
0.0,27.32900004,Female,9th grade
7.0,53.65951294,Female,9th grade
5.0,78.55466671,Female,9th grade
6.0,25.80518778,Female,9th grade
7.0,82.96083327,Female,9th grade
0.0,99.04701118,Male,9th grade
4.0,76.32444601,Male,9th grade
7.0,66.97871065,Male,9th grade
6.0,90.08387554,Male,9th grade
2.0,90.88377986,Male,9th grade
7.0,54.59226081,Female,9th grade
0.0,93.33379186,Female,9th grade
0.0,22.82347931,Female,9th grade
7.0,57.00752646,Female,9th grade
4.0,6.658598987,Male,9th grade
7.0,90.35369669,Male,9th grade
5.0,81.96841613,Male,9th grade
7.0,15.52368583,Male,9th grade
4.0,68.46914024,Male,9th grade
7.0,53.24794021,Male,9th grade
0.0,83.06926617,Female,10th grade
0.0,44.29519256,Female,10th grade
4.0,46.48345897,Female,10th grade
0.0,51.28932037,Female,10th grade
7.0,63.80149613,Female,10th grade
7.0,41.9402773,Male,10th grade
4.0,95.26783193,Male,10th grade
6.0,91.47307317,Male,10th grade
5.0,58.8744133,Female,10th grade
3.0,44.29519256,Female,10th grade
4.0,79.81648603,Female,10th grade
5.0,62.18674919,Female,10th grade
5.0,44.35698162,Female,10th grade
7.0,50.11797826,Female,10th grade
0.0,71.44508093,Female,10th grade
6.0,63.43400792,Male,10th grade
7.0,90.51467987,Male,10th grade
4.0,95.1818145,Male,10th grade
7.0,65.06251814,Male,10th grade
5.0,73.71563971,Male,10th grade
7.0,72.40258838,Male,10th grade
3.0,64.26150224,Male,10th grade
7.0,98.1399927,Male,10th grade
0.0,14.37822027,Female,11th grade
7.0,55.88558481,Male,11th grade
7.0,92.07589905,Male,11th grade
7.0,90.83545252,Male,11th grade
7.0,63.43400792,Male,11th grade
3.0,30.75861295,Male,11th grade
5.0,84.62919716,Male,11th grade
2.0,94.06365921,Male,11th grade
7.0,78.57483463,Female,11th grade
2.0,49.47526706,Female,11th grade
2.0,70.67451976,Female,11th grade
0.0,48.70332794,Female,11th grade
0.0,38.68988246,Female,11th grade
0.0,61.78523973,Female,11th grade
0.0,57.0210877,Female,11th grade
3.0,99.26231078,Male,10th grade
2.0,88.25294834,Male,10th grade
7.0,58.56914139,Male,10th grade
7.0,94.28729221,Male,10th grade
0.0,97.54438547,Male,10th grade
7.0,98.45548413,Male,10th grade
6.0,93.26943276,Male,10th grade
0.0,66.76021312,Male,10th grade
6.0,47.9840088,Male,10th grade
7.0,63.45405946,Male,10th grade
2.0,49.63757589,Male,11th grade
6.0,73.24079093,Male,10th grade
7.0,29.15654311,Male,10th grade
7.0,97.93430209,Male,10th grade
5.0,56.79061795,Female,10th grade
2.0,92.09238408,Female,10th grade
7.0,84.61437224,Female,10th grade
5.0,74.18674572,Female,10th grade
3.0,5.526833422,Female,10th grade
4.0,92.95491985,Female,10th grade
5.0,80.10061405,Female,10th grade
5.0,25.57495635,Male,12th grade
7.0,94.08941914,Female,12th grade
2.0,40.85216047,Female,12th grade
0.0,47.49270385,Female,12th grade
0.0,85.37984953,Female,12th grade
0.0,25.70763057,Female,12th grade
3.0,82.19258456,Female,12th grade
5.0,62.69465422,Female,12th grade
1.0,33.90171182,Female,12th grade
1.0,18.46382222,Female,12th grade
7.0,77.19065117,Female,12th grade
6.0,99.13914732,Female,12th grade
2.0,14.85540624,Female,12th grade
5.0,41.98150796,Female,12th grade
5.0,92.80500857,Female,12th grade
0.0,40.66304844,Female,12th grade
5.0,63.97414542,Female,12th grade
0.0,27.98383826,Female,12th grade
1.0,60.51961267,Female,12th grade
0.0,59.44602403,Female,12th grade
0.0,37.18895874,Female,12th grade
2.0,11.66060835,Female,12th grade
7.0,73.74393215,Male,12th grade
6.0,98.81371351,Male,12th grade
4.0,71.51246478,Male,12th grade
7.0,97.91385948,Male,12th grade
2.0,67.38519263,Male,12th grade
5.0,64.78380301,Male,12th grade
7.0,30.02862565,Male,12th grade
1.0,94.77783987,Male,12th grade
5.0,80.50659742,Male,12th grade
3.0,1.427180351,Male,12th grade
0.0,73.28808125,Male,12th grade
6.0,47.27950047,Male,12th grade
0.0,98.88074689,Male,12th grade
1.0,86.28807602,Female,12th grade
7.0,33.17546115,Male,12th grade
4.0,13.56097159,Male,11th grade
3.0,96.82674473,Male,11th grade
3.0,79.92192149,Male,11th grade
7.0,86.44033934,Male,11th grade
0.0,51.7091278,Male,11th grade
7.0,24.2039299,Male,11th grade
4.0,40.5504485,Male,11th grade
0.0,42.12549278,Male,11th grade
7.0,49.76026598,Male,11th grade
0.0,95.92220406,Male,11th grade
3.0,98.50036964,Male,11th grade
0.0,97.11438355,Male,11th grade
6.0,98.72004865,Male,11th grade
0.0,43.08896674,Male,11th grade
0.0,23.08528326,Female,11th grade
3.0,93.87619898,Female,11th grade
0.0,28.59690405,Female,11th grade
0.0,81.09092045,Female,11th grade
7.0,77.19065117,Female,11th grade
0.0,80.08049978,Female,11th grade
0.0,98.28179242,Female,11th grade
1.0,75.25467178,Male,12th grade
1.0,94.25583977,Male,12th grade
6.0,31.37615111,Male,11th grade
4.0,81.25482362,Male,11th grade
1.0,92.04692796,Female,9th grade
3.0,91.6123508,Female,9th grade
4.0,37.93399836,Female,9th grade
0.0,57.42808938,Female,9th grade
1.0,17.86301794,Female,9th grade
5.0,77.08613535,Female,9th grade
4.0,98.12527971,Female,9th grade
5.0,79.08474787,Female,9th grade
1.0,97.36908003,Female,9th grade
0.0,5.844247261,Female,9th grade
1.0,77.50875462,Male,9th grade
5.0,51.12976971,Male,9th grade
1.0,79.35690895,Male,9th grade
1.0,69.47510881,Male,9th grade
5.0,62.87405109,Male,9th grade
7.0,9.146699212,Male,10th grade
3.0,72.51532623,Male,9th grade
7.0,59.65366863,Male,9th grade
2.0,92.68103481,Male,9th grade
7.0,1.102355892,Male,9th grade
7.0,47.22319469,Male,9th grade
2.0,98.23104473,Female,9th grade
7.0,73.91347781,Male,9th grade
5.0,72.89828737,Male,9th grade
2.0,99.02743624,Male,9th grade
0.0,29.93458107,Female,12th grade
1.0,40.97445028,Female,12th grade
4.0,64.73433168,Female,12th grade
0.0,53.68218412,Female,12th grade
0.0,94.27133997,Female,12th grade
0.0,62.69465422,Female,12th grade
3.0,27.21710391,Female,12th grade
2.0,99.47500235,Male,12th grade
7.0,61.12521977,Male,12th grade
5.0,68.58082347,Male,12th grade
7.0,95.19610739,Male,12th grade
0.0,99.79119733,Male,12th grade
6.0,16.27643656,Male,12th grade
5.0,60.40220895,Male,12th grade
5.0,91.89342822,Male,12th grade
4.0,95.71804948,Male,10th grade
1.0,76.41946002,Male,10th grade
4.0,76.16976792,Male,10th grade
3.0,77.31131058,Male,10th grade
2.0,72.0708302,Male,10th grade
0.0,99.03346054,Male,10th grade
5.0,96.33551746,Male,10th grade
7.0,53.24794021,Male,10th grade
7.0,68.38112974,Male,10th grade
7.0,47.13837771,Male,9th grade
7.0,73.50873326,Male,10th grade
1.0,49.68153626,Male,10th grade
0.0,98.1088027,Male,10th grade
7.0,88.99955787,Male,10th grade
3.0,48.61485744,Female,10th grade
7.0,71.56498153,Male,10th grade
1.0,89.96770983,Male,10th grade
1.0,14.4149222,Female,10th grade
3.0,49.86074291,Female,10th grade
2.0,23.90166614,Female,10th grade
1.0,96.59814222,Female,10th grade
3.0,50.11797826,Female,10th grade
1.0,73.17599591,Female,10th grade
2.0,63.74374862,Female,10th grade
3.0,56.12875598,Female,10th grade
7.0,89.78692125,Female,9th grade
7.0,77.80336579,Female,9th grade
1.0,75.39423481,Female,10th grade
0.0,27.70125092,Female,9th grade
7.0,79.92043653,Male,9th grade
5.0,80.88250689,Male,10th grade
0.0,13.40735768,Female,9th grade
1.0,67.35761931,Female,9th grade
3.0,91.91194746,Female,9th grade
5.0,36.15395902,Female,9th grade
5.0,56.0328903,Female,9th grade
1.0,68.81281941,Female,9th grade
3.0,6.797928916,Female,9th grade
2.0,27.00314433,Male,9th grade
4.0,80.3927078,Male,9th grade
5.0,98.33712352,Male,9th grade
2.0,41.63382054,Male,9th grade
3.0,83.88148292,Male,9th grade
3.0,51.61765844,Male,9th grade
0.0,95.71804948,Male,10th grade
2.0,68.28027307,Male,9th grade
6.0,97.55486968,Male,9th grade
4.0,63.8076547,Male,9th grade
2.0,99.00320271,Male,9th grade
5.0,19.43625279,Male,9th grade
7.0,66.71501558,Male,9th grade
7.0,87.43612772,Male,9th grade
3.0,5.048846836,Male,9th grade
4.0,50.22133866,Male,9th grade
4.0,59.82968984,Male,9th grade
7.0,91.80481592,Male,9th grade
4.0,50.22133866,Male,9th grade
1.0,93.54789111,Male,12th grade
7.0,15.83870002,Male,12th grade
5.0,33.10249599,Male,12th grade
3.0,96.0698293,Male,12th grade
5.0,94.87057241,Male,12th grade
3.0,89.82347469,Male,12th grade
4.0,98.08131795,Male,12th grade
5.0,84.52270324,Male,12th grade
7.0,0.536231599,Male,12th grade
2.0,54.44058283,Male,12th grade
7.0,15.91302316,Male,12th grade
6.0,31.5614485,Male,12th grade
2.0,39.55289509,Male,12th grade
6.0,73.05961868,Male,12th grade
7.0,92.43894051,Male,12th grade
5.0,44.91365764,Male,12th grade
5.0,39.55289509,Male,12th grade
7.0,92.59198524,Male,12th grade
2.0,10.90589105,Female,12th grade
3.0,93.04692328,Female,12th grade
5.0,92.23028448,Female,12th grade
3.0,62.39033084,Female,12th grade
3.0,12.36612789,Female,12th grade
0.0,6.687566565,Female,12th grade
3.0,70.40604141,Female,12th grade
0.0,24.47152508,Female,12th grade
3.0,86.65399841,Male,12th grade
7.0,38.53470375,Male,12th grade
1.0,74.16259684,Male,9th grade
1.0,92.31852205,Male,9th grade
4.0,55.41633193,Male,9th grade
0.0,87.63003201,Male,9th grade
7.0,85.82505189,Male,9th grade
4.0,79.93333423,Male,9th grade
3.0,76.61594979,Male,9th grade
4.0,12.10331267,Male,9th grade
7.0,99.08272923,Male,9th grade
6.0,96.43759959,Male,9th grade
4.0,96.39687055,Female,9th grade
5.0,95.19977655,Female,9th grade
7.0,55.49169732,Female,9th grade
4.0,78.34535674,Male,9th grade
5.0,88.35210708,Male,9th grade
3.0,46.34039738,Male,9th grade
3.0,67.73802914,Male,9th grade
0.0,87.76360369,Male,9th grade
7.0,98.541742,Male,9th grade
6.0,64.99645913,Female,9th grade
6.0,63.88776352,Female,9th grade
4.0,96.42623468,Female,9th grade
2.0,62.32337542,Female,9th grade
2.0,79.81648603,Female,9th grade
3.0,63.79127104,Female,9th grade
6.0,94.7766232,Female,9th grade
4.0,70.84066228,Female,9th grade
0.0,97.86397875,Female,9th grade
2.0,5.735872818,Male,11th grade
7.0,10.00242351,Male,11th grade
7.0,55.43852255,Male,11th grade
0.0,62.27885472,Male,11th grade
3.0,32.93493989,Female,11th grade
0.0,19.93522525,Female,11th grade
5.0,67.35690955,Female,11th grade
3.0,8.736717357,Male,10th grade
5.0,19.73341356,Male,10th grade
1.0,83.59949632,Male,10th grade
4.0,39.1170399,Male,10th grade
7.0,69.13113635,Male,10th grade
4.0,41.49272193,Male,10th grade
4.0,98.38539506,Male,10th grade
5.0,80.55410129,Male,10th grade
0.0,99.5097722,Male,10th grade
0.0,96.34581803,Female,10th grade
2.0,49.86074291,Female,10th grade
0.0,90.31734336,Female,10th grade
0.0,91.76466524,Female,10th grade
4.0,46.07997675,Female,10th grade
2.0,92.37266985,Female,10th grade
0.0,87.35443832,Female,10th grade
2.0,41.67982919,Male,10th grade
0.0,64.26150224,Male,11th grade
3.0,74.07077883,Male,11th grade
2.0,86.65399841,Male,11th grade
7.0,77.49110831,Male,11th grade
7.0,44.68713456,Male,11th grade
1.0,69.82409651,Male,11th grade
2.0,65.06251814,Male,11th grade
7.0,35.20622619,Male,11th grade
4.0,26.12873047,Female,11th grade
4.0,92.91305705,Male,11th grade
7.0,87.65979453,Male,11th grade
1.0,86.23633881,Male,11th grade
6.0,69.77678882,Male,11th grade
1.0,15.52368583,Male,11th grade
1.0,58.18521241,Male,11th grade
5.0,35.48942561,Female,11th grade
1.0,95.40421618,Female,11th grade
7.0,95.75709653,Female,11th grade
0.0,82.26307439,Female,11th grade
5.0,40.53775276,Female,11th grade
7.0,24.58722165,Female,11th grade
2.0,90.14101997,Female,11th grade
2.0,94.3336208,Female,11th grade
6.0,25.09923397,Female,11th grade
5.0,87.87850996,Female,11th grade
0.0,91.45626301,Female,11th grade
1.0,93.2482272,Male,12th grade
0.0,16.73999365,Male,11th grade
6.0,73.74393215,Male,12th grade
1.0,72.60095123,Male,12th grade
5.0,53.80555731,Male,12th grade
0.0,20.56260973,Male,12th grade
1.0,47.08338833,Male,12th grade
7.0,79.56062473,Male,12th grade
5.0,68.32870413,Male,12th grade
5.0,5.460817256,Male,12th grade
7.0,13.56097159,Male,12th grade
5.0,26.67157309,Male,12th grade
3.0,47.25298589,Female,12th grade
0.0,69.20991024,Female,12th grade
2.0,53.04799701,Female,12th grade
3.0,55.38514727,Female,12th grade
5.0,78.57310447,Female,12th grade
5.0,46.96778525,Female,12th grade
0.0,14.41009254,Female,11th grade
0.0,25.09923397,Female,12th grade
0.0,5.333037125,Female,12th grade
5.0,70.01219992,Female,12th grade
6.0,38.60495566,Female,12th grade
5.0,47.57670396,Female,10th grade
7.0,39.22259532,Female,10th grade
5.0,67.48018081,Female,10th grade
0.0,83.30380638,Female,10th grade
4.0,74.23946269,Female,10th grade
0.0,30.29728583,Female,10th grade
4.0,47.75711216,Male,10th grade
1.0,19.63535407,Male,10th grade
7.0,80.88250689,Male,10th grade
7.0,62.29315889,Male,10th grade
4.0,95.85259366,Male,10th grade
5.0,95.15545676,Male,10th grade
2.0,63.29331458,Male,10th grade
7.0,93.41714885,Male,10th grade
5.0,35.74194696,Male,10th grade
5.0,89.90289405,Female,9th grade
2.0,21.02306116,Female,10th grade
7.0,89.78692125,Female,9th grade
5.0,23.65339914,Female,10th grade
3.0,81.80727095,Female,9th grade
4.0,47.81069547,Female,9th grade
7.0,83.33936103,Male,12th grade
5.0,14.02708141,Male,9th grade
5.0,92.9182893,Male,9th grade
5.0,65.18999438,Male,9th grade
6.0,41.79514038,Male,9th grade
0.0,99.80152204,Male,9th grade
4.0,11.52267639,Male,9th grade
2.0,91.97158547,Male,10th grade
3.0,53.35115646,Male,9th grade
5.0,83.38004367,Male,10th grade
4.0,13.05973687,Female,10th grade
4.0,52.93975746,Female,10th grade
6.0,7.402370058,Female,11th grade
4.0,14.41009254,Female,10th grade
7.0,38.20450888,Female,10th grade
6.0,70.79270495,Female,11th grade
5.0,90.44548067,Female,11th grade
3.0,15.52806328,Female,10th grade
5.0,69.30817653,Female,10th grade
5.0,31.72624599,Female,10th grade
0.0,85.96959804,Female,11th grade
0.0,40.85194501,Female,10th grade
1.0,73.05961868,Male,11th grade
5.0,83.86594073,Male,10th grade
5.0,45.71374899,Male,10th grade
6.0,39.14343244,Male,10th grade
0.0,98.7263144,Male,11th grade
3.0,26.68936925,Male,10th grade
6.0,45.8140614,Male,10th grade
4.0,32.35454194,Male,11th grade
5.0,95.93407485,Male,11th grade
0.0,75.73428595,Male,11th grade
6.0,71.62358012,Male,11th grade
7.0,87.69719593,Male,11th grade
5.0,68.5660012,Male,11th grade
7.0,26.68936925,Male,11th grade
3.0,88.26731787,Male,10th grade
4.0,38.52844039,Male,11th grade
7.0,68.33176627,Male,10th grade
6.0,87.46561902,Male,10th grade
5.0,16.00966847,Male,11th grade
1.0,41.90479909,Female,9th grade
0.0,97.23509707,Female,9th grade
7.0,73.96064707,Female,9th grade
7.0,15.98973041,Female,9th grade
3.0,93.32023059,Male,9th grade
3.0,71.24031837,Male,9th grade
5.0,94.03000955,Male,9th grade
7.0,85.11249224,Male,9th grade
5.0,31.5940479,Male,9th grade
6.0,75.16771195,Male,10th grade
2.0,78.31747374,Male,9th grade
5.0,94.42913799,Male,9th grade
3.0,87.21546133,Male,9th grade
5.0,76.74440845,Male,9th grade
2.0,76.26236309,Male,9th grade
7.0,87.43612772,Male,9th grade
5.0,93.9072722,Male,9th grade
3.0,94.10910243,Male,10th grade
0.0,64.26150224,Male,10th grade
7.0,76.41946002,Male,10th grade
3.0,70.10209786,Male,10th grade
5.0,97.39552779,Male,10th grade
0.0,32.32902173,Male,10th grade
2.0,43.94501206,Male,10th grade
5.0,97.18411845,Male,10th grade
4.0,74.82378525,Male,10th grade
7.0,99.17004588,Male,10th grade
1.0,54.04791735,Male,10th grade
0.0,98.88347517,Male,12th grade
1.0,26.67777119,Male,10th grade
7.0,68.28027307,Male,10th grade
0.0,56.12875598,Female,10th grade
6.0,60.06952126,Female,10th grade
5.0,16.64616988,Female,10th grade
6.0,61.96169613,Female,10th grade
3.0,86.87757138,Female,10th grade
5.0,68.47284867,Female,10th grade
0.0,21.89069518,Female,10th grade
7.0,50.34303343,Female,10th grade
7.0,38.68988246,Female,10th grade
0.0,26.55639437,Female,10th grade
4.0,93.85236598,Female,10th grade
0.0,40.43646118,Female,11th grade
1.0,30.98255809,Female,11th grade
1.0,84.8664492,Female,11th grade
7.0,83.52857393,Female,11th grade
0.0,70.67451976,Female,11th grade
5.0,97.95641591,Female,11th grade
1.0,81.37544358,Female,11th grade
7.0,74.71972579,Female,11th grade
5.0,1.087001536,Male,11th grade
4.0,82.66847222,Male,11th grade
7.0,78.75181773,Male,11th grade
0.0,47.9840088,Male,11th grade
6.0,38.18531901,Male,11th grade
0.0,77.99562031,Male,11th grade
5.0,15.58185576,Male,11th grade
3.0,20.56534845,Male,11th grade
7.0,31.07256054,Male,11th grade
0.0,8.27954203,Male,11th grade
2.0,93.79838032,Male,11th grade
0.0,92.27855416,Male,11th grade
5.0,44.74587403,Male,11th grade
1.0,90.08907671,Male,11th grade
7.0,93.79838032,Male,11th grade
1.0,96.03592725,Male,11th grade
0.0,79.68545682,Male,11th grade
5.0,92.69826382,Female,11th grade
4.0,86.11772984,Female,11th grade
5.0,13.16010488,Female,11th grade
2.0,51.57061646,Male,12th grade
0.0,99.91646014,Male,12th grade
4.0,47.18050149,Male,12th grade
4.0,51.44659085,Male,12th grade
0.0,23.10048656,Male,12th grade
6.0,76.45531451,Male,12th grade
0.0,45.29941242,Male,12th grade
7.0,57.23154694,Male,12th grade
0.0,48.77385878,Female,12th grade
0.0,31.68377923,Female,12th grade
0.0,37.68315042,Female,12th grade
2.0,36.56155956,Female,12th grade
3.0,53.20245682,Female,12th grade
4.0,81.63658484,Female,12th grade
0.0,92.68923451,Female,12th grade
0.0,26.20002495,Female,12th grade
7.0,28.36503577,Female,12th grade
3.0,92.84085921,Female,12th grade
0.0,1.548373589,Female,12th grade
2.0,85.05950283,Female,10th grade
4.0,28.91092809,Female,10th grade
5.0,76.80212944,Male,10th grade
5.0,5.460817256,Male,10th grade
6.0,5.564325761,Male,11th grade
2.0,82.84233361,Male,10th grade
3.0,95.17142983,Male,10th grade
6.0,94.62610005,Female,10th grade
7.0,81.10224079,Female,11th grade
6.0,14.4149222,Female,10th grade
0.0,87.02647953,Female,10th grade
0.0,4.998105217,Female,10th grade
4.0,45.26674712,Female,10th grade
2.0,14.02708141,Male,10th grade
5.0,17.10726474,Male,10th grade
1.0,64.26150224,Male,10th grade
0.0,54.23681268,Male,11th grade
3.0,98.38097797,Male,10th grade
7.0,89.05760213,Male,10th grade
0.0,97.84387544,Female,10th grade
5.0,24.8135936,Female,10th grade
1.0,95.74178272,Female,10th grade
4.0,92.62027788,Male,10th grade
1.0,85.44054833,Female,10th grade
1.0,89.2327369,Male,11th grade
0.0,61.96169613,Female,9th grade
3.0,76.57272333,Female,9th grade
4.0,99.20320095,Female,9th grade
5.0,56.10159588,Female,9th grade
0.0,37.05898785,Female,9th grade
3.0,12.61287102,Female,9th grade
0.0,83.07923933,Female,9th grade
0.0,65.31513573,Female,9th grade
5.0,84.47433409,Female,9th grade
5.0,89.89691409,Female,9th grade
7.0,76.17136869,Female,9th grade
5.0,88.3736372,Female,9th grade
5.0,93.26847806,Female,9th grade
7.0,83.88148292,Male,9th grade
4.0,98.65089869,Male,9th grade
7.0,58.96570164,Male,9th grade
7.0,76.4894434,Male,9th grade
0.0,95.15722244,Male,9th grade
7.0,58.96570164,Male,9th grade
0.0,66.99718709,Female,9th grade
0.0,46.90774989,Male,9th grade
0.0,87.12890032,Male,9th grade
3.0,84.98193234,Male,9th grade
7.0,4.451368991,Male,9th grade
6.0,93.81519655,Male,9th grade
7.0,41.67982919,Male,9th grade
0.0,90.69443219,Male,9th grade
4.0,32.75232754,Male,9th grade
0.0,78.86617896,Male,9th grade
1.0,97.23364986,Male,9th grade
3.0,86.04575277,Male,9th grade
3.0,88.35210708,Male,9th grade
0.0,90.31734336,Female,9th grade
5.0,86.99550206,Female,9th grade
0.0,98.29400004,Male,9th grade
0.0,24.2039299,Male,11th grade
4.0,66.25080662,Female,9th grade
5.0,99.56585198,Female,9th grade
0.0,61.87699019,Female,9th grade
5.0,28.02050682,Female,9th grade
1.0,97.57620271,Female,9th grade
7.0,63.8076547,Male,9th grade
5.0,23.70077074,Male,9th grade
5.0,97.63389229,Female,9th grade
5.0,94.42406928,Female,11th grade
0.0,84.24782523,Female,9th grade
0.0,67.35761931,Female,9th grade
3.0,99.69799321,Male,11th grade
0.0,83.63868449,Female,11th grade
3.0,32.70762694,Female,11th grade
3.0,80.06893476,Female,11th grade
6.0,94.75775586,Female,11th grade
2.0,85.24612213,Female,11th grade
0.0,37.41808551,Female,11th grade
4.0,75.35975743,Male,11th grade
1.0,55.7534678,Male,11th grade
4.0,97.84676339,Male,11th grade
4.0,97.60043247,Male,11th grade
4.0,54.76825471,Male,11th grade
7.0,86.78281777,Male,11th grade
2.0,18.66682582,Female,11th grade
3.0,79.49711986,Female,11th grade
0.0,77.91537579,Female,11th grade
0.0,76.63748728,Female,11th grade
1.0,99.15906287,Female,11th grade
0.0,76.77275392,Female,12th grade
0.0,94.15907136,Female,12th grade
4.0,66.2563695,Female,12th grade
4.0,46.38654034,Female,12th grade
0.0,83.85654626,Female,12th grade
0.0,79.76001749,Female,12th grade
3.0,57.62712177,Female,12th grade
7.0,91.45626301,Female,12th grade
0.0,43.36390952,Female,12th grade
0.0,93.61188158,Female,12th grade
0.0,96.76671682,Female,12th grade
7.0,97.73477455,Female,12th grade
0.0,29.05692312,Female,12th grade
1.0,92.84085921,Female,12th grade
7.0,99.6878911,Male,12th grade
1.0,90.63852931,Male,12th grade
0.0,16.03372613,Male,12th grade
0.0,90.45285503,Male,12th grade
5.0,74.88770856,Male,12th grade
7.0,95.75824133,Male,12th grade
2.0,57.52992298,Male,12th grade
0.0,33.3792411,Female,12th grade
3.0,85.68386349,Female,12th grade
4.0,20.54967205,Female,12th grade
0.0,93.14373338,Female,12th grade
4.0,30.69589607,Female,12th grade
1.0,97.20800873,Male,12th grade
7.0,75.73428595,Male,12th grade
0.0,36.3201391,Male,12th grade
5.0,59.36187206,Male,12th grade
7.0,52.25342381,Male,12th grade
0.0,90.25187365,Female,11th grade
2.0,90.43366411,Female,11th grade
0.0,99.10766044,Female,11th grade
1.0,28.59861823,Male,11th grade
5.0,97.59572153,Male,11th grade
4.0,95.67864261,Male,11th grade
0.0,96.59366997,Male,11th grade
0.0,51.28932037,Female,11th grade
1.0,49.86074291,Female,11th grade
3.0,62.39033084,Female,11th grade
3.0,45.42668553,Female,11th grade
2.0,88.70562889,Male,11th grade
0.0,13.74578822,Male,11th grade
3.0,93.79838032,Male,11th grade
0.0,36.79918713,Male,11th grade
7.0,84.62919716,Male,11th grade
7.0,96.82674473,Male,11th grade
3.0,32.92812842,Male,11th grade
0.0,29.42980208,Male,11th grade
1.0,43.19239213,Male,11th grade
5.0,90.43366411,Female,11th grade
3.0,72.60095123,Male,11th grade
0.0,73.71563971,Male,11th grade
1.0,95.17725169,Male,11th grade
7.0,46.65281051,Male,11th grade
0.0,92.46529889,Female,12th grade
1.0,46.75078327,Female,12th grade
1.0,93.60197238,Female,12th grade
7.0,68.61475199,Female,12th grade
7.0,97.9086358,Male,12th grade
2.0,91.36788571,Male,12th grade
0.0,97.47836051,Male,10th grade
6.0,92.98915736,Male,11th grade
0.0,96.8822424,Male,12th grade
5.0,44.29519256,Female,10th grade
7.0,98.33447761,Female,12th grade
2.0,47.58837238,Female,9th grade
7.0,94.7766232,Female,9th grade
4.0,98.37125308,Female,9th grade
7.0,78.32242217,Male,9th grade
3.0,98.57684626,Male,9th grade
3.0,48.66934789,Male,9th grade
3.0,44.70926386,Male,9th grade
0.0,24.2619529,Male,9th grade
0.0,30.82641153,Male,9th grade
7.0,98.541742,Male,9th grade
3.0,92.02545766,Female,9th grade
5.0,94.2265113,Female,9th grade
1.0,24.50642323,Female,9th grade
4.0,59.60632436,Female,9th grade
1.0,21.9624896,Female,9th grade
1.0,34.43712977,Female,9th grade
1.0,96.30579304,Female,9th grade
2.0,79.02184663,Female,10th grade
2.0,78.81888198,Male,10th grade
6.0,2.812401276,Male,9th grade
0.0,75.82198411,Male,9th grade
5.0,92.59985649,Male,9th grade
2.0,95.21258449,Male,9th grade
1.0,97.18069276,Male,9th grade
0.0,44.48848749,Male,11th grade
0.0,71.66639004,Male,11th grade
5.0,96.77602067,Female,9th grade
4.0,95.49722419,Female,12th grade
1.0,90.64452032,Male,12th grade
2.0,66.94864532,Male,12th grade
1.0,98.83366057,Male,12th grade
1.0,92.49213082,Male,11th grade
0.0,75.2628239,Male,11th grade
3.0,63.35195197,Male,10th grade
2.0,91.53513044,Female,10th grade
0.0,93.5108241,Female,10th grade
1.0,98.18275445,Female,10th grade
2.0,94.79404677,Female,10th grade
5.0,74.57239196,Female,12th grade
7.0,94.7249625,Female,12th grade
1.0,11.08119691,Male,12th grade
7.0,63.94021415,Male,12th grade
7.0,97.66610716,Male,12th grade
7.0,47.9840088,Male,11th grade
0.0,96.59006517,Male,11th grade
1.0,68.18239155,Male,10th grade
0.0,31.95457566,Male,11th grade
1.0,72.3235904,Male,11th grade
7.0,96.45674953,Male,10th grade
1.0,45.84835334,Female,11th grade
5.0,88.43534523,Female,10th grade
1.0,59.02079621,Female,10th grade
0.0,40.55138048,Female,10th grade
5.0,95.48360779,Female,10th grade
0.0,64.3318403,Male,11th grade
7.0,35.74194696,Male,10th grade
1.0,12.7812687,Male,10th grade
7.0,60.05460846,Female,11th grade
4.0,71.68439234,Female,11th grade
0.0,67.82536767,Female,11th grade
2.0,87.95841164,Female,11th grade
3.0,92.63103874,Female,11th grade
5.0,33.25918052,Male,11th grade
5.0,38.59972863,Male,11th grade
3.0,99.58315517,Male,11th grade
0.0,87.3464244,Male,11th grade
2.0,99.90752915,Male,11th grade
5.0,78.44672535,Male,11th grade
7.0,84.62919716,Male,11th grade
6.0,93.57527412,Male,11th grade
0.0,99.80942363,Male,10th grade
1.0,92.84632248,Male,11th grade
0.0,25.61355879,Male,11th grade
5.0,66.37745614,Male,9th grade
2.0,47.49538891,Male,11th grade
2.0,97.91675276,Male,11th grade
1.0,97.80884941,Male,11th grade
6.0,59.96662845,Male,11th grade
3.0,86.68320514,Male,11th grade
2.0,79.4047303,Male,11th grade
5.0,24.47152508,Female,11th grade
5.0,12.31976023,Female,11th grade
4.0,68.36172856,Female,11th grade
4.0,73.99784099,Female,11th grade
0.0,45.31636422,Female,11th grade
0.0,98.80219861,Female,11th grade
1.0,82.19258456,Female,11th grade
2.0,33.66779009,Female,11th grade
3.0,69.87171391,Female,11th grade
0.0,83.84809589,Female,11th grade
7.0,68.02339104,Female,11th grade
1.0,27.97089061,Female,11th grade
2.0,33.3792411,Female,11th grade
1.0,30.2601081,Female,9th grade
5.0,31.05604841,Female,9th grade
0.0,95.66881713,Female,9th grade
2.0,85.24060559,Female,9th grade
3.0,15.52806328,Female,9th grade
0.0,53.32097199,Female,9th grade
2.0,58.74510972,Male,9th grade
2.0,87.76360369,Male,9th grade
6.0,19.85959677,Male,9th grade
3.0,63.79345154,Male,9th grade
7.0,62.86281029,Male,9th grade
1.0,19.09517655,Male,9th grade
3.0,75.82756492,Male,9th grade
5.0,32.11184331,Male,9th grade
0.0,1.169384923,Male,9th grade
2.0,98.70449633,Male,9th grade
5.0,53.75452172,Male,9th grade
1.0,99.72865527,Male,9th grade
7.0,36.20974188,Male,9th grade
5.0,73.70743646,Male,9th grade
3.0,93.89286956,Male,9th grade
7.0,79.41760222,Male,9th grade
2.0,80.83682069,Female,12th grade
7.0,47.49270385,Female,12th grade
4.0,94.42406928,Female,12th grade
2.0,78.85919128,Female,12th grade
7.0,9.19463971,Female,12th grade
5.0,69.5957294,Female,12th grade
0.0,42.06321618,Female,12th grade
0.0,98.59611658,Female,12th grade
3.0,48.86370739,Female,12th grade
7.0,34.47387616,Male,12th grade
3.0,98.0925937,Male,12th grade
0.0,40.29373995,Male,12th grade
0.0,97.45264335,Male,12th grade
1.0,61.12521977,Male,12th grade
0.0,22.22112875,Male,12th grade
7.0,71.04047181,Male,12th grade
0.0,97.10812506,Male,12th grade
7.0,83.57086706,Male,12th grade
4.0,33.83135098,Male,12th grade
3.0,97.32417296,Male,12th grade
0.0,80.2091906,Female,11th grade
0.0,70.21684634,Female,11th grade
2.0,84.67610222,Female,11th grade
1.0,62.18674919,Female,11th grade
0.0,86.31896631,Female,11th grade
3.0,73.05961868,Male,11th grade
0.0,69.86952348,Male,11th grade
3.0,32.92812842,Male,11th grade
4.0,12.85383669,Male,11th grade
1.0,74.60880949,Female,11th grade
7.0,32.67138795,Female,11th grade
7.0,91.45626301,Female,11th grade
2.0,98.97265088,Female,10th grade
0.0,41.98150796,Female,10th grade
2.0,80.06893476,Female,11th grade
6.0,93.70323473,Male,11th grade
5.0,59.46218097,Male,11th grade
6.0,37.95309013,Male,11th grade
5.0,92.20562076,Male,10th grade
0.0,45.23145513,Female,10th grade
1.0,78.01416162,Female,10th grade
4.0,35.75781836,Female,10th grade
4.0,87.87850996,Female,10th grade
3.0,96.60292401,Female,10th grade
2.0,97.46205604,Female,10th grade
2.0,56.95841633,Female,10th grade
7.0,53.24794021,Male,10th grade
6.0,82.31303268,Male,10th grade
7.0,74.10960037,Male,10th grade
0.0,55.37197011,Male,10th grade
5.0,87.68662103,Male,10th grade
0.0,62.75875953,Male,10th grade
7.0,43.63390292,Male,10th grade
7.0,57.61149421,Male,10th grade
5.0,43.94501206,Male,10th grade
7.0,89.72936724,Female,12th grade
4.0,13.9696424,Female,12th grade
2.0,31.84410473,Female,12th grade
0.0,67.24002801,Female,12th grade
5.0,13.16010488,Female,12th grade
1.0,71.64337995,Male,12th grade
0.0,55.7534678,Male,12th grade
7.0,17.15405869,Male,12th grade
5.0,57.52992298,Male,12th grade
0.0,29.36620695,Male,12th grade
1.0,57.23154694,Male,12th grade
5.0,57.07419468,Male,12th grade
0.0,52.12369341,Male,12th grade
1.0,79.67120611,Male,12th grade
1.0,89.39610072,Male,12th grade
3.0,57.38131801,Female,9th grade
1.0,50.92911636,Female,9th grade
7.0,67.48018081,Female,9th grade
4.0,89.34879347,Female,9th grade
0.0,25.70913017,Female,9th grade
1.0,35.49137813,Female,9th grade
0.0,98.75001419,Female,9th grade
2.0,95.56621853,Female,9th grade
6.0,28.42198352,Female,9th grade
5.0,52.67438769,Female,9th grade
7.0,6.813762243,Male,9th grade
7.0,88.08713036,Male,9th grade
7.0,58.96570164,Male,9th grade
7.0,99.03346054,Male,9th grade
2.0,78.81888198,Male,9th grade
3.0,82.92959778,Male,9th grade
1.0,99.63393555,Male,9th grade
3.0,10.90941439,Male,9th grade
1.0,70.33923046,Male,9th grade
0.0,94.7644682,Male,9th grade
7.0,82.5405866,Male,10th grade
1.0,94.15806083,Male,9th grade
3.0,38.01943648,Male,9th grade
4.0,86.35803709,Male,9th grade
1.0,41.76200357,Male,10th grade
5.0,75.67052072,Male,10th grade
2.0,99.71790133,Male,10th grade
4.0,54.01035189,Male,10th grade
2.0,69.13113635,Male,10th grade
5.0,58.167767,Male,10th grade
5.0,89.90649736,Male,10th grade
0.0,19.43625279,Male,10th grade
5.0,58.40828186,Male,10th grade
5.0,99.87592303,Male,10th grade
0.0,74.72220037,Male,10th grade
1.0,63.48927185,Male,10th grade
7.0,25.04857867,Male,10th grade
4.0,38.28337982,Male,10th grade
7.0,38.97746919,Male,10th grade
5.0,87.52960981,Female,10th grade
0.0,61.05151517,Female,10th grade
6.0,28.36149003,Female,10th grade
1.0,33.86369686,Female,10th grade
0.0,63.18671378,Female,10th grade
2.0,62.19393818,Female,10th grade
0.0,88.13215349,Female,10th grade
0.0,79.81648603,Female,10th grade
3.0,87.02647953,Female,10th grade
0.0,38.42613501,Female,10th grade
3.0,95.1822868,Female,10th grade
3.0,89.77527939,Female,11th grade
0.0,97.37935273,Female,11th grade
0.0,90.63878637,Female,11th grade
1.0,51.66244191,Female,11th grade
4.0,90.25187365,Female,11th grade
0.0,85.850767,Female,11th grade
5.0,96.8446544,Female,11th grade
5.0,3.317083177,Female,11th grade
4.0,85.61622775,Female,11th grade
1.0,33.66779009,Female,11th grade
0.0,90.42668627,Female,11th grade
0.0,76.16361312,Female,11th grade
4.0,68.36945909,Female,11th grade
6.0,85.44054833,Female,11th grade
0.0,74.23946269,Female,11th grade
5.0,88.54882586,Female,11th grade
7.0,27.90530303,Male,11th grade
7.0,98.09399692,Male,11th grade
7.0,67.61599886,Male,12th grade
5.0,3.494132149,Male,11th grade
4.0,88.99955787,Male,11th grade
0.0,99.20873256,Male,12th grade
7.0,92.66928372,Male,11th grade
0.0,64.22682777,Male,11th grade
1.0,35.07000003,Male,11th grade
7.0,68.21013236,Male,11th grade
0.0,94.87268291,Male,11th grade
4.0,26.28707365,Female,11th grade
3.0,96.92706419,Female,11th grade
0.0,43.19281437,Female,11th grade
0.0,91.7964296,Female,11th grade
7.0,61.78523973,Female,11th grade
1.0,51.32765319,Female,11th grade
0.0,96.32896727,Female,11th grade
2.0,79.94321014,Female,11th grade
1.0,27.29502022,Female,11th grade
3.0,99.16716938,Female,11th grade
0.0,93.44949042,Male,11th grade
2.0,39.55289509,Male,11th grade
2.0,99.12269805,Male,11th grade
3.0,73.50873326,Male,11th grade
5.0,60.51961267,Female,12th grade
6.0,90.19806803,Male,12th grade
2.0,61.65712192,Male,12th grade
1.0,94.62206272,Male,12th grade
7.0,87.35917274,Male,12th grade
6.0,96.07552631,Male,12th grade
2.0,95.8355588,Male,12th grade
0.0,2.175168917,Male,12th grade
3.0,6.655533385,Male,12th grade
7.0,29.96016595,Female,12th grade
3.0,27.97089061,Female,12th grade
0.0,45.84835334,Female,12th grade
0.0,82.19258456,Female,12th grade
0.0,62.69465422,Female,12th grade
2.0,26.06924461,Female,12th grade
0.0,57.565051,Male,10th grade
7.0,98.93356342,Male,10th grade
6.0,95.9022995,Male,10th grade
5.0,93.8867959,Male,10th grade
7.0,58.96570164,Male,10th grade
7.0,71.8600337,Male,10th grade
7.0,82.31303268,Male,10th grade
0.0,98.68186073,Male,11th grade
7.0,2.632932408,Male,10th grade
2.0,97.49494147,Male,10th grade
7.0,56.12875598,Female,10th grade
4.0,96.62103194,Female,10th grade
0.0,55.0222034,Female,10th grade
7.0,47.93952923,Female,10th grade
1.0,50.87045271,Female,10th grade
0.0,55.2253558,Female,10th grade
3.0,95.59492172,Female,10th grade
5.0,10.74991568,Female,10th grade
4.0,28.59746673,Female,10th grade
5.0,37.20642533,Female,10th grade
1.0,89.7600136,Female,10th grade
2.0,78.10688836,Female,10th grade
2.0,98.26218648,Female,10th grade
3.0,70.57774417,Female,10th grade
3.0,84.71523724,Female,10th grade
1.0,70.31917473,Female,10th grade
0.0,30.29781056,Female,10th grade
0.0,23.95145566,Female,10th grade
3.0,83.06926617,Female,10th grade
3.0,99.72444337,Male,9th grade
6.0,94.55168836,Male,9th grade
5.0,90.84423422,Male,9th grade
0.0,85.66452114,Male,9th grade
7.0,80.88250689,Male,9th grade
0.0,57.43695893,Male,9th grade
7.0,82.96524493,Male,9th grade
5.0,97.62057642,Male,9th grade
2.0,90.51954947,Male,9th grade
4.0,96.38418786,Male,9th grade
0.0,95.98466217,Male,9th grade
7.0,63.8076547,Male,9th grade
5.0,80.10329033,Male,9th grade
5.0,86.48349966,Male,9th grade
2.0,31.10573203,Male,9th grade
0.0,99.05225979,Male,9th grade
7.0,99.64742226,Male,9th grade
2.0,86.76286104,Male,9th grade
0.0,98.1460872,Female,9th grade
0.0,98.75115036,Female,9th grade
5.0,57.92472989,Female,9th grade
3.0,45.72376131,Female,9th grade
0.0,61.87699019,Female,9th grade
1.0,89.59808958,Female,9th grade
2.0,91.12573304,Female,9th grade
0.0,87.68018936,Female,9th grade
1.0,76.7529281,Female,9th grade
0.0,92.11841054,Female,9th grade
3.0,71.82594097,Female,9th grade
3.0,98.31705479,Female,9th grade
3.0,51.44659085,Male,12th grade
7.0,87.44951172,Male,12th grade
0.0,78.52962614,Male,12th grade
1.0,96.10989199,Male,12th grade
5.0,27.95943151,Male,12th grade
7.0,99.32690909,Male,12th grade
4.0,92.69214213,Male,11th grade
1.0,70.40604141,Female,12th grade
0.0,40.43646118,Female,12th grade
2.0,70.32729671,Female,12th grade
6.0,36.62675879,Female,12th grade
0.0,52.22408981,Female,12th grade
6.0,75.83754765,Female,12th grade
3.0,96.36348072,Female,12th grade
1.0,91.79155426,Female,12th grade
0.0,98.57111616,Female,12th grade
0.0,83.72166177,Female,12th grade
0.0,27.97089061,Female,12th grade
2.0,51.05664155,Female,12th grade
3.0,97.88877383,Female,12th grade
6.0,77.04936127,Female,12th grade
0.0,0.724566961,Female,12th grade
0.0,95.46208919,Male,12th grade
1.0,95.0514929,Male,12th grade
0.0,98.56692425,Male,12th grade
0.0,94.40512436,Male,12th grade
5.0,92.1853654,Male,12th grade
7.0,84.10727673,Male,10th grade
1.0,65.06251814,Male,10th grade
2.0,99.9134097,Male,10th grade
7.0,73.05961868,Male,10th grade
0.0,90.64350563,Male,10th grade
5.0,80.47634366,Male,10th grade
0.0,63.30381582,Male,10th grade
7.0,93.22750186,Male,10th grade
2.0,60.9709885,Male,10th grade
2.0,91.80411399,Male,10th grade
6.0,51.75407526,Male,10th grade
4.0,94.25583977,Male,10th grade
3.0,59.82968984,Male,10th grade
3.0,60.11766537,Male,10th grade
5.0,92.07828469,Male,10th grade
7.0,76.81101667,Female,10th grade
1.0,98.08497592,Female,10th grade
4.0,88.49147119,Female,10th grade
1.0,76.73558847,Female,10th grade
5.0,96.22983178,Female,10th grade
2.0,64.82966753,Female,10th grade
1.0,42.55781123,Female,10th grade
5.0,32.8547859,Female,10th grade
3.0,31.95457566,Male,12th grade
1.0,77.04936127,Female,12th grade
0.0,87.10946842,Male,12th grade
7.0,58.87622836,Male,12th grade
0.0,69.10074798,Male,12th grade
0.0,1.223660196,Male,12th grade
4.0,83.74313112,Male,12th grade
5.0,96.70053418,Male,12th grade
7.0,62.71457269,Female,12th grade
0.0,50.9578953,Female,12th grade
1.0,0.547917747,Female,12th grade
1.0,88.62004626,Female,12th grade
6.0,23.20778037,Female,12th grade
2.0,98.42558696,Female,12th grade
0.0,4.130907243,Female,12th grade
0.0,77.04936127,Female,12th grade
5.0,70.40604141,Female,12th grade
1.0,41.98150796,Female,12th grade
0.0,60.75926332,Female,12th grade
6.0,64.82354026,Male,9th grade
7.0,78.9594291,Male,9th grade
4.0,36.20974188,Male,9th grade
5.0,21.27668456,Male,9th grade
5.0,58.10402513,Male,9th grade
7.0,75.4557675,Male,9th grade
4.0,95.34570281,Male,9th grade
0.0,81.80727095,Female,9th grade
2.0,94.62482231,Female,9th grade
3.0,71.24184164,Female,9th grade
0.0,99.299729,Female,9th grade
4.0,13.40735768,Female,9th grade
6.0,72.66703407,Female,9th grade
7.0,87.26940456,Female,9th grade
7.0,25.12705458,Female,9th grade
5.0,81.20841596,Female,9th grade
7.0,59.60632436,Female,9th grade
2.0,17.33603611,Female,9th grade
5.0,96.55412822,Female,9th grade
1.0,51.86878089,Male,9th grade
7.0,76.13757745,Male,9th grade
3.0,19.43625279,Male,9th grade
2.0,40.35535561,Male,9th grade
7.0,98.13287674,Male,9th grade
4.0,97.55486968,Male,9th grade
0.0,69.25493117,Female,9th grade
3.0,70.84066228,Female,9th grade
0.0,30.29781056,Female,9th grade
5.0,38.07674169,Female,9th grade
5.0,94.79064882,Female,9th grade
0.0,72.35863492,Female,9th grade
2.0,97.02155615,Female,9th grade
0.0,36.20974188,Male,10th grade
2.0,61.15442362,Male,10th grade
0.0,86.71569586,Male,10th grade
1.0,92.62027788,Male,10th grade
7.0,61.12521977,Male,10th grade
5.0,97.90132413,Male,10th grade
7.0,78.81888198,Male,10th grade
3.0,70.8375548,Male,12th grade
3.0,90.64452032,Male,10th grade
0.0,25.56692339,Male,10th grade
5.0,89.46779081,Male,10th grade
7.0,32.79325237,Female,10th grade
0.0,78.00883755,Female,10th grade
3.0,83.06926617,Female,10th grade
2.0,88.37481573,Female,10th grade
5.0,83.35027142,Female,10th grade
3.0,47.52350758,Female,10th grade
7.0,89.36136023,Female,10th grade
2.0,93.73884735,Female,10th grade
2.0,98.06460833,Female,10th grade
7.0,99.24376583,Male,11th grade
2.0,62.0396385,Male,11th grade
6.0,95.23595706,Male,11th grade
0.0,66.5996364,Male,11th grade
5.0,61.12521977,Male,11th grade
1.0,64.26150224,Male,11th grade
2.0,83.93195549,Male,11th grade
7.0,36.51864466,Male,11th grade
5.0,40.72196729,Male,11th grade
7.0,79.30626093,Male,11th grade
7.0,99.46701582,Male,11th grade
5.0,76.82307269,Male,11th grade
5.0,82.19258456,Female,11th grade
0.0,51.50184448,Female,11th grade
0.0,98.18663857,Female,11th grade
7.0,74.34578782,Female,11th grade
0.0,62.34594798,Female,11th grade
1.0,79.21086246,Female,12th grade
1.0,80.06893476,Female,11th grade
3.0,71.88874208,Female,11th grade
1.0,47.66003889,Female,11th grade
0.0,41.00114576,Female,11th grade
3.0,78.71212761,Female,11th grade
2.0,88.43534523,Female,11th grade
0.0,51.80247465,Female,11th grade
5.0,90.63985419,Female,12th grade
1.0,95.43496389,Female,12th grade
4.0,46.18021898,Male,12th grade
0.0,99.14344131,Male,12th grade
7.0,36.17262129,Male,12th grade
5.0,40.5504485,Male,12th grade
0.0,55.76898634,Male,12th grade
0.0,8.92763896,Male,12th grade
3.0,99.4695108,Male,12th grade
1.0,11.48385318,Male,12th grade
2.0,69.72394584,Male,12th grade
0.0,90.20103751,Female,12th grade
0.0,70.4065741,Female,12th grade
5.0,62.8727162,Female,12th grade
0.0,62.35877188,Female,12th grade
0.0,51.50184448,Female,12th grade
1.0,95.18170789,Female,12th grade
2.0,98.83069962,Female,12th grade
5.0,96.91761075,Female,12th grade
2.0,66.62027906,Female,12th grade
0.0,83.57367457,Female,12th grade
6.0,90.96310485,Female,12th grade
1.0,71.3714958,Female,12th grade
0.0,99.33620353,Female,12th grade
0.0,90.08789852,Female,9th grade
0.0,68.13632888,Female,9th grade
3.0,93.13168881,Female,9th grade
6.0,53.96737126,Female,9th grade
1.0,95.9856148,Female,9th grade
1.0,68.25363425,Female,9th grade
3.0,65.52232649,Female,9th grade
7.0,80.88250689,Male,9th grade
2.0,21.39839945,Male,9th grade
2.0,89.3252867,Male,9th grade
5.0,1.467305445,Male,9th grade
6.0,95.80234046,Male,9th grade
1.0,90.17639273,Male,9th grade
4.0,63.79345154,Male,9th grade
5.0,76.13757745,Male,9th grade
7.0,92.88151042,Male,9th grade
6.0,38.29380716,Male,9th grade
0.0,75.7094979,Female,12th grade
2.0,86.85621487,Female,11th grade
1.0,58.90305846,Female,12th grade
3.0,25.09923397,Female,11th grade
3.0,34.21869952,Female,12th grade
2.0,45.77338203,Female,11th grade
0.0,92.68923451,Female,12th grade
2.0,61.04994431,Male,12th grade
4.0,40.43646118,Female,12th grade
2.0,99.02675217,Female,11th grade
0.0,21.293857,Female,12th grade
3.0,97.55514838,Female,11th grade
3.0,57.22512416,Female,12th grade
5.0,19.66638439,Female,10th grade
3.0,32.65896145,Female,10th grade
1.0,40.79455963,Female,11th grade
2.0,50.74874814,Female,12th grade
2.0,23.2287809,Female,12th grade
5.0,2.156739631,Female,12th grade
1.0,60.08886446,Female,12th grade
0.0,61.77258749,Female,12th grade
2.0,75.39423481,Female,11th grade
0.0,88.10799552,Female,11th grade
4.0,71.37819577,Female,12th grade
6.0,43.67278106,Female,12th grade
5.0,56.89389424,Female,12th grade
5.0,70.40604141,Female,12th grade
4.0,9.166422739,Female,11th grade
1.0,50.9578953,Female,12th grade
0.0,68.0682032,Female,12th grade
3.0,97.46011005,Female,11th grade
2.0,76.00083929,Female,11th grade
0.0,98.35118754,Female,10th grade
1.0,92.93539976,Female,10th grade
5.0,16.77923646,Female,10th grade
1.0,16.41178618,Female,10th grade
2.0,86.87757138,Female,10th grade
2.0,88.76340535,Female,12th grade
2.0,30.33526448,Female,10th grade
0.0,49.54884889,Female,10th grade
0.0,99.11612712,Female,12th grade
1.0,96.72530291,Male,10th grade
4.0,82.18267485,Male,10th grade
0.0,34.26346397,Male,10th grade
4.0,76.4894434,Male,10th grade
1.0,90.3259285,Male,12th grade
1.0,98.63342533,Male,10th grade
7.0,12.35928755,Male,11th grade
7.0,14.65283658,Male,12th grade
7.0,97.17383472,Male,12th grade
4.0,41.67982919,Male,10th grade
0.0,18.94191976,Male,10th grade
3.0,58.40828186,Male,12th grade
3.0,25.57495635,Male,12th grade
3.0,87.0393965,Male,12th grade
2.0,50.27447135,Male,11th grade
7.0,95.79080965,Male,10th grade
7.0,58.54997123,Male,10th grade
3.0,82.60338502,Male,10th grade
7.0,89.50532587,Male,10th grade
7.0,93.2851331,Male,10th grade
7.0,15.58185576,Male,10th grade
0.0,7.032419398,Male,10th grade
1.0,67.65550199,Female,12th grade
0.0,95.55270084,Female,12th grade
0.0,92.85720138,Female,11th grade
3.0,80.27293634,Female,12th grade
5.0,46.19583969,Female,12th grade
0.0,65.93660653,Female,12th grade
1.0,76.1728684,Female,12th grade
0.0,75.83754765,Female,12th grade
5.0,91.16514243,Female,12th grade
6.0,98.73640282,Male,11th grade
3.0,99.21816534,Male,11th grade
0.0,90.62652344,Male,12th grade
4.0,3.967517444,Male,12th grade
7.0,74.79862377,Male,12th grade
7.0,68.08272065,Male,12th grade
7.0,62.41050615,Male,11th grade
5.0,42.12549278,Male,12th grade
1.0,85.44636716,Male,12th grade
7.0,71.17867121,Male,12th grade
1.0,90.64452032,Male,12th grade
7.0,47.95897712,Male,10th grade
0.0,94.12362289,Male,12th grade
0.0,99.66244946,Male,11th grade
3.0,54.17779991,Male,12th grade
7.0,99.72525782,Male,12th grade
3.0,40.88568895,Male,11th grade
2.0,19.38451665,Male,12th grade
7.0,77.91420948,Male,12th grade
5.0,44.91365764,Male,12th grade
2.0,25.58313701,Male,12th grade
6.0,17.57936474,Male,12th grade
2.0,57.23154694,Male,12th grade
3.0,47.04819998,Male,11th grade
1.0,96.18913908,Female,9th grade
6.0,92.86925353,Female,9th grade
0.0,77.80336579,Female,9th grade
1.0,83.56723067,Female,9th grade
4.0,52.44652705,Female,9th grade
2.0,76.66545155,Female,9th grade
4.0,89.55002756,Female,9th grade
5.0,18.69230858,Female,9th grade
3.0,70.07852644,Female,9th grade
5.0,85.48936906,Female,9th grade
0.0,97.46539684,Female,9th grade
7.0,89.27573572,Female,9th grade
4.0,43.67494003,Female,9th grade
4.0,67.12399595,Female,9th grade
3.0,55.07332384,Female,9th grade
3.0,89.7600136,Female,9th grade
6.0,48.21839695,Female,9th grade
6.0,95.41758153,Male,9th grade
3.0,97.76428474,Male,9th grade
3.0,27.92771638,Male,9th grade
6.0,25.61355879,Male,9th grade
1.0,90.10083402,Male,9th grade
1.0,35.83341702,Male,11th grade
2.0,99.81257424,Male,9th grade
7.0,81.46368349,Male,9th grade
2.0,95.78110722,Male,9th grade
0.0,83.91905866,Male,9th grade
4.0,50.10948386,Male,9th grade
5.0,67.1343223,Male,9th grade
7.0,74.70028036,Male,9th grade
0.0,96.43759959,Male,9th grade
4.0,78.31747374,Male,9th grade
4.0,99.86609195,Male,9th grade
7.0,82.5405866,Male,11th grade
5.0,43.19239213,Male,11th grade
3.0,51.57061646,Male,11th grade
4.0,90.49868957,Male,11th grade
1.0,69.30983048,Male,11th grade
7.0,90.06979532,Male,11th grade
0.0,72.83796204,Male,11th grade
4.0,27.19555899,Male,11th grade
3.0,49.0050896,Male,11th grade
7.0,65.85064058,Male,11th grade
3.0,94.30345823,Male,11th grade
3.0,31.07256054,Male,11th grade
6.0,38.83045384,Female,11th grade
1.0,81.37544358,Female,11th grade
1.0,50.78272854,Female,11th grade
0.0,29.93458107,Female,11th grade
0.0,46.48345897,Female,11th grade
0.0,58.55681428,Female,11th grade
1.0,90.66773339,Female,11th grade
4.0,91.53513044,Female,11th grade
5.0,88.53323553,Female,11th grade
3.0,81.05074651,Female,11th grade
1.0,84.67610222,Female,11th grade
3.0,76.54830302,Female,11th grade
0.0,62.39033084,Female,11th grade
0.0,29.94956941,Female,11th grade
3.0,93.83224704,Female,11th grade
1.0,25.01115187,Female,11th grade
0.0,88.58354019,Female,9th grade
7.0,76.38362459,Female,9th grade
7.0,59.29891652,Female,9th grade
6.0,4.087600395,Male,9th grade
3.0,72.40807813,Male,9th grade
7.0,78.32242217,Male,9th grade
5.0,84.69244832,Male,9th grade
2.0,61.55910233,Male,9th grade
0.0,63.14078915,Male,9th grade
7.0,68.46914024,Male,9th grade
0.0,68.87086388,Male,9th grade
6.0,94.4575907,Male,9th grade
5.0,91.03140042,Male,9th grade
6.0,15.38208801,Male,9th grade
4.0,17.61737062,Male,9th grade
1.0,95.15545676,Male,9th grade
6.0,88.74763127,Male,10th grade
7.0,95.68377115,Male,10th grade
6.0,76.13913858,Male,10th grade
5.0,91.84623179,Male,10th grade
0.0,87.63003201,Male,10th grade
3.0,98.80605527,Male,10th grade
4.0,99.70792773,Male,10th grade
7.0,13.32950299,Male,10th grade
7.0,72.94059249,Male,10th grade
5.0,96.74778478,Male,10th grade
0.0,91.75202934,Male,10th grade
6.0,36.79918713,Male,10th grade
0.0,63.51825265,Female,11th grade
1.0,73.17599591,Female,10th grade
7.0,82.96083327,Female,9th grade
2.0,98.93254279,Female,10th grade
0.0,40.79455963,Female,10th grade
0.0,73.74850859,Female,10th grade
3.0,24.92124987,Female,10th grade
0.0,84.28101485,Female,10th grade
0.0,61.87259156,Female,10th grade
0.0,44.95264333,Female,10th grade
1.0,99.12390785,Female,12th grade
3.0,13.9696424,Female,12th grade
0.0,6.076679326,Female,12th grade
0.0,94.76146621,Female,12th grade
1.0,51.05664155,Female,12th grade
1.0,24.7571985,Male,12th grade
4.0,19.33318438,Male,12th grade
0.0,49.3682143,Male,12th grade
5.0,77.3798864,Male,12th grade
7.0,84.57523065,Male,12th grade
5.0,50.14851643,Male,12th grade
5.0,79.67120611,Male,12th grade
3.0,48.95054647,Male,9th grade
5.0,54.236927,Male,12th grade
7.0,57.23154694,Male,12th grade
7.0,67.72101249,Male,12th grade
3.0,19.38451665,Male,12th grade
2.0,17.21244391,Male,12th grade
1.0,64.61238292,Male,12th grade
6.0,77.80336579,Female,9th grade
1.0,68.26816807,Female,9th grade
6.0,97.99975667,Female,9th grade
1.0,99.19946963,Female,9th grade
7.0,95.90918335,Female,9th grade
4.0,97.27056855,Female,9th grade
0.0,61.05151517,Female,9th grade
7.0,72.22436715,Male,9th grade
0.0,25.66497134,Male,9th grade
6.0,89.41503623,Male,9th grade
7.0,54.38998582,Male,9th grade
5.0,54.04791735,Male,9th grade
0.0,98.16575788,Male,9th grade
4.0,73.02490789,Male,9th grade
0.0,68.57391364,Male,9th grade
3.0,30.85649979,Male,9th grade
4.0,93.30345341,Male,9th grade
0.0,74.41879277,Female,12th grade
1.0,53.50194471,Female,12th grade
0.0,8.684484664,Female,12th grade
3.0,23.81912584,Female,12th grade
3.0,83.09080929,Female,11th grade
0.0,7.402370058,Female,12th grade
3.0,63.18671378,Female,10th grade
0.0,83.25621967,Female,12th grade
0.0,92.3283158,Female,12th grade
3.0,86.68366062,Female,11th grade
0.0,71.91187626,Female,12th grade
5.0,98.4709169,Male,12th grade
3.0,92.98915736,Male,12th grade
7.0,92.43894051,Male,12th grade
1.0,17.21244391,Male,12th grade
0.0,72.47803563,Male,12th grade
6.0,79.93438595,Male,12th grade
4.0,87.32139369,Male,12th grade
3.0,65.99443629,Male,12th grade
0.0,98.93344125,Male,12th grade
0.0,49.0050896,Male,12th grade
6.0,97.91131841,Male,11th grade
0.0,95.0797674,Male,12th grade
2.0,40.5504485,Male,12th grade
7.0,1.711308661,Female,12th grade
1.0,50.9578953,Female,11th grade
0.0,23.20778037,Female,12th grade
1.0,82.53242125,Male,11th grade
7.0,26.04781219,Male,11th grade
1.0,95.0857953,Female,11th grade
5.0,94.42898259,Female,11th grade
7.0,51.80247465,Female,11th grade
7.0,83.90660452,Female,11th grade
0.0,92.41928342,Female,11th grade
0.0,98.82695609,Female,12th grade
7.0,69.91124718,Female,11th grade
0.0,98.41070272,Male,11th grade
1.0,41.49272193,Male,11th grade
7.0,93.79838032,Male,11th grade
7.0,98.95895127,Male,11th grade
1.0,36.8619196,Male,11th grade
0.0,99.59802359,Male,11th grade
1.0,51.77995186,Male,11th grade
5.0,93.41714885,Male,11th grade
3.0,22.1204249,Male,11th grade
6.0,97.91131841,Male,11th grade
0.0,98.75114001,Male,10th grade
0.0,74.65501612,Male,10th grade
7.0,69.82409651,Male,10th grade
7.0,4.217236339,Male,10th grade
1.0,98.19385553,Male,10th grade
1.0,74.54847047,Male,10th grade
4.0,71.97879286,Male,10th grade
7.0,74.82378525,Male,10th grade
0.0,98.14033408,Male,10th grade
0.0,99.5177041,Male,10th grade
5.0,44.91365764,Male,11th grade
3.0,49.28651193,Female,10th grade
5.0,93.79543511,Female,10th grade
2.0,92.76540444,Female,10th grade
0.0,67.50042545,Female,10th grade
4.0,71.24517665,Female,10th grade
0.0,23.52098729,Female,10th grade
4.0,12.07937576,Female,12th grade
1.0,88.13511723,Female,10th grade
3.0,78.84255534,Female,10th grade
2.0,83.03242619,Female,10th grade
0.0,98.49849827,Female,10th grade
3.0,69.91124718,Female,11th grade
0.0,55.2253558,Female,10th grade
0.0,99.04390691,Female,10th grade
0.0,93.6374265,Female,10th grade
6.0,31.381033,Female,12th grade
2.0,5.267409945,Female,12th grade
4.0,9.166422739,Female,12th grade
7.0,63.09966745,Female,12th grade
6.0,62.8727162,Female,12th grade
1.0,39.39239835,Female,12th grade
0.0,44.1459962,Female,12th grade
0.0,55.49638039,Female,12th grade
7.0,53.32509373,Female,12th grade
0.0,67.57774648,Female,12th grade
3.0,64.74907315,Female,12th grade
1.0,57.0210877,Female,12th grade
0.0,40.85216047,Female,12th grade
4.0,89.17048644,Female,12th grade
0.0,30.94360622,Female,12th grade
5.0,63.73246211,Female,12th grade
7.0,0.301800689,Female,12th grade
4.0,86.27089853,Male,12th grade
4.0,48.61492211,Male,12th grade
2.0,47.13837771,Male,12th grade
6.0,20.76860603,Male,12th grade
3.0,19.57305413,Male,12th grade
3.0,39.29837369,Male,12th grade
2.0,17.94022959,Male,12th grade
5.0,63.31177575,Male,12th grade
3.0,98.27574094,Male,12th grade
7.0,25.25035825,Male,12th grade
7.0,54.85375799,Male,12th grade
5.0,77.43728561,Male,12th grade
7.0,98.57848685,Male,12th grade
4.0,57.22512416,Female,12th grade
0.0,47.28464354,Male,9th grade
7.0,90.74566924,Male,9th grade
4.0,68.46914024,Male,9th grade
7.0,12.91992517,Male,9th grade
5.0,63.30381582,Male,9th grade
0.0,75.68396476,Female,9th grade
7.0,14.6583099,Female,9th grade
4.0,92.14403038,Female,9th grade
6.0,78.83713773,Female,9th grade
7.0,75.11573491,Male,9th grade
7.0,77.31131058,Male,9th grade
4.0,78.4900592,Male,9th grade
3.0,86.18255142,Female,9th grade
4.0,90.94375293,Male,9th grade
6.0,62.95970228,Female,9th grade
7.0,92.06807736,Male,9th grade
7.0,5.901753201,Male,9th grade
3.0,87.97784219,Female,9th grade
6.0,71.24184164,Female,9th grade
6.0,17.61737062,Male,9th grade
6.0,52.85458427,Female,11th grade
2.0,95.46907745,Female,11th grade
3.0,41.98150796,Female,11th grade
6.0,13.85179948,Female,11th grade
6.0,68.83869584,Female,11th grade
0.0,88.51068606,Female,11th grade
1.0,73.65945206,Female,11th grade
1.0,35.66865835,Female,11th grade
7.0,46.19583969,Female,11th grade
4.0,35.1066592,Female,11th grade
2.0,57.60270767,Female,11th grade
0.0,62.8727162,Female,11th grade
5.0,69.87171391,Female,11th grade
5.0,45.29329976,Female,11th grade
3.0,40.5504485,Male,11th grade
2.0,61.46573111,Male,11th grade
7.0,66.66766598,Male,11th grade
7.0,73.14913991,Male,11th grade
5.0,66.95017509,Male,11th grade
6.0,83.86652792,Male,11th grade
0.0,34.10784442,Male,11th grade
3.0,80.47617765,Male,11th grade
5.0,83.06018323,Male,11th grade
7.0,60.50842316,Male,11th grade
0.0,99.04493141,Male,11th grade
4.0,99.38690541,Male,11th grade
6.0,94.72887813,Male,11th grade
1.0,24.2039299,Male,10th grade
4.0,83.91905866,Male,10th grade
0.0,89.08557861,Female,10th grade
2.0,56.12875598,Female,10th grade
7.0,6.265661933,Female,10th grade
2.0,20.16159882,Female,10th grade
5.0,86.12409964,Female,10th grade
2.0,99.17766838,Female,10th grade
3.0,17.46290341,Female,10th grade
0.0,90.63414561,Female,10th grade
5.0,61.05151517,Female,10th grade
5.0,59.99694372,Female,10th grade
6.0,20.41671842,Female,10th grade
0.0,76.61594979,Male,10th grade
4.0,41.37528523,Male,10th grade
2.0,28.32935426,Male,10th grade
2.0,69.53245093,Male,10th grade
1.0,22.51813463,Male,10th grade
7.0,90.17712208,Male,10th grade
5.0,36.79918713,Male,10th grade
7.0,15.54898951,Male,10th grade
7.0,66.76021312,Male,10th grade
5.0,11.91054027,Male,10th grade
7.0,78.34687117,Male,10th grade
6.0,58.18521241,Male,10th grade
6.0,14.02708141,Male,10th grade
7.0,63.35195197,Male,10th grade
0.0,99.25064592,Male,10th grade
7.0,54.36795158,Male,10th grade
3.0,86.48349966,Male,10th grade
3.0,54.236927,Male,12th grade
3.0,68.13816439,Male,12th grade
3.0,26.68403934,Female,12th grade
0.0,25.70763057,Female,12th grade
0.0,57.28598215,Female,12th grade
5.0,81.10224079,Female,11th grade
2.0,89.23519997,Female,12th grade
1.0,15.53240804,Female,12th grade
3.0,81.69310864,Female,12th grade
7.0,18.46382222,Female,12th grade
2.0,23.20778037,Female,12th grade
2.0,53.20245682,Female,12th grade
7.0,98.44721105,Female,12th grade
0.0,43.36390952,Female,12th grade
3.0,87.18889527,Male,12th grade
2.0,99.20064253,Male,12th grade
4.0,37.94737315,Male,12th grade
5.0,98.44322633,Male,12th grade
3.0,48.98596485,Male,12th grade
1.0,88.43602065,Male,12th grade
7.0,87.32139369,Male,12th grade
0.0,73.30661232,Male,12th grade
1.0,76.14709716,Male,12th grade
6.0,21.67031209,Male,12th grade
0.0,34.10784442,Male,12th grade
7.0,12.10331267,Male,9th grade
6.0,90.37184496,Male,9th grade
4.0,42.79220671,Male,9th grade
0.0,47.28464354,Male,9th grade
4.0,95.10060458,Male,9th grade
2.0,94.52660879,Male,9th grade
4.0,5.08636174,Male,9th grade
0.0,94.99242997,Female,9th grade
2.0,87.31476374,Female,9th grade
5.0,80.06893476,Female,9th grade
3.0,97.45517979,Male,9th grade
0.0,70.67451976,Female,11th grade
4.0,77.88268248,Female,11th grade
2.0,71.88874208,Female,11th grade
0.0,23.65339914,Female,11th grade
0.0,83.06982867,Female,11th grade
2.0,88.46785749,Female,11th grade
1.0,24.69556334,Female,11th grade
0.0,51.08706269,Female,11th grade
2.0,86.8586048,Female,11th grade
5.0,40.79455963,Female,11th grade
7.0,51.32765319,Female,12th grade
6.0,88.53323553,Female,11th grade
1.0,36.41834536,Female,11th grade
5.0,65.04131108,Female,11th grade
5.0,68.0682032,Female,11th grade
5.0,45.29941242,Male,11th grade
1.0,66.66766598,Male,11th grade
1.0,32.35454194,Male,11th grade
3.0,25.58313701,Male,11th grade
7.0,97.84509237,Male,9th grade
2.0,55.43952605,Female,9th grade
5.0,98.65514685,Female,9th grade
3.0,74.85709219,Female,9th grade
6.0,50.34303343,Female,9th grade
0.0,15.1779208,Female,12th grade
7.0,23.65339914,Female,9th grade
2.0,40.69839771,Female,9th grade
1.0,98.52899359,Male,9th grade
0.0,34.59146656,Male,9th grade
1.0,88.95708645,Male,9th grade
2.0,47.22319469,Male,9th grade
5.0,93.26943276,Male,9th grade
7.0,94.03000955,Male,9th grade
1.0,79.30626093,Male,11th grade
3.0,86.68831688,Female,10th grade
0.0,87.02647953,Female,10th grade
3.0,44.95264333,Female,10th grade
3.0,52.03783328,Female,10th grade
0.0,54.81893823,Female,10th grade
4.0,38.84735987,Female,10th grade
3.0,43.63390292,Male,10th grade
0.0,59.72383084,Female,11th grade
5.0,62.48035985,Female,10th grade
0.0,43.63390292,Male,10th grade
3.0,63.48927185,Male,10th grade
4.0,74.34578782,Female,10th grade
1.0,78.13156862,Female,10th grade
1.0,71.65336161,Female,10th grade
0.0,25.42919289,Female,10th grade
0.0,50.92911636,Female,10th grade
0.0,46.66948125,Female,10th grade
3.0,40.72196729,Male,10th grade
2.0,32.35454194,Male,10th grade
0.0,96.61958946,Female,10th grade
1.0,41.76200357,Male,10th grade
2.0,99.54353781,Male,10th grade
1.0,96.98288299,Male,10th grade
2.0,92.18630697,Male,10th grade
5.0,63.80400179,Male,10th grade
0.0,99.32950158,Male,10th grade
2.0,58.07262747,Male,10th grade
6.0,50.41309274,Male,10th grade
0.0,97.92871792,Male,10th grade
3.0,95.05072248,Male,10th grade
0.0,68.36945909,Female,10th grade
5.0,76.12920997,Female,10th grade
4.0,48.48588362,Female,10th grade
3.0,92.75239448,Female,10th grade
5.0,57.7634963,Male,10th grade
3.0,75.41427172,Male,10th grade
7.0,75.23744118,Male,12th grade
2.0,96.3004316,Female,12th grade
0.0,96.22126431,Female,12th grade
1.0,96.2739447,Male,12th grade
4.0,40.07525181,Male,12th grade
2.0,57.76940034,Male,12th grade
2.0,20.76860603,Male,12th grade
6.0,87.58322745,Male,12th grade
7.0,45.1520129,Male,12th grade
2.0,59.75373678,Female,12th grade
4.0,95.04052672,Female,12th grade
3.0,5.086495135,Female,12th grade
5.0,25.70763057,Female,12th grade
4.0,19.47297454,Female,12th grade
6.0,98.39556937,Male,11th grade
5.0,91.62890905,Male,11th grade
7.0,64.22682777,Male,11th grade
0.0,97.04821528,Male,11th grade
1.0,24.74468341,Female,11th grade
0.0,75.7094979,Female,11th grade
3.0,57.7634963,Male,9th grade
7.0,98.6229184,Male,9th grade
1.0,71.88886111,Male,9th grade
7.0,97.96732504,Male,9th grade
7.0,71.50005362,Male,9th grade
3.0,76.13757745,Male,9th grade
7.0,72.27212496,Male,9th grade
3.0,76.44732558,Female,9th grade
3.0,38.13156894,Female,9th grade
7.0,90.25530239,Female,9th grade
0.0,69.88257682,Female,9th grade
7.0,64.26150224,Male,9th grade
5.0,98.64459528,Female,9th grade
5.0,28.54864874,Female,9th grade
0.0,72.16135334,Female,9th grade
0.0,71.40661886,Female,9th grade
5.0,90.52601655,Male,9th grade
3.0,71.41544094,Male,9th grade
7.0,45.29941242,Male,11th grade
6.0,73.82113136,Male,9th grade
0.0,87.76959561,Male,9th grade
5.0,52.41155379,Female,9th grade
2.0,61.64162643,Female,9th grade
2.0,67.48018081,Female,9th grade
0.0,74.22155378,Female,9th grade
4.0,70.07852644,Female,9th grade
7.0,50.87045271,Female,9th grade
1.0,93.55841952,Female,9th grade
7.0,79.19538136,Female,9th grade
0.0,98.88985673,Female,9th grade
3.0,98.1460872,Female,9th grade
7.0,84.84665926,Male,10th grade
7.0,97.62057642,Male,10th grade
7.0,24.19083228,Male,10th grade
7.0,92.61569365,Male,10th grade
2.0,37.96185911,Male,10th grade
0.0,36.8619196,Male,10th grade
5.0,55.7534678,Male,10th grade
3.0,83.27464083,Male,10th grade
1.0,9.585656187,Male,11th grade
5.0,70.84066228,Female,10th grade
7.0,71.40661886,Female,10th grade
0.0,88.31205805,Female,10th grade
0.0,44.29519256,Female,10th grade
7.0,59.02079621,Female,10th grade
0.0,84.61437224,Female,10th grade
1.0,66.72581086,Female,10th grade
2.0,16.94993769,Female,10th grade
1.0,25.70763057,Female,12th grade
0.0,89.59113592,Female,12th grade
0.0,76.1728684,Female,12th grade
0.0,98.64353547,Female,12th grade
4.0,72.60095123,Male,12th grade
5.0,59.20622433,Male,12th grade
6.0,27.63258692,Male,12th grade
7.0,78.52962614,Male,12th grade
6.0,51.7428672,Male,12th grade
7.0,95.9775916,Male,12th grade
0.0,99.75725428,Male,12th grade
6.0,94.79049664,Male,12th grade
0.0,23.10048656,Male,12th grade
4.0,97.91616983,Male,12th grade
0.0,17.93321779,Male,12th grade
6.0,62.27885472,Male,12th grade
6.0,52.96298965,Male,12th grade
3.0,57.52992298,Male,12th grade
0.0,52.08583923,Male,12th grade
0.0,91.74867665,Female,11th grade
5.0,44.87060316,Male,11th grade
7.0,95.74192503,Female,11th grade
0.0,48.78013478,Female,11th grade
0.0,87.85531315,Female,11th grade
5.0,37.18895874,Female,11th grade
5.0,52.85458427,Female,11th grade
7.0,91.45626301,Female,11th grade
0.0,78.82741877,Female,11th grade
2.0,41.98150796,Female,11th grade
4.0,97.40429537,Female,11th grade
0.0,9.166422739,Female,11th grade
7.0,83.86594073,Male,11th grade
0.0,99.69964941,Male,11th grade
7.0,94.22723364,Male,11th grade
7.0,79.36575134,Male,11th grade
5.0,61.12521977,Male,11th grade
7.0,58.87622836,Male,11th grade
3.0,60.88256096,Male,12th grade
0.0,41.76200357,Male,11th grade
7.0,99.45866117,Male,11th grade
3.0,56.12875598,Female,10th grade
3.0,89.23352868,Female,10th grade
3.0,33.25918052,Male,11th grade
0.0,99.57418334,Male,11th grade
7.0,46.1848097,Male,10th grade
5.0,68.33176627,Male,10th grade
5.0,97.26219433,Male,10th grade
6.0,51.77995186,Male,10th grade
6.0,98.31539033,Male,10th grade
5.0,27.10908769,Female,9th grade
7.0,23.65339914,Female,10th grade
7.0,91.91272625,Female,11th grade
0.0,37.41808551,Female,11th grade
4.0,96.08247322,Female,10th grade
0.0,97.53583218,Female,10th grade
0.0,74.23946269,Female,10th grade
0.0,50.87045271,Female,10th grade
4.0,66.72581086,Female,10th grade
5.0,62.47075585,Female,10th grade
7.0,82.85855127,Male,11th grade
0.0,97.45264335,Male,11th grade
7.0,19.81929446,Male,11th grade
7.0,97.697802,Male,11th grade
5.0,95.33664298,Male,11th grade
5.0,92.1853654,Male,11th grade
2.0,98.40324857,Male,11th grade
2.0,99.40020157,Male,11th grade
4.0,33.05049209,Male,12th grade
6.0,97.1084204,Male,11th grade
5.0,27.57233516,Female,11th grade
0.0,35.48539341,Female,11th grade
5.0,8.844227367,Female,11th grade
0.0,77.20364961,Female,12th grade
0.0,85.34776744,Female,11th grade
3.0,63.97414542,Female,11th grade
1.0,5.784497241,Female,11th grade
0.0,79.26538475,Female,11th grade
7.0,84.05862686,Female,11th grade
0.0,6.915720496,Female,11th grade
5.0,76.4894434,Male,9th grade
7.0,80.3927078,Male,9th grade
4.0,85.29469889,Female,10th grade
0.0,96.55412822,Female,9th grade
4.0,53.96737126,Female,9th grade
0.0,31.05604841,Female,9th grade
3.0,85.3639689,Male,9th grade
1.0,13.45885767,Male,10th grade
7.0,62.81069922,Male,9th grade
3.0,66.76021312,Male,9th grade
5.0,51.74396482,Male,9th grade
7.0,99.69353586,Male,9th grade
2.0,12.29980685,Male,9th grade
5.0,62.99923985,Male,12th grade
0.0,90.00861142,Female,12th grade
7.0,39.00910544,Female,12th grade
2.0,43.14984367,Female,12th grade
0.0,78.8652418,Female,12th grade
0.0,72.98083347,Female,12th grade
0.0,63.97414542,Female,12th grade
0.0,75.0530445,Female,12th grade
0.0,40.85216047,Female,12th grade
3.0,90.89468397,Female,12th grade
0.0,26.07044048,Female,12th grade
4.0,33.05049209,Male,12th grade
7.0,68.58082347,Male,12th grade
4.0,66.94864532,Male,12th grade
5.0,73.05961868,Male,12th grade
3.0,91.86658501,Male,12th grade
4.0,95.70235871,Male,12th grade
3.0,52.25342381,Male,12th grade
2.0,89.41877746,Male,12th grade
5.0,99.58606024,Female,9th grade
2.0,71.18192791,Female,9th grade
0.0,62.71201935,Female,9th grade
1.0,94.02094456,Male,9th grade
7.0,49.31286868,Male,9th grade
5.0,98.51277534,Male,9th grade
3.0,82.60338502,Male,9th grade
2.0,4.86964072,Male,9th grade
7.0,88.48320377,Male,9th grade
7.0,36.8619196,Male,9th grade
7.0,47.22319469,Male,9th grade
4.0,84.41178425,Male,9th grade
7.0,93.62257815,Male,9th grade
6.0,97.45319613,Male,12th grade
1.0,27.95943151,Male,12th grade
6.0,64.9623322,Male,12th grade
0.0,32.81098818,Female,12th grade
7.0,77.04936127,Female,12th grade
0.0,7.610620506,Female,12th grade
7.0,70.40604141,Female,12th grade
1.0,53.50194471,Female,12th grade
2.0,69.14575628,Female,12th grade
7.0,87.28304242,Female,12th grade
7.0,65.22758067,Male,12th grade
3.0,31.51531564,Male,12th grade
2.0,92.43894051,Male,12th grade
7.0,92.40387152,Male,12th grade
7.0,83.8443561,Male,12th grade
2.0,95.35210358,Male,12th grade
0.0,79.52427005,Male,12th grade
5.0,67.33594521,Male,12th grade
2.0,97.9696822,Female,11th grade
0.0,76.28817411,Female,11th grade
0.0,9.826057182,Female,11th grade
5.0,52.00817272,Female,11th grade
4.0,52.03783328,Female,11th grade
1.0,51.08706269,Female,11th grade
0.0,83.90660452,Female,11th grade
3.0,83.45551184,Female,11th grade
0.0,49.20619657,Female,11th grade
7.0,97.45319613,Male,11th grade
6.0,57.65945829,Male,11th grade
5.0,61.12521977,Male,11th grade
7.0,92.69214213,Male,11th grade
6.0,7.795843149,Male,11th grade
7.0,76.12248364,Male,11th grade
7.0,80.90775091,Male,11th grade
5.0,99.54731513,Male,11th grade
5.0,68.83070878,Male,11th grade
7.0,96.87222741,Male,10th grade
7.0,37.55228267,Male,10th grade
7.0,67.61531882,Male,10th grade
2.0,98.85282379,Male,10th grade
7.0,94.60980443,Male,10th grade
4.0,96.45674953,Male,10th grade
5.0,83.57086706,Male,10th grade
6.0,98.06886403,Male,10th grade
5.0,57.65945829,Male,10th grade
3.0,77.91537579,Female,10th grade
0.0,28.59746673,Female,10th grade
0.0,96.22862709,Female,10th grade
0.0,98.49849827,Female,10th grade
0.0,98.75128569,Female,10th grade
0.0,83.30380638,Female,10th grade
1.0,13.35510653,Female,10th grade
1.0,89.4936777,Female,10th grade
7.0,74.34578782,Female,10th grade
0.0,42.35560365,Female,10th grade
2.0,98.26889208,Female,10th grade
2.0,42.1484795,Female,10th grade
0.0,53.20245682,Female,10th grade
0.0,83.06926617,Female,10th grade
1.0,15.53240804,Female,12th grade
7.0,43.14984367,Female,11th grade
0.0,38.13969216,Female,10th grade
2.0,4.570735781,Male,11th grade
7.0,87.44951172,Male,11th grade
5.0,98.54688551,Female,11th grade
3.0,61.12521977,Male,11th grade
3.0,12.80506491,Male,11th grade
6.0,99.18115262,Male,11th grade
7.0,40.5504485,Male,11th grade
7.0,51.7428672,Male,11th grade
7.0,81.28606112,Male,11th grade
7.0,73.6816322,Male,11th grade
3.0,12.35928755,Male,11th grade
2.0,97.88467832,Female,11th grade
0.0,51.32765319,Female,11th grade
7.0,53.2684037,Female,11th grade
1.0,98.71467716,Male,12th grade
0.0,80.60917805,Male,11th grade
6.0,98.11330021,Male,11th grade
0.0,77.26466634,Female,11th grade
0.0,66.72581086,Female,11th grade
7.0,83.57086706,Male,11th grade
0.0,98.58464673,Female,11th grade
3.0,45.94823752,Male,11th grade
0.0,66.08825915,Female,11th grade
0.0,10.99453961,Female,10th grade
0.0,10.99453961,Female,10th grade
0.0,85.29469889,Female,10th grade
5.0,47.9840088,Male,10th grade
0.0,86.37201124,Male,10th grade
5.0,54.04791735,Male,10th grade
2.0,96.35496723,Male,10th grade
7.0,37.55228267,Male,10th grade
7.0,95.0351687,Male,10th grade
7.0,74.16259684,Male,10th grade
3.0,89.08334673,Male,10th grade
7.0,97.28977513,Male,10th grade
7.0,94.18563779,Male,10th grade
5.0,98.95528436,Male,10th grade
3.0,98.88586119,Female,10th grade
1.0,84.96007198,Female,10th grade
0.0,64.71334988,Female,10th grade
0.0,42.1484795,Female,10th grade
3.0,34.53400478,Female,10th grade
0.0,94.79064882,Female,9th grade
3.0,83.91905866,Male,9th grade
5.0,91.97158547,Male,9th grade
7.0,98.6366389,Male,9th grade
0.0,91.80020265,Female,9th grade
7.0,32.17782502,Male,9th grade
0.0,63.5095513,Female,9th grade
5.0,92.59985649,Male,9th grade
2.0,46.2734882,Male,9th grade
7.0,69.5988229,Male,9th grade
0.0,97.4004263,Male,9th grade
4.0,43.30369499,Male,12th grade
3.0,97.43758591,Male,12th grade
7.0,87.87854754,Male,12th grade
0.0,0.929557116,Female,12th grade
5.0,25.53707289,Female,12th grade
7.0,57.95910476,Female,12th grade
3.0,94.19883346,Female,12th grade
4.0,98.55640316,Female,12th grade
1.0,74.77496983,Female,12th grade
3.0,67.24002801,Female,12th grade
2.0,78.75181773,Male,12th grade
1.0,45.29329976,Female,10th grade
0.0,88.13215349,Female,10th grade
4.0,99.54352038,Female,10th grade
0.0,78.35309341,Female,12th grade
0.0,62.39033084,Female,12th grade
5.0,76.56454492,Male,10th grade
0.0,76.13913858,Male,10th grade
3.0,55.87295671,Male,10th grade
3.0,61.00492226,Male,10th grade
5.0,83.86594073,Male,10th grade
3.0,96.11741722,Male,10th grade
7.0,61.99475713,Male,10th grade
7.0,98.77391932,Male,10th grade
7.0,72.40258838,Male,10th grade
5.0,54.63077194,Male,10th grade
0.0,61.19590386,Female,12th grade
0.0,99.02108621,Female,12th grade
0.0,86.77254657,Female,12th grade
0.0,89.58309072,Female,12th grade
0.0,14.37822027,Female,12th grade
2.0,96.02667209,Female,12th grade
4.0,82.38806861,Female,12th grade
1.0,84.17926903,Female,12th grade
6.0,33.10249599,Male,12th grade
0.0,57.47968392,Male,12th grade
6.0,38.19455451,Male,12th grade
2.0,92.39337265,Male,12th grade
3.0,30.67625774,Male,12th grade
0.0,98.7537901,Male,12th grade
4.0,30.65152815,Male,12th grade
7.0,74.45590053,Male,12th grade
3.0,98.75061094,Male,12th grade
0.0,93.26857475,Female,11th grade
7.0,87.66542983,Female,12th grade
0.0,95.41000401,Female,11th grade
4.0,79.6996478,Female,11th grade
3.0,63.41242342,Male,12th grade
0.0,81.87688043,Male,11th grade
7.0,48.517711,Male,11th grade
3.0,33.10249599,Male,12th grade
3.0,65.18294598,Male,12th grade
0.0,99.46070778,Male,11th grade
0.0,69.06164596,Female,11th grade
1.0,66.08178759,Female,12th grade
5.0,81.84947412,Female,12th grade
0.0,93.04210866,Female,12th grade
0.0,19.47297454,Female,11th grade
5.0,57.0210877,Female,12th grade
0.0,93.85224358,Female,11th grade
0.0,99.72291252,Female,9th grade
5.0,19.64382031,Female,9th grade
0.0,46.07997675,Female,10th grade
0.0,78.58439332,Female,9th grade
0.0,90.69075623,Female,10th grade
0.0,95.75709653,Female,9th grade
2.0,92.0123153,Female,9th grade
0.0,70.7433751,Male,9th grade
1.0,43.15546548,Male,9th grade
1.0,5.580176718,Male,9th grade
0.0,55.80107617,Male,11th grade
7.0,78.75181773,Male,11th grade
4.0,96.20990788,Male,10th grade
5.0,48.32468565,Male,11th grade
0.0,35.66865835,Female,11th grade
2.0,46.07997675,Female,11th grade
0.0,82.19258456,Female,11th grade
5.0,40.85194501,Female,11th grade
4.0,5.259849103,Female,11th grade
5.0,73.65945206,Female,11th grade
5.0,42.9070731,Female,11th grade
3.0,28.01092293,Female,11th grade
6.0,56.4762692,Female,11th grade
7.0,14.37822027,Female,11th grade
2.0,39.9715367,Female,11th grade
5.0,56.49333062,Male,11th grade
4.0,48.98596485,Male,11th grade
3.0,73.28808125,Male,11th grade
1.0,62.27885472,Male,11th grade
1.0,61.09642433,Male,11th grade
4.0,86.48966513,Male,11th grade
7.0,98.84349383,Male,11th grade
4.0,78.52329339,Male,11th grade
2.0,60.66321529,Male,11th grade
3.0,97.93367044,Female,12th grade
2.0,78.35309341,Female,12th grade
7.0,83.83640914,Female,12th grade
7.0,77.20364961,Female,12th grade
6.0,65.84221705,Female,12th grade
2.0,16.07384529,Female,12th grade
2.0,30.69589607,Female,12th grade
2.0,14.81753874,Female,12th grade
4.0,67.65550199,Female,12th grade
0.0,86.02675338,Female,12th grade
0.0,81.0700108,Female,12th grade
6.0,84.94714487,Male,12th grade
0.0,27.90530303,Male,12th grade
5.0,76.78280631,Male,12th grade
5.0,55.78984744,Male,12th grade
7.0,85.98757411,Male,12th grade
7.0,47.13837771,Male,12th grade
6.0,69.84285364,Male,12th grade
3.0,97.66610716,Male,12th grade
0.0,98.12670318,Male,12th grade
0.0,33.17546115,Male,12th grade
1.0,59.36187206,Male,12th grade
7.0,15.52806328,Female,9th grade
6.0,83.06926617,Female,9th grade
0.0,26.55639437,Female,9th grade
0.0,87.60504502,Female,9th grade
1.0,78.97182509,Female,9th grade
2.0,19.48598194,Female,9th grade
5.0,54.59226081,Female,9th grade
6.0,25.58698142,Female,9th grade
1.0,91.66386894,Female,9th grade
0.0,82.7028977,Male,9th grade
5.0,52.82514857,Male,9th grade
0.0,87.8987,Male,9th grade
3.0,13.38047079,Male,9th grade
7.0,48.8563915,Male,9th grade
1.0,68.46914024,Male,9th grade
7.0,98.57684626,Male,9th grade
3.0,99.22859968,Male,9th grade
1.0,42.79220671,Male,9th grade
7.0,43.71575113,Male,10th grade
0.0,95.95794077,Male,10th grade
6.0,61.00492226,Male,10th grade
7.0,93.87468769,Male,10th grade
1.0,75.41427172,Male,10th grade
6.0,61.88431836,Male,10th grade
7.0,2.76677126,Male,10th grade
4.0,10.79505704,Male,10th grade
5.0,26.68936925,Male,10th grade
0.0,31.37615111,Male,10th grade
0.0,3.539030746,Female,10th grade
6.0,37.86086693,Female,10th grade
1.0,74.80792049,Female,10th grade
5.0,66.72581086,Female,10th grade
5.0,44.35698162,Female,10th grade
5.0,69.23037829,Female,10th grade
7.0,98.10020721,Male,11th grade
3.0,85.37867038,Male,11th grade
0.0,98.76866042,Male,11th grade
3.0,70.1846005,Male,11th grade
3.0,74.42424318,Male,11th grade
5.0,40.5504485,Male,11th grade
6.0,94.51177834,Male,11th grade
5.0,1.626257173,Male,12th grade
1.0,74.35426883,Male,11th grade
0.0,98.8000269,Male,11th grade
7.0,92.46529889,Female,11th grade
2.0,62.32337542,Female,11th grade
7.0,57.45496513,Female,11th grade
0.0,48.48588362,Female,11th grade
6.0,68.02339104,Female,11th grade
1.0,61.11298954,Female,11th grade
0.0,9.60866394,Female,11th grade
0.0,82.19258456,Female,11th grade
0.0,13.9696424,Female,12th grade
3.0,88.28166178,Female,12th grade
0.0,28.36503577,Female,12th grade
0.0,32.67138795,Female,12th grade
0.0,97.10229155,Female,12th grade
2.0,34.21869952,Female,12th grade
5.0,38.55106588,Female,12th grade
1.0,94.1589128,Female,12th grade
5.0,77.26466634,Female,12th grade
0.0,85.27938216,Male,12th grade
1.0,99.35130299,Male,12th grade
2.0,96.18360059,Male,12th grade
2.0,68.13816439,Male,12th grade
3.0,98.00219755,Male,12th grade
2.0,94.7692501,Male,12th grade
2.0,31.69146229,Male,12th grade
2.0,40.07525181,Male,12th grade
5.0,70.94099756,Male,12th grade
3.0,90.70856779,Male,12th grade
7.0,50.14851643,Male,12th grade
0.0,94.56618555,Male,12th grade
7.0,21.67031209,Male,12th grade
2.0,54.30602685,Male,12th grade
2.0,95.26378979,Female,12th grade
1.0,56.52032716,Female,12th grade
0.0,65.88575167,Female,12th grade
0.0,80.83682069,Female,12th grade
2.0,68.28334828,Female,12th grade
1.0,93.94831623,Female,12th grade
0.0,89.9964869,Female,12th grade
0.0,29.94956941,Female,12th grade
5.0,94.37294768,Male,12th grade
0.0,19.95310743,Male,12th grade
4.0,63.10741439,Male,12th grade
1.0,25.66481149,Male,12th grade
4.0,80.50659742,Male,12th grade
6.0,91.89342822,Male,12th grade
0.0,88.01784697,Female,9th grade
0.0,99.07953216,Female,9th grade
3.0,27.48917336,Female,9th grade
1.0,79.44842029,Female,9th grade
3.0,51.28932037,Female,11th grade
5.0,95.21993357,Female,10th grade
0.0,96.43469449,Female,9th grade
1.0,41.41134339,Female,9th grade
2.0,62.20949468,Female,9th grade
1.0,92.84085921,Female,12th grade
0.0,87.95841164,Female,11th grade
4.0,95.77143702,Female,11th grade
2.0,38.60495566,Female,11th grade
0.0,94.76146621,Female,11th grade
0.0,98.42558696,Female,11th grade
3.0,66.62027906,Female,11th grade
1.0,59.75373678,Female,11th grade
6.0,99.387088,Male,11th grade
7.0,97.697802,Male,11th grade
1.0,99.73612918,Male,11th grade
1.0,4.803568921,Male,11th grade
4.0,80.59668985,Male,11th grade
1.0,2.860725811,Male,11th grade
0.0,35.43738756,Female,10th grade
0.0,72.08322728,Female,10th grade
1.0,87.02647953,Female,10th grade
0.0,23.65339914,Female,11th grade
7.0,69.86952348,Male,10th grade
7.0,84.03120163,Male,10th grade
1.0,48.87334836,Male,10th grade
7.0,60.9709885,Male,10th grade
7.0,82.31303268,Male,10th grade
3.0,65.43337435,Male,10th grade
7.0,21.84739911,Male,10th grade
0.0,86.43676218,Male,10th grade
7.0,34.10784442,Male,11th grade
1.0,58.80316684,Female,11th grade
1.0,82.1545869,Female,10th grade
1.0,52.85458427,Female,10th grade
7.0,88.66598382,Female,10th grade
1.0,38.13156894,Female,10th grade
7.0,85.77710766,Male,10th grade
7.0,97.4359467,Male,10th grade
3.0,75.42161697,Female,10th grade
0.0,78.93934688,Female,10th grade
5.0,19.66638439,Female,10th grade
7.0,63.81111277,Female,10th grade
5.0,40.05564445,Male,12th grade
0.0,95.86350969,Male,10th grade
0.0,15.52368583,Male,11th grade
0.0,19.64801236,Male,11th grade
7.0,87.98815832,Male,11th grade
1.0,96.26277604,Male,11th grade
6.0,79.52653902,Male,11th grade
6.0,95.33664298,Male,11th grade
1.0,96.2428749,Male,11th grade
7.0,82.70481706,Male,11th grade
3.0,85.93465272,Male,11th grade
5.0,83.57367457,Female,11th grade
5.0,35.66865835,Female,11th grade
3.0,47.49270385,Female,11th grade
1.0,92.09238408,Female,11th grade
5.0,13.9696424,Female,12th grade
6.0,71.71622116,Female,12th grade
1.0,98.36208331,Male,12th grade
6.0,72.36220244,Male,12th grade
0.0,59.47628526,Male,12th grade
3.0,99.14561406,Male,12th grade
0.0,74.79862377,Male,12th grade
7.0,96.91216617,Male,12th grade
3.0,33.10249599,Male,12th grade
7.0,50.14851643,Male,12th grade
2.0,66.5318241,Male,12th grade
2.0,94.2759146,Male,12th grade
7.0,99.39755547,Male,12th grade
7.0,45.29941242,Male,12th grade
1.0,85.49144509,Male,9th grade
2.0,0.561728932,Male,9th grade
7.0,5.205666433,Male,9th grade
0.0,94.49838845,Female,9th grade
3.0,45.91878523,Female,9th grade
0.0,5.165849984,Female,9th grade
4.0,36.05467439,Female,9th grade
0.0,93.90236056,Male,9th grade
1.0,72.21362837,Female,11th grade
4.0,98.09588337,Male,10th grade
2.0,94.25583977,Male,11th grade
7.0,98.60730006,Male,11th grade
7.0,96.43490286,Male,11th grade
7.0,93.76273186,Male,10th grade
7.0,74.42424318,Male,11th grade
6.0,69.77678882,Male,11th grade
5.0,25.54426508,Male,11th grade
7.0,51.7428672,Male,11th grade
2.0,92.89279363,Male,11th grade
1.0,1.626257173,Male,11th grade
1.0,21.08701585,Female,11th grade
7.0,92.12085012,Female,11th grade
1.0,72.21362837,Female,11th grade
1.0,74.77496983,Female,11th grade
0.0,5.281255376,Female,11th grade
0.0,21.1789836,Female,11th grade
0.0,83.77982268,Female,12th grade
7.0,94.42088905,Female,11th grade
3.0,9.166422739,Female,11th grade
5.0,53.20245682,Female,11th grade
2.0,95.35140049,Female,11th grade
1.0,89.7600136,Female,9th grade
6.0,45.26162121,Female,9th grade
1.0,94.98144459,Female,9th grade
7.0,79.60759792,Female,9th grade
2.0,87.30612809,Female,9th grade
4.0,86.88318958,Male,9th grade
7.0,51.99882236,Male,9th grade
1.0,17.43750439,Male,9th grade
4.0,68.97887206,Male,9th grade
0.0,49.72255359,Male,9th grade
7.0,67.45640015,Male,9th grade
5.0,13.32950299,Male,9th grade
4.0,75.69056427,Male,9th grade
0.0,54.38998582,Male,9th grade
1.0,42.79220671,Male,9th grade
0.0,45.33714908,Female,9th grade
2.0,90.31507406,Female,9th grade
0.0,66.05293614,Female,9th grade
3.0,51.07051564,Female,9th grade
2.0,99.51501213,Female,9th grade
4.0,94.9236,Female,9th grade
0.0,90.73457158,Female,9th grade
2.0,5.086495135,Female,12th grade
3.0,92.83424307,Female,12th grade
0.0,46.60251916,Female,12th grade
0.0,57.95910476,Female,12th grade
3.0,23.81912584,Female,12th grade
3.0,72.36921722,Female,12th grade
1.0,69.5957294,Female,12th grade
1.0,99.29197622,Female,12th grade
3.0,82.37104942,Female,12th grade
0.0,76.72045861,Female,12th grade
3.0,97.11968904,Female,12th grade
0.0,83.77982268,Female,12th grade
0.0,91.84480724,Female,12th grade
2.0,98.30550734,Female,12th grade
0.0,4.623440432,Male,12th grade
6.0,47.36951916,Male,12th grade
2.0,13.25743495,Male,12th grade
2.0,99.16693778,Male,12th grade
0.0,10.71269185,Male,12th grade
0.0,96.39064078,Male,12th grade
0.0,98.35228845,Male,12th grade
7.0,78.97948646,Female,10th grade
4.0,36.18452036,Female,10th grade
5.0,81.97672505,Male,11th grade
5.0,71.86325702,Male,10th grade
0.0,33.10249599,Male,10th grade
4.0,95.15545676,Male,10th grade
3.0,38.13469566,Male,10th grade
3.0,90.98325619,Female,10th grade
3.0,88.95240548,Female,10th grade
7.0,96.94902892,Female,10th grade
4.0,89.95541728,Female,10th grade
0.0,25.09923397,Female,10th grade
0.0,33.66779009,Female,10th grade
1.0,23.52098729,Female,10th grade
5.0,77.7669271,Female,10th grade
0.0,14.95820722,Female,10th grade
5.0,87.83031144,Female,10th grade
0.0,96.47631529,Female,11th grade
0.0,95.63240476,Female,10th grade
4.0,8.872856689,Male,10th grade
7.0,48.66934789,Male,10th grade
0.0,81.7100925,Female,10th grade
5.0,94.18182268,Male,10th grade
0.0,60.64474404,Male,10th grade
7.0,19.43625279,Male,10th grade
3.0,98.81666886,Male,10th grade
7.0,84.0560604,Male,10th grade
0.0,74.74124853,Male,10th grade
4.0,81.55152509,Female,10th grade
0.0,35.68385606,Female,10th grade
1.0,77.65469287,Female,10th grade
2.0,21.293857,Female,10th grade
0.0,74.75823766,Female,10th grade
0.0,24.92124987,Female,10th grade
3.0,67.16680562,Female,10th grade
7.0,22.00897479,Female,10th grade
7.0,80.19448455,Female,10th grade
0.0,87.87850996,Female,10th grade
0.0,48.39929751,Female,10th grade
1.0,57.31734359,Female,10th grade
4.0,42.1484795,Female,10th grade
0.0,52.93975746,Female,10th grade
0.0,46.48345897,Female,10th grade
0.0,90.38448819,Male,12th grade
5.0,59.36187206,Male,12th grade
6.0,40.05564445,Male,12th grade
0.0,83.83716201,Male,12th grade
2.0,97.66555793,Male,12th grade
0.0,94.25583977,Male,12th grade
7.0,42.88471454,Male,12th grade
0.0,97.43758591,Male,12th grade
2.0,97.83486502,Male,12th grade
1.0,98.41070272,Male,12th grade
0.0,17.94022959,Male,12th grade
0.0,60.47945217,Male,12th grade
0.0,49.07165942,Female,12th grade
0.0,82.389679,Female,12th grade
0.0,62.21357175,Female,12th grade
3.0,9.166422739,Female,12th grade
5.0,27.97089061,Female,12th grade
0.0,79.16293108,Female,12th grade
0.0,98.20843328,Female,12th grade
1.0,3.484393708,Female,12th grade
6.0,47.13225379,Female,12th grade
1.0,95.71269842,Female,9th grade
0.0,15.52208415,Male,9th grade
5.0,86.48349966,Male,9th grade
7.0,46.34039738,Male,9th grade
4.0,34.52856862,Male,9th grade
5.0,90.31507406,Female,9th grade
4.0,30.29781056,Female,9th grade
6.0,42.54722762,Female,9th grade
0.0,92.38597328,Female,9th grade
6.0,71.98123934,Female,9th grade
2.0,94.08124471,Female,9th grade
4.0,45.23145513,Female,9th grade
0.0,35.75781836,Female,9th grade
5.0,57.00752646,Female,9th grade
6.0,60.75872902,Female,9th grade
7.0,18.1526953,Female,9th grade
5.0,83.35027142,Female,9th grade
5.0,53.96737126,Female,9th grade
7.0,67.95392435,Female,9th grade
7.0,89.22539268,Female,9th grade
1.0,99.2021726,Female,9th grade
0.0,85.48805015,Female,9th grade
5.0,62.8727162,Female,11th grade
5.0,65.01123559,Female,11th grade
0.0,33.86369686,Female,11th grade
4.0,63.85013973,Female,11th grade
5.0,87.87850996,Female,11th grade
0.0,93.85224358,Female,11th grade
0.0,23.65339914,Female,11th grade
0.0,74.34578782,Female,11th grade
4.0,93.5524051,Female,11th grade
6.0,63.68537415,Male,11th grade
5.0,11.91054027,Male,11th grade
2.0,96.87222741,Male,11th grade
1.0,64.22682777,Male,11th grade
7.0,31.69146229,Male,11th grade
6.0,3.194833318,Male,11th grade
6.0,8.872856689,Male,11th grade
7.0,73.74393215,Male,11th grade
0.0,12.85383669,Male,11th grade
7.0,70.11803045,Male,11th grade
2.0,25.58313701,Male,11th grade
7.0,45.71292164,Male,11th grade
1.0,94.36688785,Female,10th grade
0.0,85.72036702,Female,10th grade
7.0,61.88431836,Male,10th grade
0.0,78.81888198,Male,10th grade
5.0,90.01892993,Male,10th grade
0.0,30.75861295,Male,10th grade
4.0,45.16626978,Male,10th grade
5.0,41.00114576,Female,10th grade
0.0,80.10061405,Female,10th grade
0.0,71.88874208,Female,10th grade
1.0,90.05670299,Female,10th grade
1.0,35.68385606,Female,10th grade
3.0,93.33379186,Female,10th grade
0.0,77.80336579,Female,10th grade
0.0,98.88094761,Female,10th grade
3.0,94.98144459,Female,10th grade
0.0,70.79707863,Female,10th grade
0.0,68.0682032,Female,10th grade
0.0,85.43273275,Female,10th grade
1.0,74.60880949,Female,10th grade
7.0,3.163642944,Male,11th grade
5.0,98.85157068,Male,11th grade
7.0,77.69689813,Male,11th grade
5.0,35.20622619,Male,11th grade
5.0,50.27447135,Male,11th grade
0.0,92.72607031,Male,11th grade
0.0,81.55152509,Female,11th grade
7.0,95.2156624,Female,11th grade
4.0,78.49511179,Female,11th grade
0.0,91.45626301,Female,11th grade
3.0,92.31078436,Female,11th grade
0.0,83.09080929,Female,11th grade
1.0,92.94782331,Female,11th grade
0.0,97.01089676,Female,11th grade
1.0,81.05074651,Female,11th grade
3.0,50.83565947,Female,11th grade
1.0,80.57241076,Female,11th grade
4.0,11.24714098,Female,11th grade
5.0,55.35057859,Male,11th grade
4.0,94.74810497,Male,11th grade
7.0,65.22758067,Male,11th grade
2.0,12.85383669,Male,11th grade
5.0,98.39253409,Male,11th grade
3.0,31.37615111,Male,11th grade
1.0,29.14504055,Male,11th grade
0.0,87.2995446,Male,12th grade
3.0,19.98618238,Female,11th grade
7.0,95.58149175,Female,12th grade
0.0,10.90589105,Female,12th grade
2.0,48.05850021,Female,12th grade
0.0,96.23919207,Female,12th grade
0.0,24.03471904,Female,12th grade
5.0,85.24612213,Female,12th grade
5.0,90.31735531,Male,12th grade
2.0,67.33594521,Male,12th grade
0.0,38.18531901,Male,12th grade
1.0,95.29459206,Male,12th grade
4.0,73.05961868,Male,12th grade
2.0,97.68971482,Male,12th grade
7.0,60.67838341,Male,12th grade
4.0,80.50659742,Male,12th grade
3.0,78.69808838,Male,12th grade
2.0,87.65979453,Male,12th grade
3.0,91.45359134,Male,9th grade
5.0,84.19141188,Male,9th grade
7.0,70.8375548,Male,10th grade
0.0,69.86952348,Male,9th grade
0.0,24.00040538,Male,9th grade
6.0,51.74396482,Male,9th grade
6.0,75.82198411,Male,9th grade
0.0,69.13113635,Male,9th grade
7.0,68.38112974,Male,9th grade
7.0,33.20018874,Male,9th grade
4.0,81.80727095,Female,9th grade
0.0,86.66563258,Female,9th grade
3.0,81.88567938,Female,9th grade
5.0,31.05604841,Female,9th grade
5.0,42.53225571,Female,9th grade
2.0,86.87757138,Female,9th grade
2.0,44.53701323,Female,9th grade
7.0,96.43469449,Female,9th grade
0.0,82.23608164,Female,9th grade
7.0,74.94547377,Male,10th grade
2.0,17.74504799,Female,9th grade
7.0,45.16626978,Male,10th grade
7.0,90.14559912,Male,11th grade
4.0,27.74545863,Male,10th grade
3.0,93.95733265,Male,9th grade
5.0,61.00492226,Male,10th grade
2.0,74.85968073,Female,9th grade
6.0,40.55138048,Female,10th grade
5.0,47.52350758,Female,9th grade
7.0,75.23467758,Female,9th grade
6.0,42.99301921,Female,9th grade
1.0,88.37481573,Female,10th grade
7.0,69.87171391,Female,10th grade
2.0,62.06902098,Female,9th grade
3.0,98.74550672,Male,10th grade
1.0,69.88257682,Female,10th grade
1.0,58.1206334,Female,9th grade
0.0,51.12976971,Male,9th grade
7.0,98.14197185,Male,11th grade
5.0,69.91124718,Female,11th grade
6.0,75.65036356,Male,11th grade
0.0,72.60095123,Male,11th grade
2.0,52.74582649,Female,11th grade
1.0,67.15623216,Female,11th grade
3.0,42.05103451,Male,11th grade
3.0,48.98596485,Male,11th grade
0.0,74.84675066,Male,11th grade
5.0,23.08581764,Female,11th grade
0.0,56.12393568,Female,11th grade
4.0,58.18062198,Female,11th grade
3.0,50.83565947,Female,11th grade
2.0,86.32980556,Female,11th grade
6.0,31.69146229,Male,11th grade
2.0,10.89712829,Female,11th grade
1.0,2.374234691,Male,11th grade
3.0,87.10946842,Male,11th grade
0.0,24.47152508,Female,11th grade
7.0,58.2330153,Female,11th grade
3.0,71.24517665,Female,11th grade
0.0,26.12873047,Female,11th grade
1.0,84.67610222,Female,10th grade
4.0,4.639382955,Male,11th grade
0.0,13.78999144,Male,9th grade
1.0,54.15385884,Female,10th grade
4.0,42.58443965,Male,11th grade
7.0,56.92345524,Female,9th grade
2.0,63.85013973,Female,9th grade
3.0,76.16361312,Female,10th grade
7.0,42.24072011,Female,9th grade
2.0,86.49839012,Female,10th grade
2.0,3.163642944,Male,12th grade
4.0,56.32057943,Male,12th grade
2.0,63.10741439,Male,12th grade
2.0,32.35454194,Male,11th grade
0.0,34.15732774,Female,11th grade
4.0,91.41477826,Female,11th grade
5.0,37.55228267,Male,11th grade
5.0,30.69589607,Female,12th grade
1.0,58.54997123,Male,11th grade
5.0,39.64309673,Female,11th grade
7.0,62.83122911,Female,11th grade
1.0,81.55152509,Female,11th grade
2.0,86.95492749,Female,11th grade
3.0,71.66912864,Female,11th grade
4.0,61.12521977,Male,11th grade
0.0,4.324742377,Female,11th grade
2.0,70.67451976,Female,11th grade
7.0,99.78185943,Male,9th grade
7.0,80.42426335,Male,11th grade
3.0,66.95017509,Male,11th grade
7.0,84.50209709,Female,11th grade
4.0,99.21347352,Male,9th grade
7.0,92.75239448,Female,9th grade
2.0,93.53824674,Female,9th grade
7.0,52.93975746,Female,9th grade
0.0,99.75215075,Male,9th grade
1.0,18.56271072,Female,9th grade
7.0,31.37615111,Male,9th grade
7.0,76.16067723,Male,9th grade
4.0,33.65244897,Female,9th grade
3.0,36.04892235,Female,12th grade
4.0,61.32168999,Male,12th grade
0.0,18.46336599,Female,11th grade
3.0,93.20710178,Female,12th grade
0.0,75.86208809,Male,12th grade
4.0,10.130113,Male,11th grade
2.0,43.67278106,Female,12th grade
4.0,57.48680824,Female,12th grade
4.0,49.99841183,Female,11th grade
0.0,26.6755441,Female,12th grade
0.0,14.37822027,Female,12th grade
0.0,70.01219992,Female,12th grade
7.0,57.61149421,Male,10th grade
7.0,71.62358012,Male,10th grade
4.0,54.76825471,Male,10th grade
3.0,80.97504778,Male,10th grade
0.0,65.16237708,Female,10th grade
0.0,56.26811413,Male,10th grade
0.0,92.68923451,Female,10th grade
3.0,87.26940456,Female,10th grade
6.0,48.66934789,Male,10th grade
2.0,48.01473168,Male,10th grade
1.0,46.48345897,Female,10th grade
5.0,62.97929123,Female,10th grade
7.0,16.20937432,Female,10th grade
6.0,74.10960037,Male,10th grade
7.0,77.41515186,Female,9th grade
4.0,2.76677126,Male,10th grade
2.0,97.81659594,Female,10th grade
2.0,75.11573491,Male,10th grade
5.0,93.56191162,Female,10th grade
7.0,90.57566547,Male,10th grade
5.0,53.218169,Female,10th grade
2.0,81.98085734,Female,10th grade
7.0,83.32303085,Female,10th grade
4.0,79.94321014,Female,10th grade
4.0,37.18895874,Female,10th grade
3.0,16.01481832,Female,10th grade
7.0,36.10964177,Female,10th grade
3.0,98.57745912,Female,10th grade
6.0,33.25918052,Male,11th grade
7.0,63.87226631,Male,11th grade
0.0,67.16680562,Female,10th grade
4.0,54.83067286,Female,11th grade
6.0,38.01409877,Male,11th grade
0.0,65.84221705,Female,11th grade
6.0,28.81864544,Female,11th grade
1.0,84.20292204,Male,11th grade
6.0,8.886161354,Female,11th grade
7.0,35.69459997,Female,11th grade
2.0,56.12875598,Female,11th grade
4.0,0.673852268,Female,11th grade
7.0,52.00817272,Female,11th grade
7.0,78.84255534,Female,10th grade
3.0,93.57527412,Male,11th grade
3.0,59.6972449,Female,10th grade
6.0,5.526833422,Female,11th grade
0.0,12.52443009,Female,11th grade
0.0,71.66639004,Male,11th grade
1.0,90.83184734,Female,11th grade
7.0,64.26150224,Male,11th grade
7.0,61.62211135,Male,11th grade
5.0,36.68936176,Female,11th grade
4.0,25.50975173,Male,11th grade
0.0,34.4098771,Male,11th grade
7.0,2.841406798,Male,12th grade
6.0,85.52042096,Male,11th grade
5.0,81.83227674,Female,11th grade
0.0,96.4728734,Male,11th grade
5.0,93.2851331,Male,10th grade
4.0,42.53225571,Female,9th grade
2.0,50.87045271,Female,9th grade
7.0,45.91878523,Female,9th grade
2.0,60.40220895,Male,12th grade
7.0,92.18630697,Male,11th grade
1.0,76.4894434,Male,10th grade
1.0,19.12902502,Female,11th grade
5.0,99.08289533,Female,11th grade
7.0,52.44267548,Male,9th grade
5.0,55.36522941,Male,9th grade
4.0,5.59090431,Male,12th grade
5.0,97.625623,Female,10th grade
3.0,97.68724399,Female,10th grade
0.0,18.17579021,Female,10th grade
0.0,44.29519256,Female,10th grade
3.0,37.6095217,Male,10th grade
1.0,27.8727641,Female,10th grade
4.0,2.043306554,Female,10th grade
0.0,29.14256978,Male,10th grade
4.0,95.15268037,Male,9th grade
5.0,98.64661128,Male,10th grade
6.0,60.06952126,Female,9th grade
0.0,83.38004367,Male,10th grade
5.0,75.69056427,Male,9th grade
0.0,15.52806328,Female,9th grade
7.0,98.80049558,Male,10th grade
1.0,81.07986622,Female,10th grade
1.0,90.08907671,Male,10th grade
3.0,62.1722879,Female,9th grade
5.0,81.88920139,Male,10th grade
6.0,98.89923338,Male,10th grade
2.0,92.09238408,Female,10th grade
3.0,37.55228267,Male,10th grade
0.0,5.526833422,Female,10th grade
7.0,92.98657363,Male,10th grade
7.0,11.91054027,Male,10th grade
7.0,84.94984176,Female,10th grade
7.0,76.13913858,Male,10th grade
4.0,96.78654231,Male,10th grade
1.0,47.9840088,Male,10th grade
2.0,23.08802688,Female,10th grade
7.0,66.66766598,Male,10th grade
2.0,93.43088192,Female,10th grade
2.0,32.89198615,Female,10th grade
0.0,4.639382955,Male,11th grade
7.0,84.24798309,Male,9th grade
0.0,78.66079606,Female,12th grade
4.0,35.66865835,Female,11th grade
5.0,0.895917434,Male,12th grade
0.0,84.25378028,Female,12th grade
5.0,93.58023398,Male,9th grade
7.0,87.39539654,Male,10th grade
2.0,41.48252506,Female,10th grade
7.0,5.59090431,Male,11th grade
0.0,61.12521977,Male,12th grade
1.0,93.33913318,Female,10th grade
7.0,63.6226619,Male,10th grade
1.0,79.92192149,Male,10th grade
2.0,13.08187583,Male,11th grade
7.0,98.59339935,Male,10th grade
3.0,95.57547523,Male,10th grade
0.0,12.35928755,Male,11th grade
4.0,62.18674919,Female,11th grade
6.0,90.74861503,Female,11th grade
0.0,65.88575167,Female,11th grade
2.0,80.5301532,Female,11th grade
0.0,87.90547486,Male,10th grade
7.0,97.65709632,Male,10th grade
3.0,42.90537454,Female,10th grade
0.0,90.5315159,Female,11th grade
0.0,88.18931981,Female,11th grade
7.0,1.488546719,Male,11th grade
3.0,98.03759343,Male,10th grade
6.0,83.03329401,Male,11th grade
6.0,55.06915825,Male,10th grade
0.0,89.74375782,Female,10th grade
3.0,36.0477335,Female,10th grade
1.0,69.23037829,Female,10th grade
3.0,69.86952348,Male,11th grade
4.0,99.52700573,Male,12th grade
0.0,80.55410129,Male,10th grade
1.0,67.50042545,Female,10th grade
0.0,41.76200357,Male,10th grade
0.0,23.38379549,Female,11th grade
3.0,90.69075623,Female,10th grade
4.0,71.95149738,Female,12th grade
7.0,83.38004367,Male,11th grade
4.0,97.37935273,Female,10th grade
2.0,93.47508316,Female,10th grade
2.0,7.381029627,Female,10th grade
0.0,18.56271072,Female,10th grade
3.0,36.20974188,Male,10th grade
2.0,99.30645185,Male,11th grade
3.0,37.97610596,Female,10th grade
2.0,79.57774669,Male,10th grade
2.0,99.17004588,Male,10th grade
5.0,97.59471615,Male,10th grade
2.0,67.21733084,Female,10th grade
2.0,5.281255376,Female,10th grade
2.0,35.69459997,Female,10th grade
0.0,69.88257682,Female,10th grade
5.0,24.49606062,Male,10th grade
0.0,43.13219212,Female,10th grade
2.0,76.16361312,Female,10th grade
5.0,82.64822601,Male,10th grade
0.0,85.03453453,Female,10th grade
6.0,31.37223778,Male,11th grade
3.0,56.79061795,Female,10th grade
0.0,25.04857867,Male,10th grade
7.0,72.94044949,Male,11th grade
1.0,89.24759602,Male,10th grade
1.0,60.9709885,Male,11th grade
3.0,53.02162601,Female,12th grade
1.0,98.07642499,Female,12th grade
2.0,94.71159568,Female,12th grade
3.0,52.85458427,Female,11th grade
0.0,89.23253452,Female,12th grade
3.0,44.95264333,Female,10th grade
5.0,27.55647439,Female,12th grade
7.0,13.32173845,Male,12th grade
0.0,40.85216047,Female,11th grade
0.0,57.45496513,Female,12th grade
7.0,78.57310447,Female,12th grade
2.0,87.60221101,Female,10th grade
7.0,93.65518174,Male,12th grade
0.0,56.12875598,Female,11th grade
1.0,23.38379549,Female,12th grade
5.0,61.81583233,Male,11th grade
0.0,70.02580011,Male,11th grade
5.0,3.967517444,Male,12th grade
0.0,86.68831688,Female,10th grade
7.0,28.54864874,Female,10th grade
1.0,38.76504839,Female,9th grade
0.0,84.33451165,Female,11th grade
0.0,81.80727095,Female,9th grade
6.0,97.31809267,Male,9th grade
5.0,11.92806296,Female,9th grade
2.0,22.66659312,Female,9th grade
5.0,83.52662952,Male,9th grade
3.0,87.91928191,Female,9th grade
4.0,99.48122456,Male,9th grade
3.0,66.74525704,Male,9th grade
6.0,25.66497134,Male,9th grade
7.0,15.41873693,Male,9th grade
2.0,91.66386894,Female,9th grade
0.0,99.03098701,Male,9th grade
7.0,17.10104412,Male,9th grade
5.0,93.57477326,Male,9th grade
4.0,48.39929751,Female,9th grade
3.0,65.63127873,Female,9th grade
0.0,99.23415163,Male,9th grade
5.0,91.70003982,Male,9th grade
4.0,35.74194696,Male,9th grade
4.0,70.33923046,Male,9th grade
2.0,93.25646553,Male,9th grade
7.0,47.24873407,Female,9th grade
7.0,89.3252867,Male,9th grade
0.0,63.50973543,Male,9th grade
3.0,66.99718709,Female,9th grade
6.0,93.32023059,Male,9th grade
3.0,96.70632705,Male,9th grade
7.0,98.04942886,Male,9th grade
7.0,1.193546724,Male,10th grade
7.0,90.51467987,Male,11th grade
1.0,1.150116599,Female,12th grade
0.0,95.23595706,Male,10th grade
4.0,87.50167897,Male,10th grade
5.0,70.11803045,Male,12th grade
6.0,75.39423481,Female,10th grade
0.0,90.45285503,Male,12th grade
6.0,44.91365764,Male,12th grade
4.0,23.65339914,Female,10th grade
7.0,19.73341356,Male,10th grade
3.0,50.0155871,Male,10th grade
0.0,64.26150224,Male,10th grade
2.0,10.90941439,Male,10th grade
7.0,40.43831387,Male,10th grade
7.0,87.9197782,Male,10th grade
2.0,40.69479916,Male,10th grade
3.0,61.00492226,Male,10th grade
6.0,75.88894522,Male,10th grade
3.0,22.91304404,Female,10th grade
3.0,91.52803604,Male,10th grade
7.0,99.12269805,Male,10th grade
1.0,72.8548793,Female,10th grade
7.0,68.73980755,Male,10th grade
2.0,56.42256534,Male,10th grade
7.0,38.52844039,Male,10th grade
7.0,58.167767,Male,10th grade
5.0,98.65514685,Female,10th grade
7.0,2.215221916,Male,10th grade
3.0,46.75078327,Female,12th grade
7.0,86.35803709,Male,9th grade
2.0,55.50508414,Male,9th grade
7.0,0.044414126,Female,9th grade
7.0,74.35426883,Male,9th grade
7.0,54.04791735,Male,9th grade
0.0,45.23145513,Female,9th grade
4.0,13.72674836,Male,9th grade
5.0,50.07999059,Male,9th grade
3.0,44.42268346,Female,9th grade
6.0,74.18674572,Female,9th grade
6.0,65.01962099,Male,9th grade
7.0,69.30983048,Male,9th grade
3.0,80.78825447,Female,9th grade
7.0,99.48179603,Male,10th grade
7.0,87.45789419,Male,9th grade
7.0,97.84509237,Male,9th grade
0.0,34.72815456,Female,9th grade
0.0,92.71119241,Female,9th grade
2.0,53.96737126,Female,9th grade
2.0,14.02708141,Male,9th grade
0.0,97.37142218,Male,9th grade
5.0,76.4894434,Male,9th grade
0.0,11.60014622,Female,9th grade
7.0,71.72744546,Female,9th grade
0.0,92.66393201,Male,9th grade
2.0,83.76843903,Female,9th grade
5.0,85.8509833,Female,9th grade
0.0,63.88776352,Female,9th grade
7.0,85.95764212,Male,9th grade
1.0,56.95703982,Female,9th grade
5.0,55.80618027,Male,9th grade
0.0,68.81281941,Female,9th grade
7.0,87.12173448,Female,9th grade
5.0,98.19619209,Male,9th grade
2.0,55.87858886,Male,9th grade
0.0,82.96322536,Male,9th grade
6.0,30.85649979,Male,9th grade
0.0,80.10061405,Female,9th grade
3.0,82.37580436,Female,9th grade
0.0,20.46953227,Female,9th grade
4.0,76.13757745,Male,9th grade
0.0,93.57446282,Female,9th grade
7.0,0.758042583,Male,9th grade
1.0,99.14650591,Male,10th grade
1.0,24.37249185,Female,10th grade
1.0,74.34578782,Female,10th grade
2.0,86.87757138,Female,10th grade
4.0,83.07923933,Female,10th grade
4.0,69.91124718,Female,10th grade
0.0,20.56534845,Male,10th grade
6.0,69.17629728,Male,10th grade
3.0,23.06718521,Male,10th grade
7.0,92.54301116,Male,10th grade
1.0,95.03683894,Female,10th grade
0.0,30.54443285,Female,9th grade
7.0,96.43469449,Female,9th grade
2.0,95.41758153,Male,9th grade
1.0,75.39423481,Female,9th grade
7.0,8.572778087,Male,9th grade
7.0,99.09885489,Male,9th grade
5.0,38.13156894,Female,9th grade
7.0,55.79291405,Male,10th grade
2.0,52.67438769,Female,9th grade
3.0,91.49318883,Male,9th grade
7.0,79.69966839,Male,9th grade
3.0,69.54558992,Female,9th grade
0.0,84.79922772,Female,12th grade
0.0,47.13225379,Female,12th grade
0.0,53.51070343,Male,12th grade
0.0,76.72045861,Female,12th grade
7.0,20.7059452,Female,12th grade
6.0,93.10752076,Male,12th grade
4.0,90.445849,Male,12th grade
0.0,99.55801844,Male,12th grade
5.0,89.59983561,Female,12th grade
1.0,58.69524984,Female,12th grade
7.0,97.66555793,Male,12th grade
4.0,0.130405029,Male,12th grade
0.0,57.0210877,Female,12th grade
0.0,67.03684366,Female,12th grade
0.0,29.2031064,Male,12th grade
4.0,98.31858031,Male,10th grade
0.0,93.61608247,Female,10th grade
1.0,96.94902892,Female,10th grade
0.0,90.3021417,Female,10th grade
2.0,83.06926617,Female,10th grade
5.0,47.9840088,Male,10th grade
1.0,47.57670396,Female,10th grade
2.0,94.14135345,Male,10th grade
1.0,65.52232649,Female,10th grade
0.0,97.13037797,Female,10th grade
3.0,99.4389986,Female,10th grade
0.0,86.8586048,Female,10th grade
1.0,12.0889531,Male,10th grade
0.0,36.8619196,Male,10th grade
3.0,33.35731803,Female,10th grade
0.0,80.45814115,Male,10th grade
6.0,81.73093016,Male,10th grade
0.0,95.15545676,Male,10th grade
2.0,97.08465579,Female,10th grade
1.0,79.57444257,Female,9th grade
0.0,37.57997923,Female,9th grade
0.0,65.17949807,Female,9th grade
0.0,98.81792138,Male,9th grade
0.0,92.18543092,Female,9th grade
3.0,94.70532232,Female,9th grade
0.0,76.61594979,Male,10th grade
1.0,76.16976792,Male,10th grade
7.0,56.22848897,Male,10th grade
2.0,36.8619196,Male,10th grade
6.0,80.88250689,Male,10th grade
7.0,71.94732334,Male,10th grade
4.0,73.59778515,Male,10th grade
3.0,36.89716191,Male,10th grade
0.0,62.34302909,Female,10th grade
6.0,56.12271161,Female,10th grade
0.0,79.12937203,Female,10th grade
5.0,56.25019224,Female,10th grade
2.0,79.6996478,Female,10th grade
6.0,22.37765548,Female,10th grade
0.0,35.66865835,Female,10th grade
0.0,49.73333109,Female,10th grade
1.0,90.86139784,Female,10th grade
1.0,18.66682582,Female,10th grade
3.0,71.40661886,Female,10th grade
3.0,89.95541728,Female,10th grade
1.0,67.50042545,Female,10th grade
2.0,86.66563258,Female,10th grade
2.0,31.25098585,Female,10th grade
7.0,69.86952348,Male,11th grade
4.0,17.71649199,Male,11th grade
1.0,89.90649736,Male,11th grade
3.0,86.77246275,Male,11th grade
4.0,22.51813463,Male,11th grade
1.0,77.00916842,Male,11th grade
7.0,98.95719794,Male,11th grade
5.0,1.880128952,Male,11th grade
0.0,65.33623547,Male,11th grade
1.0,66.72581086,Female,11th grade
0.0,73.99784099,Female,11th grade
7.0,28.91092809,Female,11th grade
6.0,28.16230151,Female,11th grade
0.0,33.25924879,Female,11th grade
0.0,91.45626301,Female,11th grade
1.0,53.62901996,Female,11th grade
7.0,61.79232599,Female,11th grade
0.0,57.31734359,Female,11th grade
7.0,60.14676618,Female,11th grade
3.0,66.5318241,Male,12th grade
7.0,97.38183879,Male,12th grade
0.0,96.48162465,Male,12th grade
1.0,90.64452032,Male,12th grade
7.0,63.67531538,Male,12th grade
7.0,83.90474553,Male,12th grade
4.0,90.99430676,Male,12th grade
0.0,83.03210906,Male,12th grade
1.0,75.2628239,Male,12th grade
0.0,34.21869952,Female,12th grade
0.0,13.16010488,Female,12th grade
0.0,19.12650374,Female,12th grade
0.0,25.21110536,Female,12th grade
0.0,75.83754765,Female,12th grade
0.0,40.69839771,Female,9th grade
0.0,30.2601081,Female,9th grade
0.0,35.75781836,Female,9th grade
2.0,75.68396476,Female,9th grade
6.0,60.75872902,Female,9th grade
6.0,43.23195674,Female,9th grade
3.0,98.91480641,Female,9th grade
0.0,75.68396476,Female,9th grade
2.0,93.27889871,Female,9th grade
6.0,41.48406277,Male,9th grade
3.0,73.34194564,Male,9th grade
1.0,24.19083228,Male,9th grade
4.0,70.7433751,Male,9th grade
7.0,24.78306649,Male,9th grade
0.0,47.60096829,Male,9th grade
1.0,65.34488062,Male,9th grade
2.0,93.25646553,Male,9th grade
0.0,66.76021312,Male,9th grade
0.0,9.585656187,Male,9th grade
7.0,79.92192149,Male,9th grade
4.0,82.31303268,Male,9th grade
4.0,98.6614814,Male,9th grade
7.0,15.41873693,Male,9th grade
2.0,90.17712208,Male,9th grade
5.0,61.88431836,Male,9th grade
1.0,77.39416894,Male,9th grade
4.0,34.20904036,Male,9th grade
5.0,98.12484759,Male,9th grade
3.0,79.26538475,Female,9th grade
0.0,1.995243613,Female,9th grade
7.0,65.59480184,Female,10th grade
3.0,90.98325619,Female,9th grade
7.0,96.08586161,Female,9th grade
7.0,99.52835072,Female,9th grade
2.0,17.74504799,Female,9th grade
7.0,92.55508897,Male,10th grade
5.0,16.84718793,Male,10th grade
7.0,33.59273804,Male,10th grade
3.0,99.71576041,Male,10th grade
6.0,27.25450767,Male,11th grade
0.0,69.87171391,Female,10th grade
2.0,90.12912265,Female,10th grade
1.0,44.35698162,Female,10th grade
3.0,84.24782523,Female,10th grade
1.0,96.96674967,Female,10th grade
0.0,79.68910751,Female,10th grade
0.0,95.7337977,Female,10th grade
1.0,95.54589756,Male,12th grade
7.0,82.29706707,Male,12th grade
0.0,52.12369341,Male,12th grade
3.0,94.00826715,Male,12th grade
0.0,78.75181773,Male,12th grade
5.0,47.36951916,Male,12th grade
0.0,53.50194471,Female,12th grade
3.0,92.15061128,Female,12th grade
3.0,78.66079606,Female,12th grade
0.0,72.98083347,Female,12th grade
0.0,77.2533497,Female,12th grade
0.0,71.17721678,Male,11th grade
3.0,90.08387554,Male,10th grade
1.0,96.02199137,Male,10th grade
7.0,65.77971428,Male,10th grade
0.0,35.93437682,Male,12th grade
0.0,99.23678122,Female,10th grade
1.0,10.17641088,Female,10th grade
1.0,98.59757938,Female,10th grade
0.0,90.96310485,Female,12th grade
4.0,24.92124987,Female,10th grade
2.0,98.18275445,Female,10th grade
0.0,95.32824266,Female,10th grade
7.0,86.68831688,Female,10th grade
7.0,85.8088971,Male,9th grade
4.0,89.74246474,Male,10th grade
5.0,83.33327778,Male,10th grade
0.0,93.83727087,Female,10th grade
3.0,83.71367114,Female,10th grade
4.0,97.86592317,Female,12th grade
0.0,93.91743913,Female,9th grade
4.0,95.01983486,Female,11th grade
0.0,3.317083177,Female,12th grade
1.0,50.83565947,Female,10th grade
2.0,3.163642944,Male,11th grade
7.0,89.17579126,Female,11th grade
3.0,97.26640213,Female,11th grade
3.0,99.38244762,Female,11th grade
7.0,62.39033084,Female,11th grade
1.0,75.73428595,Male,11th grade
4.0,33.25918052,Male,11th grade
0.0,44.68713456,Male,11th grade
6.0,32.34534724,Male,10th grade
0.0,93.29839258,Male,10th grade
0.0,91.6123508,Female,10th grade
5.0,76.73558847,Female,10th grade
3.0,0.163056829,Male,10th grade
3.0,97.56644906,Male,9th grade
7.0,76.51833401,Male,9th grade
7.0,87.52960981,Female,9th grade
7.0,96.22518248,Male,12th grade
4.0,78.90543718,Male,12th grade
1.0,97.64439394,Female,12th grade
0.0,81.06271761,Female,12th grade
0.0,43.53539984,Female,10th grade
2.0,1.44629387,Male,10th grade
0.0,23.90166614,Female,10th grade
4.0,3.208522211,Female,10th grade
3.0,97.43594291,Male,10th grade
4.0,84.80186567,Female,10th grade
0.0,65.88575167,Female,11th grade
7.0,68.50243505,Male,10th grade
0.0,87.48967496,Male,10th grade
7.0,48.88769982,Female,11th grade
0.0,99.74421106,Male,9th grade
5.0,37.86086693,Female,10th grade
1.0,73.02521942,Female,9th grade
5.0,58.96570164,Male,10th grade
0.0,39.48701713,Male,10th grade
2.0,57.23154694,Male,12th grade
0.0,50.87045271,Female,10th grade
2.0,75.95876528,Female,10th grade
3.0,35.5438073,Male,11th grade
6.0,8.872856689,Male,11th grade
6.0,24.69556334,Female,12th grade
4.0,69.87171391,Female,11th grade
4.0,40.85216047,Female,11th grade
7.0,67.74230004,Male,12th grade
6.0,21.80091321,Female,11th grade
0.0,69.86952348,Male,11th grade
7.0,64.41690823,Male,11th grade
0.0,27.97089061,Female,11th grade
4.0,63.85013973,Female,11th grade
2.0,46.07997675,Female,11th grade
5.0,97.85982407,Male,11th grade
0.0,40.65345889,Male,11th grade
4.0,60.47945217,Male,11th grade
3.0,54.74126467,Male,12th grade
0.0,30.69589607,Female,12th grade
0.0,15.02405323,Male,12th grade
0.0,97.45386999,Female,12th grade
5.0,99.51599019,Male,10th grade
0.0,2.269521881,Male,10th grade
5.0,69.15980796,Male,9th grade
7.0,23.65339914,Female,10th grade
7.0,89.41877746,Male,9th grade
3.0,97.37935273,Female,10th grade
0.0,50.34303343,Female,9th grade
4.0,47.65563766,Female,10th grade
6.0,96.35496723,Male,10th grade
0.0,16.88933165,Male,10th grade
5.0,48.38799949,Male,10th grade
3.0,89.0685033,Female,9th grade
0.0,98.21567029,Male,12th grade
0.0,58.8744133,Female,10th grade
4.0,82.47558462,Female,9th grade
7.0,78.58439332,Female,9th grade
5.0,43.03984729,Female,10th grade
4.0,42.99301921,Female,9th grade
0.0,86.60513691,Female,10th grade
5.0,99.3637046,Male,10th grade
0.0,74.18674572,Female,9th grade
0.0,66.66855079,Male,9th grade
0.0,59.47446449,Female,9th grade
7.0,61.59783783,Male,9th grade
5.0,67.04361636,Male,9th grade
6.0,27.78101262,Female,9th grade
3.0,62.20949468,Female,9th grade
2.0,79.08474787,Female,9th grade
3.0,98.05959768,Male,9th grade
0.0,96.85187596,Male,9th grade
0.0,98.82685264,Female,9th grade
3.0,93.58023398,Male,9th grade
0.0,98.16111604,Female,9th grade
0.0,92.57640657,Female,11th grade
3.0,98.93821918,Male,10th grade
2.0,79.55835345,Male,12th grade
0.0,95.96310454,Male,12th grade
5.0,81.05888628,Male,12th grade
7.0,62.73354985,Male,12th grade
0.0,44.68713456,Male,12th grade
0.0,58.87622836,Male,11th grade
1.0,65.43917681,Female,10th grade
0.0,91.02864877,Male,10th grade
1.0,70.84066228,Female,10th grade
0.0,89.78692125,Female,9th grade
3.0,97.62845513,Female,10th grade
0.0,98.34548297,Female,10th grade
4.0,92.08257981,Male,11th grade
0.0,84.65510606,Female,9th grade
0.0,99.77508948,Male,10th grade
7.0,48.98596485,Male,11th grade
1.0,35.90122522,Male,10th grade
5.0,71.50005362,Male,9th grade
6.0,58.8744133,Female,9th grade
1.0,98.31199382,Male,9th grade
1.0,57.92472989,Female,9th grade
0.0,98.20009604,Male,11th grade
4.0,53.34483232,Male,9th grade
7.0,2.116976511,Male,9th grade
5.0,76.073881,Male,9th grade
0.0,77.43171083,Male,9th grade
7.0,89.12201202,Male,9th grade
2.0,76.25364444,Female,9th grade
7.0,47.52350758,Female,9th grade
1.0,89.04143096,Male,9th grade
5.0,51.76217381,Female,9th grade
2.0,35.74194696,Male,9th grade
1.0,95.33664298,Male,12th grade
0.0,70.67451976,Female,12th grade
4.0,60.55236073,Female,12th grade
0.0,83.70656699,Male,12th grade
7.0,62.64948057,Male,12th grade
5.0,50.15080785,Male,12th grade
3.0,67.35690955,Female,11th grade
2.0,98.44626292,Female,12th grade
1.0,67.38519263,Male,12th grade
5.0,22.1628726,Female,12th grade
7.0,99.07680255,Female,12th grade
6.0,63.11263253,Male,12th grade
6.0,88.60699523,Female,12th grade
7.0,62.27885472,Male,12th grade
1.0,50.50283383,Male,12th grade
2.0,98.52031356,Female,12th grade
5.0,63.97414542,Female,12th grade
0.0,92.88525817,Male,12th grade
7.0,59.16177798,Female,12th grade
5.0,4.324742377,Female,12th grade
7.0,50.77986766,Female,12th grade
1.0,95.92419084,Female,12th grade
2.0,35.53356949,Female,12th grade
2.0,98.35296905,Male,12th grade
4.0,98.20741258,Male,11th grade
1.0,79.52427005,Male,12th grade
7.0,98.76435381,Male,12th grade
7.0,74.74564032,Female,12th grade
0.0,65.22758067,Male,12th grade
3.0,35.93437682,Male,12th grade
0.0,95.11138194,Female,12th grade
5.0,54.36795158,Male,11th grade
3.0,80.08049978,Female,11th grade
2.0,45.17144028,Female,11th grade
5.0,27.19555899,Male,11th grade
7.0,78.86564821,Male,12th grade
5.0,24.2039299,Male,11th grade
4.0,86.02675338,Female,11th grade
5.0,6.277747928,Male,11th grade
0.0,80.46197592,Female,11th grade
0.0,92.09238408,Female,11th grade
6.0,73.74393215,Male,11th grade
7.0,78.63912229,Male,11th grade
0.0,97.34335901,Female,11th grade
0.0,36.46577286,Female,11th grade
0.0,12.52443009,Female,11th grade
6.0,83.83716201,Male,11th grade
1.0,75.35975743,Male,11th grade
6.0,78.44672535,Male,11th grade
0.0,99.65245791,Female,11th grade
2.0,96.87222741,Male,11th grade
0.0,55.79291405,Male,11th grade
3.0,69.20707098,Male,11th grade
4.0,67.33594521,Male,12th grade
5.0,74.94487901,Male,11th grade
0.0,92.69214213,Male,11th grade
7.0,95.72836219,Male,11th grade
5.0,97.80046288,Female,10th grade
2.0,96.65456993,Female,10th grade
0.0,6.550834406,Male,9th grade
3.0,51.99583271,Male,10th grade
0.0,84.6603164,Male,9th grade
4.0,46.07997675,Female,10th grade
4.0,98.93978344,Female,10th grade
7.0,66.69323011,Male,Other
0.0,92.37266985,Female,10th grade
3.0,86.63687838,Female,10th grade
0.0,72.36104809,Male,10th grade
4.0,93.99149946,Male,10th grade
1.0,98.49023109,Male,10th grade
4.0,57.45496513,Female,11th grade
6.0,61.87699019,Female,10th grade
0.0,0.06525907,Male,10th grade
4.0,22.26134965,Female,10th grade
5.0,52.22408981,Female,10th grade
0.0,52.55947074,Female,10th grade
0.0,89.07168971,Male,10th grade
6.0,75.37896399,Male,10th grade
7.0,47.24873407,Female,10th grade
3.0,44.31252997,Male,10th grade
6.0,16.73999365,Male,10th grade
5.0,78.10688836,Female,9th grade
2.0,64.16336237,Female,9th grade
7.0,74.10960037,Male,9th grade
2.0,24.58192661,Male,9th grade
0.0,96.72530291,Male,9th grade
0.0,65.65602309,Female,9th grade
7.0,87.58455437,Female,9th grade
7.0,88.25238692,Male,9th grade
0.0,95.9884834,Female,9th grade
5.0,36.89716191,Male,9th grade
4.0,94.54022686,Female,9th grade
4.0,94.33475406,Female,9th grade
0.0,98.52483288,Male,9th grade
5.0,6.832610709,Female,9th grade
7.0,30.82641153,Male,9th grade
1.0,0.723429543,Male,9th grade
1.0,56.12393568,Female,10th grade
0.0,25.61350428,Male,10th grade
5.0,50.34303343,Female,10th grade
6.0,92.28868872,Female,10th grade
0.0,61.78523973,Female,10th grade
0.0,62.4058637,Male,10th grade
7.0,75.11573491,Male,10th grade
5.0,81.49793966,Male,10th grade
4.0,59.76694736,Female,10th grade
2.0,67.25314564,Male,10th grade
7.0,45.04484265,Male,10th grade
7.0,61.11298954,Female,10th grade
1.0,97.80538801,Male,10th grade
2.0,99.01615623,Male,10th grade
4.0,91.21895864,Male,9th grade
0.0,55.96980611,Male,10th grade
1.0,99.02759496,Male,10th grade
5.0,88.37481573,Female,10th grade
1.0,97.76952093,Male,12th grade
3.0,85.01319145,Female,11th grade
6.0,48.60810523,Female,11th grade
1.0,77.69452247,Male,10th grade
0.0,66.62027906,Female,11th grade
3.0,97.64270358,Male,11th grade
0.0,7.303658063,Female,11th grade
0.0,50.94605541,Male,11th grade
7.0,88.25294834,Male,11th grade
6.0,54.36682368,Male,11th grade
5.0,77.20364961,Female,10th grade
0.0,68.83070878,Male,11th grade
4.0,87.82188585,Male,11th grade
4.0,94.72887813,Male,11th grade
7.0,98.35326325,Male,11th grade
1.0,56.52032716,Female,11th grade
7.0,86.95492749,Female,11th grade
1.0,27.59648909,Male,12th grade
1.0,3.163642944,Male,11th grade
4.0,99.61298682,Male,11th grade
5.0,98.14634052,Female,11th grade
0.0,99.32553638,Female,11th grade
7.0,81.05888628,Male,12th grade
7.0,34.13848859,Male,12th grade
5.0,99.28127403,Female,12th grade
7.0,72.17401343,Male,12th grade
6.0,66.08178759,Female,12th grade
0.0,92.80500857,Female,12th grade
0.0,26.67157309,Male,12th grade
0.0,88.31735786,Female,12th grade
0.0,90.62652344,Male,12th grade
7.0,55.80107617,Male,12th grade
0.0,83.93195549,Male,12th grade
0.0,99.39049607,Male,12th grade
3.0,99.00522949,Male,12th grade
0.0,75.20878218,Female,12th grade
7.0,96.29686182,Female,12th grade
1.0,99.8297877,Male,9th grade
0.0,87.06574738,Female,9th grade
2.0,97.44866502,Male,9th grade
2.0,97.00895577,Male,9th grade
1.0,6.549892023,Male,9th grade
1.0,25.58698142,Female,9th grade
2.0,33.0342922,Female,9th grade
3.0,14.02708141,Male,9th grade
7.0,94.86641154,Male,9th grade
7.0,24.54883797,Male,9th grade
7.0,81.88567938,Female,9th grade
3.0,84.98825256,Male,9th grade
7.0,13.37560078,Male,9th grade
5.0,36.89716191,Male,9th grade
7.0,57.49278889,Male,9th grade
3.0,98.57936097,Female,9th grade
5.0,56.63244189,Male,9th grade
7.0,63.79345154,Male,9th grade
4.0,50.92663349,Female,9th grade
0.0,48.23109301,Female,9th grade
7.0,58.10402513,Male,9th grade
4.0,89.69969835,Male,9th grade
3.0,15.87988322,Female,9th grade
2.0,47.22319469,Male,9th grade
5.0,67.85584641,Female,9th grade
7.0,25.66497134,Male,9th grade
7.0,73.59778515,Male,9th grade
0.0,43.5483394,Female,9th grade
7.0,44.83146804,Female,9th grade
5.0,41.16151426,Male,9th grade
3.0,44.92105057,Female,9th grade
5.0,42.79220671,Male,9th grade
1.0,91.85340256,Male,9th grade
5.0,71.40661886,Female,9th grade
5.0,89.69969835,Male,9th grade
4.0,47.57670396,Female,10th grade
3.0,75.95876528,Female,10th grade
3.0,15.98973041,Female,10th grade
0.0,19.42938001,Female,10th grade
5.0,31.07256054,Male,10th grade
0.0,35.48942561,Female,10th grade
6.0,74.72220037,Male,10th grade
5.0,82.40076803,Male,10th grade
6.0,44.42268346,Female,10th grade
5.0,26.01707526,Female,10th grade
5.0,89.73469411,Male,10th grade
7.0,56.12875598,Female,10th grade
4.0,9.60866394,Female,10th grade
2.0,87.16521278,Male,10th grade
5.0,44.29519256,Female,10th grade
3.0,84.80186567,Female,10th grade
4.0,71.98123934,Female,10th grade
3.0,96.23617059,Male,10th grade
7.0,7.990342823,Male,10th grade
0.0,57.90305435,Female,10th grade
3.0,77.74149951,Female,10th grade
5.0,84.24782523,Female,10th grade
7.0,87.88705497,Male,10th grade
4.0,63.80400179,Male,10th grade
5.0,83.06926617,Female,10th grade
5.0,18.96353487,Female,10th grade
3.0,80.58920192,Female,10th grade
4.0,64.15249188,Female,10th grade
1.0,42.90537454,Female,10th grade
2.0,3.021993421,Male,10th grade
7.0,53.24794021,Male,10th grade
2.0,38.13469566,Male,12th grade
3.0,73.30661232,Male,12th grade
7.0,34.13848859,Male,12th grade
2.0,36.77205694,Female,12th grade
2.0,84.98900652,Male,12th grade
2.0,30.69589607,Female,12th grade
2.0,80.50659742,Male,12th grade
1.0,27.97089061,Female,12th grade
2.0,46.75078327,Female,12th grade
2.0,18.12467121,Male,12th grade
4.0,90.14559912,Male,12th grade
2.0,40.07525181,Male,12th grade
3.0,54.63077194,Male,11th grade
5.0,40.5504485,Male,12th grade
6.0,21.5848941,Female,12th grade
5.0,29.93458107,Female,12th grade
3.0,37.68315042,Female,12th grade
5.0,52.96298965,Male,12th grade
5.0,64.47468905,Female,12th grade
1.0,40.85216047,Female,12th grade
7.0,28.59861823,Male,12th grade
2.0,24.60515146,Female,12th grade
7.0,90.38448819,Male,12th grade
2.0,87.48054788,Female,12th grade
5.0,35.04876286,Female,12th grade
3.0,65.43024833,Female,12th grade
7.0,25.53869483,Male,12th grade
7.0,79.30626093,Male,12th grade
7.0,29.36620695,Male,12th grade
4.0,90.64452032,Male,12th grade
0.0,17.21244391,Male,12th grade
3.0,70.48463174,Male,9th grade
0.0,94.44535475,Male,9th grade
4.0,77.03242539,Male,9th grade
3.0,8.449771666,Male,9th grade
3.0,81.88920139,Male,9th grade
7.0,90.51954947,Male,9th grade
4.0,28.26930783,Male,9th grade
2.0,52.69557073,Male,9th grade
7.0,63.48927185,Male,9th grade
2.0,81.34442212,Male,9th grade
4.0,10.55214112,Male,10th grade
1.0,57.63778505,Male,9th grade
1.0,14.02708141,Male,9th grade
7.0,6.813762243,Male,9th grade
7.0,44.90069615,Male,9th grade
0.0,92.7316793,Male,9th grade
2.0,98.541742,Male,9th grade
2.0,78.81888198,Male,10th grade
5.0,63.50973543,Male,9th grade
7.0,2.286363367,Male,9th grade
5.0,29.22517342,Male,9th grade
1.0,95.54046817,Male,9th grade
5.0,76.99220572,Male,9th grade
4.0,27.00314433,Male,9th grade
2.0,67.76375332,Male,9th grade
3.0,89.41503623,Male,9th grade
5.0,75.92774157,Male,9th grade
2.0,91.47557042,Male,9th grade
4.0,99.70523543,Male,9th grade
7.0,54.04791735,Male,9th grade
3.0,98.62043053,Male,9th grade
6.0,91.24809692,Male,9th grade
0.0,97.21392691,Male,9th grade
7.0,98.60776394,Male,9th grade
1.0,16.19086775,Male,9th grade
0.0,69.92252375,Male,9th grade
1.0,97.68265735,Male,9th grade
3.0,98.54569735,Male,9th grade
2.0,47.68592505,Male,9th grade
3.0,53.55741993,Male,9th grade
1.0,83.38854727,Male,9th grade
3.0,93.77170127,Male,9th grade
3.0,47.7153177,Male,9th grade
0.0,81.96841613,Male,9th grade
5.0,55.87052367,Male,9th grade
5.0,15.38208801,Male,10th grade
4.0,92.21898657,Male,10th grade
2.0,87.46561902,Male,10th grade
0.0,93.42294073,Male,10th grade
0.0,90.49868957,Male,10th grade
3.0,67.69790814,Male,10th grade
5.0,79.52653902,Male,10th grade
1.0,93.79838032,Male,10th grade
2.0,78.52329339,Male,11th grade
5.0,73.71563971,Male,11th grade
1.0,94.06597749,Male,11th grade
3.0,96.57697985,Male,11th grade
3.0,71.48793047,Male,11th grade
0.0,29.60026154,Male,11th grade
7.0,74.42424318,Male,11th grade
2.0,97.99123969,Male,11th grade
6.0,67.40138889,Male,11th grade
2.0,32.35454194,Male,11th grade
3.0,34.47387616,Male,11th grade
2.0,66.71134102,Male,11th grade
2.0,25.58313701,Male,11th grade
7.0,97.16639571,Male,11th grade
7.0,87.55713913,Male,11th grade
0.0,96.82674473,Male,11th grade
0.0,88.76931227,Male,11th grade
0.0,27.90530303,Male,11th grade
6.0,18.94191976,Male,11th grade
2.0,99.36422152,Male,11th grade
7.0,18.69230858,Female,9th grade
2.0,97.76966685,Male,9th grade
7.0,29.3303229,Female,9th grade
3.0,45.93869755,Female,9th grade
3.0,91.74685066,Male,9th grade
7.0,63.48927185,Male,9th grade
2.0,99.299729,Female,9th grade
6.0,40.55138048,Female,9th grade
5.0,92.25376141,Male,9th grade
3.0,72.40481299,Female,9th grade
0.0,50.11612649,Female,9th grade
0.0,64.31423808,Female,9th grade
3.0,66.25080662,Female,9th grade
3.0,56.0328903,Female,9th grade
4.0,62.95970228,Female,9th grade
5.0,52.55947074,Female,9th grade
3.0,39.52546742,Female,9th grade
7.0,97.78816234,Male,9th grade
4.0,40.12824976,Female,9th grade
2.0,95.9501042,Male,9th grade
2.0,41.48406277,Male,9th grade
7.0,90.16098873,Male,9th grade
7.0,95.14362569,Male,9th grade
3.0,46.66948125,Female,9th grade
1.0,98.78881167,Male,9th grade
7.0,72.54487901,Female,9th grade
3.0,62.34302909,Female,9th grade
0.0,45.87527465,Female,9th grade
0.0,56.12875598,Female,10th grade
0.0,95.98200475,Female,10th grade
3.0,87.26940456,Female,10th grade
7.0,28.26930783,Male,10th grade
3.0,96.07347424,Male,10th grade
2.0,54.04791735,Male,10th grade
7.0,86.63687838,Female,10th grade
1.0,76.03563955,Male,10th grade
3.0,88.02616032,Male,10th grade
2.0,97.57620271,Female,10th grade
2.0,7.681675564,Female,10th grade
2.0,30.05030535,Female,10th grade
1.0,27.48917336,Female,10th grade
2.0,55.2253558,Female,10th grade
1.0,67.48018081,Female,10th grade
2.0,75.39423481,Female,10th grade
3.0,92.61569365,Male,10th grade
5.0,97.30692853,Male,10th grade
7.0,41.29710255,Male,10th grade
3.0,86.3768893,Female,10th grade
7.0,90.51467987,Male,10th grade
5.0,41.9402773,Male,10th grade
4.0,61.00492226,Male,10th grade
7.0,81.98085734,Female,10th grade
7.0,86.48349966,Male,10th grade
1.0,94.01746926,Female,10th grade
5.0,96.82674473,Male,10th grade
0.0,58.53747904,Female,11th grade
7.0,89.59371679,Male,11th grade
7.0,78.81888198,Male,11th grade
6.0,99.11493832,Male,11th grade
7.0,23.38379549,Female,11th grade
5.0,20.75227445,Female,12th grade
5.0,98.60574303,Female,11th grade
3.0,70.67451976,Female,11th grade
0.0,71.27637135,Female,11th grade
4.0,75.41427172,Male,11th grade
4.0,4.627047922,Male,11th grade
3.0,39.15407437,Male,11th grade
1.0,82.19258456,Female,11th grade
3.0,8.11060957,Female,11th grade
6.0,92.64886231,Male,11th grade
7.0,97.9086358,Male,11th grade
1.0,7.841710514,Female,11th grade
7.0,99.18115262,Male,12th grade
5.0,48.80118201,Female,11th grade
3.0,74.77496983,Female,11th grade
5.0,81.09092045,Female,11th grade
4.0,97.54438547,Male,11th grade
7.0,88.52876429,Female,12th grade
5.0,92.49213082,Male,12th grade
7.0,60.7517877,Female,12th grade
7.0,86.28807602,Female,12th grade
6.0,67.24002801,Female,12th grade
2.0,94.42898259,Female,12th grade
5.0,70.54981067,Male,12th grade
5.0,83.09080929,Female,12th grade
7.0,14.85540624,Female,12th grade
0.0,57.52992298,Male,12th grade
7.0,35.83926384,Female,12th grade
7.0,89.65849187,Male,12th grade
7.0,90.83184734,Female,12th grade
7.0,92.48084439,Male,12th grade
0.0,47.13837771,Male,12th grade
2.0,87.2995446,Male,12th grade
5.0,35.49579446,Male,12th grade
3.0,95.87732663,Female,12th grade
3.0,93.65518174,Male,12th grade
3.0,38.60495566,Female,12th grade
2.0,53.97209878,Male,12th grade
0.0,6.456082686,Female,12th grade
0.0,62.19393818,Female,9th grade
2.0,89.34879347,Female,9th grade
2.0,95.37037505,Male,9th grade
2.0,86.04575277,Male,9th grade
2.0,64.69803714,Male,9th grade
1.0,85.38922129,Female,9th grade
2.0,18.56271072,Female,9th grade
2.0,96.21949411,Male,9th grade
0.0,42.63682854,Female,9th grade
7.0,95.99717532,Female,9th grade
5.0,41.48406277,Male,9th grade
3.0,89.22539268,Female,9th grade
4.0,67.16680562,Female,9th grade
7.0,80.60732158,Female,9th grade
2.0,85.25076927,Female,9th grade
1.0,96.67984857,Female,10th grade
7.0,70.88675003,Male,10th grade
1.0,60.08541031,Male,10th grade
7.0,41.49272193,Male,10th grade
7.0,81.5523064,Male,10th grade
0.0,99.09294248,Female,10th grade
0.0,92.41928342,Female,10th grade
0.0,9.166422739,Female,10th grade
2.0,75.38267157,Female,10th grade
2.0,92.0955763,Male,10th grade
0.0,35.43738756,Female,10th grade
2.0,78.13156862,Female,10th grade
3.0,77.86602504,Female,10th grade
2.0,82.96083327,Female,10th grade
4.0,82.39128986,Female,10th grade
2.0,55.49169732,Female,10th grade
7.0,79.91759064,Male,10th grade
0.0,85.47640925,Female,10th grade
1.0,99.10952489,Male,10th grade
2.0,37.69752711,Female,10th grade
7.0,98.75115036,Female,9th grade
3.0,64.26150224,Male,9th grade
4.0,30.2601081,Female,9th grade
7.0,65.58263372,Male,9th grade
1.0,85.38922129,Female,9th grade
0.0,98.13004196,Female,9th grade
7.0,26.14959455,Male,9th grade
4.0,89.22539268,Female,9th grade
4.0,75.68396476,Female,9th grade
1.0,95.42042524,Female,9th grade
7.0,83.06926617,Female,9th grade
5.0,80.10061405,Female,9th grade
7.0,86.21712684,Male,9th grade
2.0,30.82641153,Male,9th grade
7.0,95.74665373,Male,10th grade
6.0,92.39337265,Male,10th grade
1.0,33.25918052,Male,10th grade
1.0,95.41758153,Male,10th grade
5.0,96.70666463,Female,10th grade
7.0,98.86253946,Male,10th grade
7.0,81.25482362,Male,11th grade
0.0,84.71523724,Female,10th grade
5.0,98.44293573,Male,11th grade
0.0,96.72304434,Female,10th grade
7.0,58.18521241,Male,10th grade
2.0,58.167767,Male,10th grade
7.0,83.38004367,Male,10th grade
6.0,68.89675458,Male,10th grade
5.0,89.05760213,Male,10th grade
1.0,97.57939704,Male,10th grade
7.0,20.56534845,Male,10th grade
7.0,98.6614814,Male,10th grade
2.0,41.22700408,Female,10th grade
2.0,96.12554764,Male,9th grade
5.0,36.20974188,Male,9th grade
3.0,83.39097678,Female,9th grade
7.0,60.75872902,Female,9th grade
2.0,19.7637692,Male,9th grade
4.0,31.73092703,Male,9th grade
7.0,52.12121908,Male,9th grade
4.0,23.68951218,Male,9th grade
5.0,39.83290293,Male,9th grade
3.0,17.33603611,Female,9th grade
7.0,14.0495833,Male,9th grade
5.0,92.76606871,Male,9th grade
3.0,31.08786145,Male,9th grade
0.0,68.46914024,Male,9th grade
7.0,48.66934789,Male,9th grade
1.0,86.05632028,Female,9th grade
1.0,97.92431986,Female,9th grade
1.0,24.7571985,Male,9th grade
7.0,54.04791735,Male,9th grade
7.0,59.02079621,Female,9th grade
7.0,65.30556353,Male,9th grade
0.0,94.8054205,Male,11th grade
1.0,89.1085597,Male,11th grade
5.0,61.05151517,Female,10th grade
0.0,99.38690541,Male,11th grade
3.0,99.45075432,Male,12th grade
7.0,72.03344585,Male,12th grade
1.0,16.31431911,Female,11th grade
0.0,92.68923451,Female,11th grade
7.0,21.39839945,Male,11th grade
7.0,14.85540624,Female,11th grade
1.0,81.37544358,Female,11th grade
5.0,70.67451976,Female,11th grade
7.0,50.27447135,Male,11th grade
7.0,48.32468565,Male,11th grade
1.0,99.31510649,Female,11th grade
7.0,51.77995186,Male,11th grade
0.0,96.42850179,Female,11th grade
1.0,92.26251615,Male,11th grade
2.0,97.37142218,Male,11th grade
5.0,38.13969216,Female,11th grade
1.0,99.24097743,Male,11th grade
0.0,22.00897479,Female,11th grade
6.0,96.58902022,Male,11th grade
5.0,51.62074,Female,11th grade
6.0,38.18531901,Male,11th grade
4.0,89.08334673,Male,11th grade
5.0,84.28101485,Female,11th grade
3.0,33.3792411,Female,11th grade
0.0,77.17514356,Male,11th grade
4.0,96.39064078,Male,11th grade
0.0,51.80247465,Female,10th grade
3.0,77.04936127,Female,11th grade
0.0,38.42613501,Female,11th grade
3.0,99.2317954,Male,11th grade
2.0,60.51961267,Female,12th grade
0.0,63.62393402,Female,12th grade
2.0,18.46336599,Female,12th grade
2.0,92.95131637,Female,12th grade
5.0,98.12632662,Male,11th grade
2.0,85.59734476,Female,11th grade
4.0,54.236927,Male,12th grade
3.0,74.79862377,Male,12th grade
0.0,84.79922772,Female,11th grade
7.0,67.50042545,Female,10th grade
0.0,40.06845332,Male,12th grade
0.0,68.45822829,Male,12th grade
5.0,37.9713165,Female,12th grade
1.0,79.92192149,Male,10th grade
7.0,60.52327398,Female,10th grade
1.0,60.51961267,Female,12th grade
7.0,29.69965869,Male,12th grade
2.0,70.79270495,Female,12th grade
0.0,20.56260973,Male,12th grade
0.0,62.27885472,Male,12th grade
5.0,73.34615457,Female,12th grade
0.0,93.21219504,Female,12th grade
5.0,73.97695278,Male,12th grade
7.0,43.19281437,Female,12th grade
4.0,35.04876286,Female,12th grade
0.0,34.78983709,Female,12th grade
5.0,84.45708051,Female,12th grade
1.0,61.0178051,Female,12th grade
3.0,73.30661232,Male,12th grade
0.0,70.18223825,Male,12th grade
2.0,59.01721944,Female,12th grade
1.0,81.63658484,Female,12th grade
3.0,15.03602511,Male,12th grade
4.0,60.40220895,Male,12th grade
2.0,13.16010488,Female,12th grade
4.0,14.88322354,Male,12th grade
3.0,47.13837771,Male,12th grade
1.0,38.28666864,Female,12th grade
3.0,1.2e-05,Male,12th grade
7.0,83.00518796,Male,12th grade
0.0,96.0698293,Male,12th grade
0.0,34.47387616,Male,12th grade
0.0,86.28807602,Female,12th grade
1.0,74.45590053,Male,12th grade
1.0,86.02675338,Female,11th grade
3.0,71.88874208,Female,11th grade
5.0,82.25847651,Male,11th grade
0.0,23.27938498,Female,11th grade
7.0,56.70641945,Male,11th grade
7.0,19.12650374,Female,11th grade
0.0,79.988968,Female,11th grade
3.0,98.66378419,Female,11th grade
3.0,61.46573111,Male,11th grade
5.0,23.65339914,Female,11th grade
1.0,42.12549278,Male,12th grade
2.0,58.2330153,Female,11th grade
7.0,31.37615111,Male,11th grade
4.0,74.42424318,Male,11th grade
6.0,75.42432038,Female,11th grade
3.0,5.304662433,Female,11th grade
1.0,19.12650374,Female,11th grade
1.0,96.13778319,Male,12th grade
5.0,63.43400792,Male,11th grade
7.0,74.43648056,Male,12th grade
4.0,68.83070878,Male,11th grade
4.0,66.62027906,Female,11th grade
7.0,79.33060522,Male,12th grade
5.0,77.37484117,Female,12th grade
6.0,66.4459773,Male,12th grade
7.0,43.26413848,Male,12th grade
0.0,3.181100063,Male,12th grade
6.0,19.47297454,Female,12th grade
6.0,7.731494319,Male,12th grade
7.0,64.73433168,Female,12th grade
6.0,39.39239835,Female,12th grade
2.0,36.41834536,Female,12th grade
5.0,51.7428672,Male,12th grade
4.0,44.74611168,Female,12th grade
0.0,48.2108669,Male,12th grade
7.0,4.510289773,Female,12th grade
2.0,90.27931362,Female,12th grade
1.0,29.93458107,Female,12th grade
6.0,40.07525181,Male,12th grade
5.0,86.58677976,Male,12th grade
5.0,65.37396489,Male,12th grade
6.0,76.3857129,Male,12th grade
0.0,9.023939741,Female,12th grade
1.0,9.128909438,Male,10th grade
5.0,48.32468565,Male,10th grade
7.0,78.81888198,Male,10th grade
7.0,54.76825471,Male,10th grade
7.0,50.78272854,Female,10th grade
3.0,77.04936127,Female,11th grade
3.0,8.776643466,Female,10th grade
3.0,31.07256054,Male,10th grade
5.0,28.98077035,Male,10th grade
5.0,42.53225571,Female,10th grade
0.0,84.50209709,Female,10th grade
3.0,6.915720496,Female,10th grade
7.0,86.04369621,Female,10th grade
4.0,62.34594798,Female,10th grade
7.0,67.35761931,Female,10th grade
1.0,74.22155378,Female,10th grade
5.0,88.42538193,Male,10th grade
7.0,56.67898027,Male,10th grade
7.0,58.8744133,Female,10th grade
1.0,7.795843149,Male,10th grade
7.0,22.5309248,Male,9th grade
7.0,96.94913323,Female,9th grade
7.0,79.44842029,Female,9th grade
5.0,68.25363425,Female,9th grade
4.0,93.9072722,Male,9th grade
3.0,87.50167897,Male,9th grade
5.0,9.48177789,Male,9th grade
5.0,49.78650358,Female,9th grade
6.0,54.02499158,Female,9th grade
5.0,54.04141112,Female,9th grade
5.0,69.88257682,Female,9th grade
5.0,82.7490864,Female,9th grade
7.0,23.4196627,Female,9th grade
6.0,50.87045271,Female,9th grade
1.0,53.1374135,Female,9th grade
6.0,52.16728949,Male,9th grade
6.0,23.37942313,Female,9th grade
7.0,78.10688836,Female,9th grade
6.0,15.98973041,Female,9th grade
7.0,34.14721278,Female,9th grade
4.0,8.776643466,Female,9th grade
3.0,78.44672535,Male,12th grade
5.0,31.37615111,Male,10th grade
0.0,37.15454994,Female,10th grade
5.0,21.80091321,Female,10th grade
1.0,65.52232649,Female,10th grade
1.0,40.79455963,Female,10th grade
5.0,56.4762692,Female,10th grade
5.0,68.73980755,Male,10th grade
6.0,93.73930231,Male,10th grade
4.0,40.53775276,Female,10th grade
4.0,53.57522816,Male,10th grade
7.0,56.39010442,Male,10th grade
6.0,44.29519256,Female,10th grade
2.0,7.841710514,Female,11th grade
2.0,25.53707289,Female,12th grade
6.0,42.90615422,Male,12th grade
4.0,45.68833421,Female,11th grade
3.0,67.65550199,Female,12th grade
4.0,65.99443629,Male,12th grade
7.0,81.38947366,Male,12th grade
2.0,36.17262129,Male,12th grade
5.0,78.44672535,Male,11th grade
6.0,47.24873407,Female,11th grade
7.0,84.98607351,Male,12th grade
3.0,62.27885472,Male,11th grade
2.0,19.47297454,Female,12th grade
6.0,92.89311851,Male,12th grade
5.0,65.88575167,Female,11th grade
5.0,95.38743482,Male,12th grade
6.0,61.78523973,Female,11th grade
3.0,82.19258456,Female,11th grade
2.0,14.85540624,Female,11th grade
5.0,27.90530303,Male,11th grade
4.0,62.8727162,Female,12th grade
5.0,93.133314,Male,12th grade
7.0,32.67138795,Female,12th grade
6.0,61.12521977,Male,12th grade
5.0,8.494846263,Female,11th grade
6.0,49.24241133,Female,11th grade
5.0,47.18050149,Male,12th grade
4.0,49.0050896,Male,11th grade
1.0,77.04936127,Female,11th grade
5.0,3.453912507,Female,11th grade
1.0,7.944241411,Female,12th grade
3.0,68.17556258,Male,12th grade
6.0,32.04763915,Female,12th grade
5.0,41.49272193,Male,11th grade
7.0,45.66375002,Male,12th grade
7.0,56.79061795,Female,11th grade
4.0,86.75513236,Female,12th grade
7.0,79.36575134,Male,12th grade
3.0,99.56555788,Male,12th grade
5.0,27.90530303,Male,12th grade
7.0,87.97639476,Male,11th grade
4.0,19.64801236,Male,12th grade
3.0,47.46633613,Female,12th grade
0.0,63.52384541,Female,11th grade
0.0,95.09190628,Male,11th grade
2.0,87.00265796,Female,12th grade
4.0,19.12650374,Female,11th grade
4.0,77.20364961,Female,11th grade
0.0,28.6085372,Male,11th grade
2.0,79.456875,Female,11th grade
4.0,79.81648603,Female,9th grade
2.0,74.10960037,Male,9th grade
7.0,80.88250689,Male,9th grade
7.0,33.68131573,Male,9th grade
0.0,63.50973543,Male,9th grade
4.0,22.68701278,Male,9th grade
5.0,20.85281344,Male,9th grade
6.0,30.10853564,Male,9th grade
7.0,56.87564883,Female,9th grade
7.0,48.07066702,Male,9th grade
5.0,58.8744133,Female,9th grade
6.0,38.39708658,Female,9th grade
7.0,54.82320838,Female,9th grade
6.0,15.51421027,Male,9th grade
3.0,37.93399836,Female,9th grade
4.0,57.42808938,Female,9th grade
6.0,50.87045271,Female,9th grade
3.0,47.95897712,Male,9th grade
6.0,57.7634963,Male,9th grade
4.0,44.20984751,Male,9th grade
7.0,26.55639437,Female,9th grade
1.0,77.65469287,Female,9th grade
7.0,68.38112974,Male,9th grade
5.0,30.97488641,Female,9th grade
0.0,24.92124987,Female,9th grade
5.0,75.11573491,Male,9th grade
7.0,91.12468797,Female,9th grade
7.0,80.23979021,Male,9th grade
